{
    "model": [
        "ckTIMkAN"
    ],
    "epoch": [
        0,
        1,
        2,
        3,
        4,
        5,
        6,
        7,
        8,
        9,
        10,
        11,
        12,
        13,
        14,
        15,
        16,
        17,
        18,
        19,
        20,
        21,
        22,
        23,
        24,
        25,
        26,
        27,
        28,
        29,
        30,
        31,
        32,
        33,
        34,
        35,
        36,
        37,
        38,
        39,
        40,
        41,
        42,
        43,
        44,
        45,
        46,
        47,
        48,
        49,
        50,
        51,
        52,
        53,
        54,
        55,
        56,
        57,
        58,
        59,
        60,
        61,
        62,
        63,
        64,
        65,
        66,
        67,
        68,
        69,
        70,
        71,
        72,
        73,
        74,
        75,
        76,
        77,
        78,
        79,
        80,
        81,
        82,
        83,
        84,
        85,
        86,
        87,
        88,
        89,
        90,
        91,
        92,
        93,
        94,
        95,
        96,
        97,
        98,
        99
    ],
    "loss": [
        2338.8276715959823,
        1241.6373901367188,
        1302.919424874442,
        1410.1910749162946,
        1017.9375959123884,
        1113.5862949916295,
        1410.9453299386162,
        1098.9099905831474,
        700.3831438337054,
        765.3980015345982,
        554.8229108537946,
        441.5864562988281,
        466.2420087541853,
        517.6504211425781,
        561.8763602120536,
        371.92317635672435,
        392.8414524623326,
        338.3490644182478,
        310.36656188964844,
        343.74888392857144,
        292.9700448172433,
        272.0736868722098,
        327.8091016496931,
        324.2989741734096,
        394.47108677455356,
        315.96729823521207,
        332.6525181361607,
        340.0498482840402,
        373.02168709891185,
        292.2259281703404,
        463.13155473981584,
        353.4946299961635,
        293.76616341727123,
        316.7868892124721,
        220.40352957589286,
        330.7815955025809,
        307.38142830984935,
        239.9962899344308,
        286.7605460030692,
        354.7991856166295,
        276.0750470842634,
        260.1671229771205,
        264.77549961635043,
        337.5450679234096,
        375.06189618791853,
        232.88311331612724,
        232.4427773611886,
        312.2556828090123,
        235.50603812081474,
        198.2436261858259,
        298.4157932826451,
        261.28345816476,
        224.05183846609933,
        226.91431318010603,
        228.22562517438615,
        196.3352552141462,
        214.89862278529577,
        276.63594491141185,
        289.19094630650113,
        255.95021057128906,
        268.93213326590404,
        234.4942125592913,
        269.9474400111607,
        325.15771048409596,
        279.79242052350725,
        248.69853973388672,
        234.81861441476005,
        249.04683358328683,
        207.30533054896765,
        269.75146484375,
        228.14260864257812,
        256.9667707170759,
        221.4111110142299,
        250.58951241629464,
        278.1546369280134,
        214.17829241071428,
        335.3956037248884,
        255.579585484096,
        206.17289515904017,
        245.58082580566406,
        262.4003688267299,
        234.8719024658203,
        229.47625950404577,
        223.8424312046596,
        250.052734375,
        252.47705732073103,
        249.92174203055245,
        313.40858677455356,
        253.36842564174108,
        245.58573041643416,
        311.11149161202565,
        243.2370322091239,
        185.8591537475586,
        261.3131626674107,
        248.48575483049666,
        205.9045126778739,
        285.6835675920759,
        233.14003426688058,
        252.0389665876116,
        229.02610778808594
    ],
    "accuracy": [
        0.13054187192118227,
        0.2019704433497537,
        0.19950738916256158,
        0.21921182266009853,
        0.2660098522167488,
        0.21182266009852216,
        0.19950738916256158,
        0.2315270935960591,
        0.2684729064039409,
        0.18719211822660098,
        0.270935960591133,
        0.270935960591133,
        0.3472906403940887,
        0.27586206896551724,
        0.2733990147783251,
        0.33497536945812806,
        0.3226600985221675,
        0.3448275862068966,
        0.35714285714285715,
        0.31773399014778325,
        0.39408866995073893,
        0.3768472906403941,
        0.3768472906403941,
        0.37438423645320196,
        0.3399014778325123,
        0.33251231527093594,
        0.3645320197044335,
        0.3251231527093596,
        0.31773399014778325,
        0.41625615763546797,
        0.2955665024630542,
        0.34236453201970446,
        0.3842364532019704,
        0.3694581280788177,
        0.4014778325123153,
        0.3497536945812808,
        0.37192118226600984,
        0.35467980295566504,
        0.41379310344827586,
        0.3448275862068966,
        0.3916256157635468,
        0.3645320197044335,
        0.37438423645320196,
        0.37192118226600984,
        0.34236453201970446,
        0.41625615763546797,
        0.3916256157635468,
        0.39655172413793105,
        0.39901477832512317,
        0.4211822660098522,
        0.35467980295566504,
        0.41133004926108374,
        0.43349753694581283,
        0.39408866995073893,
        0.42857142857142855,
        0.4433497536945813,
        0.42857142857142855,
        0.37192118226600984,
        0.35467980295566504,
        0.41379310344827586,
        0.4088669950738916,
        0.4236453201970443,
        0.3817733990147783,
        0.3817733990147783,
        0.3916256157635468,
        0.42857142857142855,
        0.43596059113300495,
        0.35467980295566504,
        0.42610837438423643,
        0.39408866995073893,
        0.45073891625615764,
        0.4088669950738916,
        0.37192118226600984,
        0.3793103448275862,
        0.4014778325123153,
        0.4408866995073892,
        0.3817733990147783,
        0.3793103448275862,
        0.43349753694581283,
        0.3793103448275862,
        0.41379310344827586,
        0.4088669950738916,
        0.4064039408866995,
        0.43349753694581283,
        0.4064039408866995,
        0.4014778325123153,
        0.41379310344827586,
        0.4014778325123153,
        0.4211822660098522,
        0.3866995073891626,
        0.4039408866995074,
        0.4064039408866995,
        0.46798029556650245,
        0.3669950738916256,
        0.39901477832512317,
        0.43103448275862066,
        0.3916256157635468,
        0.4039408866995074,
        0.39655172413793105,
        0.41379310344827586
    ],