{
    "model": [
        "TIM"
    ],
    "epoch": [
        0,
        1,
        2,
        3,
        4,
        5,
        6,
        7,
        8,
        9,
        10,
        11,
        12,
        13,
        14,
        15,
        16,
        17,
        18,
        19,
        20,
        21,
        22,
        23,
        24,
        25,
        26,
        27,
        28,
        29,
        30,
        31,
        32,
        33,
        34,
        35,
        36,
        37,
        38,
        39,
        40,
        41,
        42,
        43,
        44,
        45,
        46,
        47,
        48,
        49,
        50,
        51,
        52,
        53,
        54,
        55,
        56,
        57,
        58,
        59,
        60,
        61,
        62,
        63,
        64,
        65,
        66,
        67,
        68,
        69,
        70,
        71,
        72,
        73,
        74,
        75,
        76,
        77,
        78,
        79,
        80,
        81,
        82,
        83,
        84,
        85,
        86,
        87,
        88,
        89,
        90,
        91,
        92,
        93,
        94,
        95,
        96,
        97,
        98,
        99
    ],
    "loss": [
        19.05742359161377,
        8.425228800092425,
        4.374316896711077,
        2.9764676094055176,
        2.5591799531664168,
        2.18556318964277,
        1.928611465862819,
        2.0413129329681396,
        1.678356681551252,
        1.807594588824681,
        1.6829807928630285,
        1.5119753905705042,
        1.4382057360240392,
        1.4706251450947352,
        1.390248145375933,
        1.310482178415571,
        1.2802899054118566,
        1.327541743006025,
        1.2893314872469221,
        1.287363886833191,
        1.2174554892948695,
        1.1694339088031225,
        1.1655068397521973,
        1.1581574508122034,
        1.146948048046657,
        1.1733365569795882,
        1.0692013502120972,
        1.09924293415887,
        1.1062383481434412,
        1.1064224583762032,
        1.0793354340962,
        1.0602390255246843,
        1.0465413587433952,
        1.0843277318137032,
        1.0412563851901464,
        1.1004082305090768,
        1.0779157025473458,
        1.0868533509118217,
        1.0712881684303284,
        1.0989225591932024,
        1.0225879975727625,
        1.085358704839434,
        1.0725397893360682,
        1.0825402225766863,
        1.0736298390797205,
        1.148447803088597,
        1.0961247001375471,
        1.1082161664962769,
        1.042550035885402,
        1.0403586966650826,
        1.1008308274405343,
        1.0750181845256261,
        1.0406116247177124,
        1.0711746386119299,
        1.0427219016211373,
        1.0278029526982988,
        1.0611816133771623,
        1.027409783431462,
        1.112184797014509,
        1.0468412382262093,
        1.0603055443082536,
        1.0377507635525294,
        1.0790644458362035,
        1.0957927874156408,
        1.068023988178798,
        1.0538017068590437,
        1.0258193101201738,
        0.9934345143181937,
        1.0685112731797355,
        1.066293980394091,
        1.036842703819275,
        1.039885061127799,
        1.0113311154501778,
        1.068121143749782,
        1.0479124273572649,
        1.0238401549203056,
        1.0505950536046709,
        1.089458772114345,
        1.0612655537469047,
        1.042887806892395,
        1.0616282650402613,
        1.066791525908879,
        1.0611691389765059,
        0.9968236514500209,
        1.02331565959113,
        1.060104319027492,
        1.054674242224012,
        1.1303024973188127,
        1.03481582232884,
        1.0384630135127477,
        1.1300813470567976,
        1.0214917659759521,
        1.0511649676731654,
        1.05367146219526,
        1.0079173360552107,
        1.073426570211138,
        1.0391309091023035,
        1.0509615795952933,
        1.0683856351034982,
        1.0587762083326067
    ],
    "accuracy": [
        0.11822660098522167,
        0.20935960591133004,
        0.26108374384236455,
        0.21921182266009853,
        0.30049261083743845,
        0.33004926108374383,
        0.35960591133004927,
        0.3793103448275862,
        0.4482758620689655,
        0.43842364532019706,
        0.458128078817734,
        0.49261083743842365,
        0.5517241379310345,
        0.5246305418719212,
        0.5763546798029556,
        0.5862068965517241,
        0.583743842364532,
        0.5960591133004927,
        0.6231527093596059,
        0.6083743842364532,
        0.6527093596059114,
        0.6724137931034483,
        0.6600985221674877,
        0.729064039408867,
        0.687192118226601,
        0.6724137931034483,
        0.7216748768472906,
        0.7118226600985221,
        0.6945812807881774,
        0.7167487684729064,
        0.7463054187192119,
        0.729064039408867,
        0.7142857142857143,
        0.7068965517241379,
        0.7315270935960592,
        0.7068965517241379,
        0.7044334975369458,
        0.7487684729064039,
        0.729064039408867,
        0.6896551724137931,
        0.7561576354679803,
        0.7216748768472906,
        0.7192118226600985,
        0.7339901477832512,
        0.7241379310344828,
        0.7044334975369458,
        0.6995073891625616,
        0.7192118226600985,
        0.7536945812807881,
        0.7339901477832512,
        0.6995073891625616,
        0.7413793103448276,
        0.7512315270935961,
        0.7315270935960592,
        0.7118226600985221,
        0.7758620689655172,
        0.7068965517241379,
        0.7512315270935961,
        0.7413793103448276,
        0.7118226600985221,
        0.7266009852216748,
        0.7315270935960592,
        0.7118226600985221,
        0.7044334975369458,
        0.7266009852216748,
        0.7413793103448276,
        0.7389162561576355,
        0.7733990147783252,
        0.7192118226600985,
        0.6921182266009852,
        0.7635467980295566,
        0.7463054187192119,
        0.7463054187192119,
        0.7241379310344828,
        0.7339901477832512,
        0.7487684729064039,
        0.7364532019704434,
        0.7266009852216748,
        0.729064039408867,
        0.7241379310344828,
        0.7118226600985221,
        0.7216748768472906,
        0.7315270935960592,
        0.7610837438423645,
        0.7364532019704434,
        0.7266009852216748,
        0.7389162561576355,
        0.6970443349753694,
        0.7413793103448276,
        0.7487684729064039,
        0.6970443349753694,
        0.7389162561576355,
        0.7118226600985221,
        0.7413793103448276,
        0.7660098522167488,
        0.7216748768472906,
        0.7389162561576355,
        0.7315270935960592,
        0.7586206896551724,
        0.7438423645320197
    ],