{
    "model": [
        "TIM"
    ],
    "epoch": [],
    "loss": [
        0.5008020912360475
    ],
    "accuracy": [
        0.8482142857142857
    ],
    "recall": [
        0.8482142857142857
    ],
    "precision": [
        0.848202614379085
    ],
    "f1_score": [
        0.8472557644758785
    ],
    "inference_time_one_sample": [
        0.009
    ],
    "inference_time_tot": [
        0.997
    ],
    "trainable_parameters": [
        79222
    ]
}