{
    "model": [
        "TIM"
    ],
    "epoch": [
        0,
        1,
        2,
        3,
        4,
        5,
        6,
        7,
        8,
        9,
        10,
        11,
        12,
        13,
        14,
        15,
        16,
        17,
        18,
        19,
        20,
        21,
        22,
        23,
        24,
        25,
        26,
        27,
        28,
        29,
        30,
        31,
        32,
        33,
        34,
        35,
        36,
        37,
        38,
        39,
        40,
        41,
        42,
        43,
        44,
        45,
        46,
        47,
        48,
        49,
        50,
        51,
        52,
        53,
        54,
        55,
        56,
        57,
        58,
        59,
        60,
        61,
        62,
        63,
        64,
        65,
        66,
        67,
        68,
        69,
        70,
        71,
        72,
        73,
        74,
        75,
        76,
        77,
        78,
        79,
        80,
        81,
        82,
        83,
        84,
        85,
        86,
        87,
        88,
        89,
        90,
        91,
        92,
        93,
        94,
        95,
        96,
        97,
        98,
        99
    ],
    "loss": [
        20.522821153913224,
        9.401047434125628,
        3.9025203500475203,
        2.484017780848912,
        1.9482889856610979,
        1.818604860986982,
        1.5494218213217599,
        1.48526132106781,
        1.4003467900412423,
        1.386664765221732,
        1.343420045716422,
        1.3413075719560896,
        1.2345667396272932,
        1.2812288318361555,
        1.2308911766324724,
        1.196556806564331,
        1.1934117249080114,
        1.1949929680143083,
        1.1721232959202357,
        1.1623030049460275,
        1.120470336505345,
        1.0964455604553223,
        1.0150650995118278,
        1.0037391866956438,
        0.9897484609058925,
        0.9373487063816616,
        0.9491834725652423,
        0.9204309582710266,
        0.9495372261319842,
        0.9253637364932469,
        0.9327402710914612,
        0.8822887284415108,
        0.9010177850723267,
        0.903274655342102,
        0.9004908629826137,
        0.9046456473214286,
        0.8764227288109916,
        0.8900629367147174,
        0.867745748588017,
        0.8833891153335571,
        0.8805293185370309,
        0.8569879276411874,
        0.8608539189611163,
        0.8372149893215725,
        0.8320778778621128,
        0.8609169551304409,
        0.8380538054874965,
        0.8483461056436811,
        0.8501776116234916,
        0.823728220803397,
        0.8305221029690334,
        0.869386340890612,
        0.8320196611540658,
        0.8533515759876796,
        0.8296420999935695,
        0.8421418241092137,
        0.8393179263387408,
        0.8325600794383458,
        0.83859064749309,
        0.8429070370537894,
        0.8623886023248944,
        0.8381655812263489,
        0.8552420650209699,
        0.8428798147610256,
        0.8295052392142159,
        0.8251585790089199,
        0.8193649649620056,
        0.847911400454385,
        0.8370034609522138,
        0.8569873230797904,
        0.8194963165691921,
        0.8346799441746303,
        0.847545896257673,
        0.8613005450793675,
        0.8383326785905021,
        0.8429901429585048,
        0.8480966602052961,
        0.837529582636697,
        0.843139512198312,
        0.8493410774639675,
        0.8582283769335065,
        0.8690470882824489,
        0.8377787555967059,
        0.8239252822739738,
        0.8449784687587193,
        0.8180146898542132,
        0.8243054832730975,
        0.8453032289232526,
        0.8372739894049508,
        0.8509901676859174,
        0.8645673819950649,
        0.8311772346496582,
        0.8303045034408569,
        0.855746158531734,
        0.8460754837308612,
        0.8408162678991046,
        0.8433766620499747,
        0.8336385829108102,
        0.8356877480234418,
        0.817254866872515
    ],
    "accuracy": [
        0.1724137931034483,
        0.24630541871921183,
        0.26354679802955666,
        0.3669950738916256,
        0.3645320197044335,
        0.41133004926108374,
        0.45320197044334976,
        0.5098522167487685,
        0.5467980295566502,
        0.5295566502463054,
        0.5443349753694581,
        0.6009852216748769,
        0.6354679802955665,
        0.6206896551724138,
        0.5985221674876847,
        0.6231527093596059,
        0.6527093596059114,
        0.6379310344827587,
        0.6674876847290641,
        0.6822660098522167,
        0.6970443349753694,
        0.7118226600985221,
        0.7463054187192119,
        0.7512315270935961,
        0.7906403940886699,
        0.8004926108374384,
        0.812807881773399,
        0.7980295566502463,
        0.8152709359605911,
        0.8054187192118226,
        0.8201970443349754,
        0.8645320197044335,
        0.8472906403940886,
        0.8325123152709359,
        0.8374384236453202,
        0.8399014778325123,
        0.8374384236453202,
        0.8349753694581281,
        0.8423645320197044,
        0.8522167487684729,
        0.8448275862068966,
        0.8571428571428571,
        0.8620689655172413,
        0.874384236453202,
        0.8793103448275862,
        0.8472906403940886,
        0.874384236453202,
        0.8620689655172413,
        0.8817733990147784,
        0.8842364532019704,
        0.8768472906403941,
        0.854679802955665,
        0.8891625615763546,
        0.8645320197044335,
        0.874384236453202,
        0.8497536945812808,
        0.8497536945812808,
        0.854679802955665,
        0.8620689655172413,
        0.874384236453202,
        0.8349753694581281,
        0.8669950738916257,
        0.8669950738916257,
        0.8793103448275862,
        0.8694581280788177,
        0.8719211822660099,
        0.9039408866995073,
        0.854679802955665,
        0.8472906403940886,
        0.8694581280788177,
        0.8866995073891626,
        0.8768472906403941,
        0.8423645320197044,
        0.8719211822660099,
        0.8669950738916257,
        0.8596059113300493,
        0.8719211822660099,
        0.8768472906403941,
        0.8571428571428571,
        0.8842364532019704,
        0.8571428571428571,
        0.8497536945812808,
        0.8768472906403941,
        0.8817733990147784,
        0.854679802955665,
        0.8719211822660099,
        0.874384236453202,
        0.8596059113300493,
        0.8719211822660099,
        0.8645320197044335,
        0.8620689655172413,
        0.8669950738916257,
        0.8669950738916257,
        0.8522167487684729,
        0.8472906403940886,
        0.8866995073891626,
        0.8694581280788177,
        0.8866995073891626,
        0.8522167487684729,
        0.8842364532019704
    ],