{
    "model": [
        "CkkTIM"
    ],
    "epoch": [
        0,
        1,
        2,
        3,
        4,
        5,
        6,
        7,
        8,
        9,
        10,
        11,
        12,
        13,
        14,
        15,
        16,
        17,
        18,
        19,
        20,
        21,
        22,
        23,
        24,
        25,
        26,
        27,
        28,
        29,
        30,
        31,
        32,
        33,
        34,
        35,
        36,
        37,
        38,
        39,
        40,
        41,
        42,
        43,
        44,
        45,
        46,
        47,
        48,
        49,
        50,
        51,
        52,
        53,
        54,
        55,
        56,
        57,
        58,
        59,
        60,
        61,
        62,
        63,
        64,
        65,
        66,
        67,
        68,
        69,
        70,
        71,
        72,
        73,
        74,
        75,
        76,
        77,
        78,
        79,
        80,
        81,
        82,
        83,
        84,
        85,
        86,
        87,
        88,
        89,
        90,
        91,
        92,
        93,
        94,
        95,
        96,
        97,
        98,
        99
    ],
    "loss": [
        2415.7763061523438,
        876.2136753627232,
        248.87304469517298,
        113.70785740443638,
        69.2347651890346,
        41.496155330113005,
        29.441723142351425,
        27.435414450509207,
        16.46227659497942,
        13.097436496189662,
        9.241209847586495,
        9.205403941018242,
        8.574356079101562,
        8.818635804312569,
        8.193231310163226,
        7.200396333421979,
        6.536240100860596,
        5.204642193658011,
        5.189206804547991,
        4.754490375518799,
        4.434282575334821,
        3.731973511832101,
        3.5462445872170583,
        2.889345577784947,
        3.051852192197527,
        2.8389620780944824,
        2.7659078666142056,
        2.2749625955309187,
        2.218081610543387,
        2.096377577100481,
        1.9715989487511771,
        1.7460401228496008,
        1.7162691014153617,
        1.7307699748447962,
        1.5193776403154646,
        1.4361957652228219,
        1.3006795985358102,
        1.3466795512608118,
        1.4970094987324305,
        1.2826403209141322,
        1.303896461214338,
        1.2645771503448486,
        1.2819700581686837,
        1.2685442481722151,
        1.036788480622428,
        1.0335755092757088,
        1.0638876046453203,
        1.1992944989885603,
        1.0751954487391882,
        1.046829070363726,
        1.1480729579925537,
        1.0009585193225317,
        1.0874858243124825,
        1.107389177594866,
        1.0521708386284965,
        1.0082965748650687,
        1.0754632694380624,
        1.064309767314366,
        1.0163103682654244,
        0.9993761948176793,
        1.0376541699681963,
        1.0199144056865148,
        1.040403093610491,
        1.0283291680472237,
        1.0230610370635986,
        0.9927316733769008,
        0.997890191418784,
        1.0061900104795183,
        1.0432794775281633,
        1.0249460169247218,
        0.9924840416227069,
        0.9972571219716754,
        1.0007729956081934,
        1.0272802540234156,
        1.0088904755456107,
        1.0467170476913452,
        1.0452602079936437,
        1.058685907295772,
        0.9853769200188773,
        1.0315396870885576,
        1.0484823840005058,
        1.0453213793890817,
        1.0159880433763777,
        1.0015965018953596,
        1.004717426640647,
        1.0314264467784338,
        1.0551729883466447,
        1.0623791813850403,
        0.9442471436091832,
        1.036245516368321,
        1.0115348100662231,
        1.0306418793542045,
        0.9966191479137966,
        1.0012454645974296,
        1.089820725577218,
        1.0238093478339059,
        1.0313768216541834,
        0.9398548943655831,
        1.005981641156333,
        1.0054462807519096
    ],
    "accuracy": [
        0.12807881773399016,
        0.1921182266009852,
        0.24630541871921183,
        0.33251231527093594,
        0.3916256157635468,
        0.4482758620689655,
        0.4802955665024631,
        0.458128078817734,
        0.5049261083743842,
        0.4876847290640394,
        0.5812807881773399,
        0.5689655172413793,
        0.5640394088669951,
        0.5615763546798029,
        0.5320197044334976,
        0.5615763546798029,
        0.5689655172413793,
        0.5960591133004927,
        0.6231527093596059,
        0.5935960591133005,
        0.6083743842364532,
        0.6502463054187192,
        0.6182266009852216,
        0.6896551724137931,
        0.6182266009852216,
        0.6773399014778325,
        0.6576354679802956,
        0.6600985221674877,
        0.6650246305418719,
        0.6699507389162561,
        0.6896551724137931,
        0.7266009852216748,
        0.7044334975369458,
        0.6970443349753694,
        0.729064039408867,
        0.7733990147783252,
        0.7635467980295566,
        0.7783251231527094,
        0.7068965517241379,
        0.770935960591133,
        0.7561576354679803,
        0.7586206896551724,
        0.7660098522167488,
        0.770935960591133,
        0.8325123152709359,
        0.8275862068965517,
        0.8177339901477833,
        0.7931034482758621,
        0.8201970443349754,
        0.8078817733990148,
        0.8029556650246306,
        0.854679802955665,
        0.7857142857142857,
        0.7980295566502463,
        0.8472906403940886,
        0.8522167487684729,
        0.8201970443349754,
        0.8399014778325123,
        0.8423645320197044,
        0.8251231527093597,
        0.8251231527093597,
        0.8325123152709359,
        0.8177339901477833,
        0.8201970443349754,
        0.8300492610837439,
        0.8325123152709359,
        0.8448275862068966,
        0.8374384236453202,
        0.8300492610837439,
        0.8226600985221675,
        0.854679802955665,
        0.8226600985221675,
        0.8448275862068966,
        0.8620689655172413,
        0.8399014778325123,
        0.8078817733990148,
        0.8201970443349754,
        0.8349753694581281,
        0.8793103448275862,
        0.8226600985221675,
        0.8275862068965517,
        0.8399014778325123,
        0.8349753694581281,
        0.8201970443349754,
        0.8423645320197044,
        0.8522167487684729,
        0.8103448275862069,
        0.7906403940886699,
        0.8522167487684729,
        0.8251231527093597,
        0.8472906403940886,
        0.8349753694581281,
        0.8448275862068966,
        0.8571428571428571,
        0.8152709359605911,
        0.8226600985221675,
        0.8201970443349754,
        0.8571428571428571,
        0.8349753694581281,
        0.8300492610837439
    ],