{
    "model": [
        "ckTIM"
    ],
    "epoch": [],
    "loss": [
        59.128156661987305
    ],
    "accuracy": [
        0.6964285714285714
    ],
    "recall": [
        0.6964285714285714
    ],
    "precision": [
        0.7040467469038898
    ],
    "f1_score": [
        0.6916612880807115
    ]
}