{
    "model": [
        "ckTIM"
    ],
    "epoch": [],
    "loss": [
        84.25013732910156
    ],
    "accuracy": [
        0.6696428571428571
    ],
    "recall": [
        0.6696428571428571
    ],
    "precision": [
        0.684198442187164
    ],
    "f1_score": [
        0.6636754438922499
    ]
}