{
    "model": [
        "CkTIM"
    ],
    "epoch": [],
    "loss": [
        18.46001644059968
    ],
    "accuracy": [
        0.6964285714285714
    ],
    "recall": [
        0.6964285714285714
    ],
    "precision": [
        0.7103269377926609
    ],
    "f1_score": [
        0.6951149690645488
    ],
    "inference_time_one_sample": [
        0.035
    ],
    "inference_time_tot": [
        3.927
    ],
    "trainable_parameters": [
        92669
    ]
}