{
    "model": [
        "CkTIM"
    ],
    "epoch": [
        0,
        1,
        2,
        3,
        4,
        5,
        6,
        7,
        8,
        9,
        10,
        11,
        12,
        13,
        14,
        15,
        16,
        17,
        18,
        19,
        20,
        21,
        22,
        23,
        24,
        25,
        26,
        27,
        28,
        29,
        30,
        31,
        32,
        33,
        34,
        35,
        36,
        37,
        38,
        39,
        40,
        41,
        42,
        43,
        44,
        45,
        46,
        47,
        48,
        49,
        50,
        51,
        52,
        53,
        54,
        55,
        56,
        57,
        58,
        59,
        60,
        61,
        62,
        63,
        64,
        65,
        66,
        67,
        68,
        69,
        70,
        71,
        72,
        73,
        74,
        75,
        76,
        77,
        78,
        79,
        80,
        81,
        82,
        83,
        84,
        85,
        86,
        87,
        88,
        89,
        90,
        91,
        92,
        93,
        94,
        95,
        96,
        97,
        98,
        99
    ],
    "loss": [
        3101.228515625,
        1795.848876953125,
        692.3514229910714,
        618.4529636928013,
        462.9802725655692,
        290.66797310965404,
        250.74756949288505,
        199.81456211635046,
        196.61729649135046,
        150.041748046875,
        155.32402910505022,
        154.34420013427734,
        168.6663077218192,
        187.13943808419364,
        134.7514637538365,
        102.77590506417411,
        94.66448538643974,
        72.61223711286273,
        69.2868047441755,
        73.68772234235492,
        66.64258793422154,
        48.80840465000698,
        57.09551348005022,
        53.45148032052176,
        61.32087108067104,
        59.488346099853516,
        65.90539278302874,
        51.62346812656948,
        55.46527426583426,
        55.26648793901716,
        58.38463701520647,
        55.62440708705357,
        47.79452896118164,
        48.28217969621931,
        48.15558896745954,
        46.88566534859793,
        44.55125372750418,
        48.68348748343332,
        58.1401241847447,
        63.43755340576172,
        51.509123120989116,
        47.53580747331892,
        47.870750427246094,
        49.873894282749724,
        45.66838536943708,
        44.63225173950195,
        52.70161328996931,
        48.76799719674246,
        51.37960760934012,
        55.61917332240513,
        47.331957135881694,
        42.30162756783621,
        50.222318921770366,
        53.84024156842913,
        55.13419124058315,
        42.331291743687224,
        41.77745928083147,
        39.88095692225865,
        42.85285431998117,
        44.87478583199637,
        48.79590688432966,
        45.523223876953125,
        46.839127676827566,
        41.90251759120396,
        58.360081263950896,
        43.87482179914202,
        46.766445704868865,
        50.83151953560965,
        48.620043073381694,
        54.81641060965402,
        46.48266329084124,
        50.354191643851145,
        54.12413133893694,
        44.30084555489676,
        46.3979503086635,
        39.7636729649135,
        43.23329544067383,
        48.28889792306082,
        49.731139591761995,
        47.879286084856304,
        48.69054358346121,
        52.55842535836356,
        48.724613189697266,
        45.1916743687221,
        45.556958879743306,
        50.73621095929827,
        45.79117856706892,
        47.01514162336077,
        46.35532924107143,
        44.745111737932476,
        46.35285840715681,
        48.88510731288365,
        47.010911669049946,
        51.38476834978376,
        42.75547872270857,
        46.8902097429548,
        39.8034657069615,
        53.31041663033621,
        41.80749157496861,
        42.14202989850725
    ],
    "accuracy": [
        0.16502463054187191,
        0.19950738916256158,
        0.3078817733990148,
        0.3054187192118227,
        0.3251231527093596,
        0.3645320197044335,
        0.4014778325123153,
        0.45566502463054187,
        0.4605911330049261,
        0.4802955665024631,
        0.46551724137931033,
        0.4605911330049261,
        0.39901477832512317,
        0.3620689655172414,
        0.4630541871921182,
        0.4753694581280788,
        0.5,
        0.5640394088669951,
        0.5172413793103449,
        0.5394088669950738,
        0.5714285714285714,
        0.603448275862069,
        0.6083743842364532,
        0.603448275862069,
        0.5911330049261084,
        0.583743842364532,
        0.5492610837438424,
        0.5763546798029556,
        0.5738916256157636,
        0.5467980295566502,
        0.5566502463054187,
        0.5812807881773399,
        0.625615763546798,
        0.6108374384236454,
        0.5886699507389163,
        0.5911330049261084,
        0.6206896551724138,
        0.5935960591133005,
        0.5591133004926109,
        0.5615763546798029,
        0.5788177339901478,
        0.5911330049261084,
        0.6009852216748769,
        0.5960591133004927,
        0.6009852216748769,
        0.6206896551724138,
        0.5812807881773399,
        0.5985221674876847,
        0.5566502463054187,
        0.5985221674876847,
        0.6182266009852216,
        0.6403940886699507,
        0.5714285714285714,
        0.6059113300492611,
        0.5517241379310345,
        0.5862068965517241,
        0.6182266009852216,
        0.6157635467980296,
        0.6157635467980296,
        0.5985221674876847,
        0.5788177339901478,
        0.603448275862069,
        0.5714285714285714,
        0.6108374384236454,
        0.5812807881773399,
        0.6108374384236454,
        0.6059113300492611,
        0.5862068965517241,
        0.5665024630541872,
        0.5714285714285714,
        0.5862068965517241,
        0.5985221674876847,
        0.5467980295566502,
        0.6133004926108374,
        0.5985221674876847,
        0.6354679802955665,
        0.6133004926108374,
        0.5935960591133005,
        0.6354679802955665,
        0.5665024630541872,
        0.5886699507389163,
        0.583743842364532,
        0.6009852216748769,
        0.6083743842364532,
        0.5935960591133005,
        0.5640394088669951,
        0.603448275862069,
        0.5886699507389163,
        0.5960591133004927,
        0.6108374384236454,
        0.6231527093596059,
        0.5886699507389163,
        0.5985221674876847,
        0.5566502463054187,
        0.6305418719211823,
        0.5812807881773399,
        0.6354679802955665,
        0.5566502463054187,
        0.6305418719211823,
        0.6083743842364532
    ],