{
    "model": [
        "tim"
    ],
    "epoch": [
        0,
        1
    ],
    "loss": [
        1.9584569931030273,
        1.9395039081573486
    ],
    "accuracy": [
        0.13054187192118227,
        0.14532019704433496
    ],
    "recall": [
        0.13054187192118227,
        0.14532019704433496
    ],
    "precision": [
        0.13054187192118227,
        0.14532019704433496
    ],
    "f1_score": [
        0.13054187192118227,
        0.14532019704433496
    ]
}