{
    "model": [
        "CkTIM"
    ],
    "epoch": [],
    "loss": [
        0.34363763813423376
    ],
    "accuracy": [
        0.9017857142857143
    ],
    "recall": [
        0.9017857142857143
    ],
    "precision": [
        0.9076310686217808
    ],
    "f1_score": [
        0.8994263536135456
    ],
    "inference_time_one_sample": [
        0.295
    ],
    "inference_time_tot": [
        33.076
    ],
    "trainable_parameters": [
        1380834
    ]
}