{
    "model": [
        "CkTIM"
    ],
    "epoch": [
        0,
        1,
        2,
        3,
        4,
        5,
        6,
        7,
        8,
        9,
        10,
        11,
        12,
        13,
        14,
        15,
        16,
        17,
        18,
        19,
        20,
        21,
        22,
        23,
        24,
        25,
        26,
        27,
        28,
        29,
        30,
        31,
        32,
        33,
        34,
        35,
        36,
        37,
        38,
        39,
        40,
        41,
        42,
        43,
        44,
        45,
        46,
        47,
        48,
        49,
        50,
        51,
        52,
        53,
        54,
        55,
        56,
        57,
        58,
        59
    ],
    "loss": [
        9843.478445870536,
        3779.1651785714284,
        1366.442138671875,
        852.5951014927456,
        709.3787405831473,
        429.6551731654576,
        292.31485421316967,
        253.14879499162947,
        174.1776580810547,
        148.07493155343192,
        124.49351065499442,
        127.41173771449498,
        121.6561747959682,
        120.50404902866909,
        104.5533218383789,
        110.50557163783482,
        81.35266549246651,
        54.594237736293245,
        55.9281975882394,
        44.4355343409947,
        40.232452392578125,
        40.31118883405413,
        38.020948682512554,
        36.04560470581055,
        33.40591158185686,
        33.66674641200474,
        34.532078334263396,
        32.52193178449358,
        30.51175798688616,
        29.093123027256556,
        31.38180705479213,
        30.394094467163086,
        27.718881062098912,
        29.94776017325265,
        28.61308561052595,
        27.712413787841797,
        26.082375935145787,
        27.934755325317383,
        28.006915501185826,
        27.207648141043528,
        28.28610066005162,
        26.484113148280553,
        27.05716950552804,
        29.19980103628976,
        29.06564630780901,
        26.9169556753976,
        27.427222660609655,
        26.86787905011858,
        29.604909896850586,
        30.70558738708496,
        26.86672019958496,
        26.96175411769322,
        32.16654804774693,
        26.379590443202428,
        27.806823457990372,
        26.169017246791295,
        27.874093736921036,
        28.40530286516462,
        26.56028148106166,
        27.116309574672155
    ],
    "accuracy": [
        0.15763546798029557,
        0.25862068965517243,
        0.3472906403940887,
        0.3620689655172414,
        0.4458128078817734,
        0.43842364532019706,
        0.4852216748768473,
        0.4876847290640394,
        0.5295566502463054,
        0.5320197044334976,
        0.5591133004926109,
        0.5246305418719212,
        0.5221674876847291,
        0.5640394088669951,
        0.5320197044334976,
        0.4408866995073892,
        0.5615763546798029,
        0.5935960591133005,
        0.6157635467980296,
        0.6699507389162561,
        0.7093596059113301,
        0.6477832512315271,
        0.6551724137931034,
        0.6477832512315271,
        0.6724137931034483,
        0.6847290640394089,
        0.6674876847290641,
        0.6773399014778325,
        0.6995073891625616,
        0.6748768472906403,
        0.6650246305418719,
        0.7044334975369458,
        0.7068965517241379,
        0.6970443349753694,
        0.7068965517241379,
        0.6724137931034483,
        0.6921182266009852,
        0.6773399014778325,
        0.6773399014778325,
        0.6995073891625616,
        0.6995073891625616,
        0.7142857142857143,
        0.7118226600985221,
        0.6576354679802956,
        0.687192118226601,
        0.6995073891625616,
        0.687192118226601,
        0.7044334975369458,
        0.6748768472906403,
        0.6650246305418719,
        0.7216748768472906,
        0.729064039408867,
        0.6674876847290641,
        0.7019704433497537,
        0.7118226600985221,
        0.6921182266009852,
        0.6798029556650246,
        0.7093596059113301,
        0.7142857142857143,
        0.6798029556650246
    ],
    "recall": [
        0.15763546798029557,
        0.25862068965517243,
        0.3472906403940887,
        0.3620689655172414,
        0.4458128078817734,
        0.438423645320197,
        0.4852216748768473,
        0.4876847290640393,
        0.5295566502463054,
        0.5320197044334976,
        0.5591133004926109,
        0.5246305418719212,
        0.522167487684729,
        0.564039408866995,
        0.5320197044334976,
        0.4408866995073892,
        0.5615763546798029,
        0.5935960591133005,
        0.6157635467980296,
        0.6699507389162561,
        0.7093596059113301,
        0.647783251231527,
        0.6551724137931034,
        0.647783251231527,
        0.6724137931034483,
        0.684729064039409,
        0.6674876847290641,
        0.6773399014778325,
        0.6995073891625615,
        0.6748768472906405,
        0.665024630541872,
        0.7044334975369458,
        0.7068965517241379,
        0.6970443349753694,
        0.7068965517241379,
        0.6724137931034483,
        0.6921182266009854,
        0.6773399014778325,
        0.6773399014778325,
        0.6995073891625615,
        0.6995073891625615,
        0.7142857142857143,
        0.7118226600985222,
        0.6576354679802956,
        0.6871921182266009,
        0.6995073891625616,
        0.6871921182266011,
        0.7044334975369458,
        0.6748768472906403,
        0.6650246305418719,
        0.7216748768472906,
        0.7290640394088671,
        0.667487684729064,
        0.7019704433497537,
        0.7118226600985222,
        0.6921182266009854,
        0.6798029556650247,
        0.7093596059113302,
        0.7142857142857143,
        0.6798029556650246
    ],
    "precision": [
        0.15931644393753194,
        0.21962654047281874,
        0.4086748290052681,
        0.42254083689199223,
        0.5009084842297392,
        0.47386706942463125,
        0.5180783880248774,
        0.5312216436760616,
        0.5465084408657467,
        0.5527000157459708,
        0.6155004378706527,
        0.5684105876759835,
        0.5171194133955045,
        0.5843521297400078,
        0.5611189920131524,
        0.47675229741019215,
        0.48001933919459694,
        0.6642997516590397,
        0.6652810869678941,
        0.7047565600402962,
        0.7116281769117904,
        0.6546005400770337,
        0.667303811098727,
        0.67017736109312,
        0.687398676691309,
        0.7064138259797127,
        0.670817509139186,
        0.6943940498095907,
        0.7109703804716971,
        0.6778988393116558,
        0.6785702237709571,
        0.7134525358276246,
        0.7114354654158015,
        0.6955828838436873,
        0.7130755365832694,
        0.6835647662172881,
        0.705978737515992,
        0.7015390230347884,
        0.6862834523951602,
        0.7087153595280193,
        0.701738955355156,
        0.7225891432103798,
        0.7195298059726413,
        0.6626786307743436,
        0.7015095806897438,
        0.7026868600975744,
        0.6934892161631535,
        0.7093087456755788,
        0.6829888311256707,
        0.6710980156662183,
        0.7244811330038565,
        0.7354560887124599,
        0.6752157845723377,
        0.726236253749671,
        0.7131444156299155,
        0.7097614616708278,
        0.6869094450922102,
        0.7090580270549312,
        0.7151042575145791,
        0.6805537149024127
    ],