{
    "model": [
        "CkTIM"
    ],
    "epoch": [
        0,
        1,
        2,
        3,
        4,
        5,
        6,
        7,
        8,
        9,
        10,
        11,
        12,
        13,
        14,
        15,
        16,
        17,
        18,
        19,
        20,
        21,
        22,
        23,
        24,
        25,
        26,
        27,
        28,
        29,
        30,
        31,
        32,
        33,
        34,
        35,
        36,
        37,
        38,
        39,
        40,
        41,
        42,
        43,
        44,
        45,
        46,
        47,
        48,
        49,
        50,
        51,
        52,
        53,
        54,
        55,
        56,
        57,
        58,
        59,
        60,
        61,
        62,
        63,
        64,
        65,
        66,
        67,
        68,
        69,
        70,
        71,
        72,
        73,
        74,
        75,
        76,
        77,
        78,
        79,
        80,
        81,
        82,
        83,
        84,
        85,
        86,
        87,
        88,
        89,
        90,
        91,
        92,
        93,
        94,
        95,
        96,
        97,
        98,
        99
    ],
    "loss": [
        1240.4486694335938,
        722.7548130580357,
        561.7686941964286,
        492.7776314871652,
        451.38765607561385,
        318.4728524344308,
        363.26096888950894,
        318.16612025669644,
        389.20724051339283,
        257.6622401646205,
        241.29088483537947,
        250.35729108537947,
        270.25590951102123,
        299.77388872419084,
        264.9910234723772,
        212.2925088065011,
        194.77398354666573,
        177.513916015625,
        179.46547263009208,
        190.63567243303572,
        176.98575265066964,
        150.78765324183874,
        173.55531093052454,
        181.67919267926897,
        163.80467878069197,
        160.39421844482422,
        126.54634966169085,
        166.09344373430525,
        145.0802001953125,
        147.00584411621094,
        167.69314902169364,
        122.70133536202567,
        145.02469090053015,
        140.00674874441964,
        159.790406363351,
        133.60699244907923,
        144.3379353114537,
        183.06966509137834,
        121.0529294695173,
        127.15777696881976,
        120.05036381312779,
        111.6998051234654,
        153.27862112862724,
        123.97155870710101,
        115.0593021937779,
        150.68062700544084,
        134.58222143990653,
        142.58158656529017,
        127.5671157836914,
        120.96956961495536,
        123.28081839425224,
        144.64811270577567,
        149.57578495570593,
        122.32632882254464,
        118.4062363760812,
        130.58701978410994,
        133.23961748395647,
        155.99663979666573,
        115.91704341343471,
        112.8770010811942,
        135.58812277657645,
        125.42331804547992,
        129.71071079799108,
        122.23100934709821,
        121.58070046561105,
        116.5869620186942,
        102.59243992396763,
        143.78773280552454,
        137.8271473475865,
        97.30986676897321,
        108.89068494524274,
        122.42279488699776,
        130.59157344273157,
        131.38990238734655,
        120.5979505266462,
        97.46296691894531,
        116.68636757986886,
        123.42702048165458,
        97.34367152622768,
        127.50677326747349,
        118.77188764299665,
        115.59512656075614,
        139.91319601876395,
        149.9398640223912,
        106.8320541381836,
        108.57339368547711,
        122.90575190952846,
        142.25387573242188,
        115.04629952566964,
        102.71222523280552,
        106.46676363263812,
        105.94720023018974,
        120.02686200823102,
        128.01227678571428,
        129.57691955566406,
        117.91789899553571,
        116.70039694649833,
        113.31716482979911,
        111.18535723005023,
        125.33952222551618
    ],
    "accuracy": [
        0.18226600985221675,
        0.1896551724137931,
        0.1896551724137931,
        0.2315270935960591,
        0.24630541871921183,
        0.26354679802955666,
        0.23399014778325122,
        0.21182266009852216,
        0.27586206896551724,
        0.27586206896551724,
        0.2832512315270936,
        0.2684729064039409,
        0.24630541871921183,
        0.22413793103448276,
        0.2019704433497537,
        0.31773399014778325,
        0.2955665024630542,
        0.29310344827586204,
        0.2660098522167488,
        0.2857142857142857,
        0.29310344827586204,
        0.3275862068965517,
        0.30295566502463056,
        0.29310344827586204,
        0.29802955665024633,
        0.33004926108374383,
        0.29802955665024633,
        0.27832512315270935,
        0.29064039408866993,
        0.2881773399014778,
        0.3103448275862069,
        0.32019704433497537,
        0.3226600985221675,
        0.31773399014778325,
        0.30049261083743845,
        0.3226600985221675,
        0.3226600985221675,
        0.2857142857142857,
        0.33497536945812806,
        0.27832512315270935,
        0.3842364532019704,
        0.31527093596059114,
        0.270935960591133,
        0.3251231527093596,
        0.3374384236453202,
        0.3251231527093596,
        0.31527093596059114,
        0.3103448275862069,
        0.3078817733990148,
        0.31773399014778325,
        0.33251231527093594,
        0.2881773399014778,
        0.30295566502463056,
        0.3399014778325123,
        0.31773399014778325,
        0.32019704433497537,
        0.3275862068965517,
        0.2733990147783251,
        0.32019704433497537,
        0.35714285714285715,
        0.3251231527093596,
        0.2955665024630542,
        0.3103448275862069,
        0.33251231527093594,
        0.3472906403940887,
        0.33497536945812806,
        0.3522167487684729,
        0.2733990147783251,
        0.31773399014778325,
        0.35467980295566504,
        0.37438423645320196,
        0.33004926108374383,
        0.31527093596059114,
        0.3472906403940887,
        0.3103448275862069,
        0.3448275862068966,
        0.34236453201970446,
        0.3054187192118227,
        0.3448275862068966,
        0.3275862068965517,
        0.3448275862068966,
        0.34236453201970446,
        0.29310344827586204,
        0.3251231527093596,
        0.3448275862068966,
        0.3793103448275862,
        0.33251231527093594,
        0.312807881773399,
        0.31773399014778325,
        0.3399014778325123,
        0.34236453201970446,
        0.3078817733990148,
        0.3694581280788177,
        0.3103448275862069,
        0.3399014778325123,
        0.3472906403940887,
        0.34236453201970446,
        0.35467980295566504,
        0.3497536945812808,
        0.3226600985221675
    ],