{
    "model": [
        "CkTIM"
    ],
    "epoch": [
        0,
        1,
        2,
        3,
        4,
        5,
        6,
        7,
        8,
        9,
        10,
        11,
        12,
        13,
        14,
        15,
        16,
        17,
        18,
        19,
        20,
        21,
        22,
        23,
        24,
        25,
        26,
        27,
        28,
        29,
        30,
        31,
        32,
        33,
        34,
        35,
        36,
        37,
        38,
        39,
        40,
        41,
        42,
        43,
        44,
        45,
        46,
        47,
        48,
        49,
        50,
        51,
        52,
        53,
        54,
        55,
        56,
        57,
        58,
        59,
        60,
        61,
        62,
        63,
        64,
        65,
        66,
        67,
        68,
        69,
        70,
        71,
        72,
        73,
        74,
        75,
        76,
        77,
        78,
        79,
        80,
        81,
        82,
        83,
        84,
        85,
        86,
        87,
        88,
        89,
        90,
        91,
        92,
        93,
        94,
        95,
        96,
        97,
        98,
        99
    ],
    "loss": [
        9169.9794921875,
        3732.8621826171875,
        1419.6737496512276,
        737.5521327427456,
        572.7970493861607,
        341.58214678083147,
        269.8062090192522,
        236.47996085030692,
        274.04601614815846,
        237.65283203125,
        184.82596261160714,
        191.09419468470983,
        149.99552045549666,
        112.94272940499442,
        82.09408678327289,
        100.44224330357143,
        113.53972625732422,
        88.67591530936105,
        80.50395584106445,
        57.230219159807476,
        41.10452815464565,
        44.8979503086635,
        35.950866154261995,
        33.45103236607143,
        25.666499274117605,
        23.676931926182338,
        21.89639813559396,
        19.730597496032715,
        16.94910635266985,
        15.180256979806083,
        13.333400045122419,
        13.306190899440221,
        12.339632306780134,
        10.930402619498116,
        10.377804483686175,
        10.37568814413888,
        8.446010044642858,
        8.749087878635951,
        8.991876465933663,
        8.784264973231725,
        7.719404424939837,
        8.161281790052142,
        8.733453682490758,
        8.597730909075056,
        7.605693067823138,
        8.23083850315639,
        7.283424649919782,
        6.394260883331299,
        7.5802779878888815,
        6.766969203948975,
        7.882426943097796,
        7.15318352835519,
        7.557829720633371,
        6.839619091578892,
        6.784520353589739,
        6.936996936798096,
        6.3814102581569125,
        7.096889155251639,
        6.874388762882778,
        6.182237829480853,
        6.001849855695452,
        6.004746845790318,
        6.239072254725865,
        6.159877845219204,
        6.511948381151472,
        6.14694036756243,
        6.604787349700928,
        6.6906207629612515,
        6.434993198939732,
        5.985631465911865,
        6.014829499380929,
        6.945742675236294,
        6.480490071432931,
        5.963604995182583,
        6.4087057794843405,
        6.944439615522112,
        6.525634833744594,
        5.987639290945871,
        5.745958396366665,
        6.574048723493304,
        6.095311369214739,
        6.848364216940744,
        5.927097184317453,
        6.242029939379011,
        6.259364604949951,
        5.978884560721261,
        6.3440366472516745,
        6.080123697008405,
        6.350404058183942,
        6.567743233272007,
        6.177952221461704,
        6.243138585771833,
        6.747735840933664,
        6.069284984043667,
        5.975018773760114,
        6.740291936056955,
        6.6952619552612305,
        5.827299867357526,
        6.318418911525181,
        5.838066101074219
    ],
    "accuracy": [
        0.20935960591133004,
        0.2561576354679803,
        0.29064039408866993,
        0.3620689655172414,
        0.42610837438423643,
        0.4433497536945813,
        0.4827586206896552,
        0.5,
        0.42857142857142855,
        0.47783251231527096,
        0.4605911330049261,
        0.45073891625615764,
        0.5123152709359606,
        0.5344827586206896,
        0.603448275862069,
        0.5172413793103449,
        0.4605911330049261,
        0.5098522167487685,
        0.5467980295566502,
        0.5320197044334976,
        0.6206896551724138,
        0.5591133004926109,
        0.5788177339901478,
        0.603448275862069,
        0.6305418719211823,
        0.603448275862069,
        0.5738916256157636,
        0.5788177339901478,
        0.5935960591133005,
        0.625615763546798,
        0.5738916256157636,
        0.5985221674876847,
        0.5443349753694581,
        0.5369458128078818,
        0.5591133004926109,
        0.5369458128078818,
        0.5985221674876847,
        0.5862068965517241,
        0.5492610837438424,
        0.5985221674876847,
        0.6009852216748769,
        0.5615763546798029,
        0.5640394088669951,
        0.5443349753694581,
        0.5714285714285714,
        0.5714285714285714,
        0.5320197044334976,
        0.6428571428571429,
        0.5763546798029556,
        0.5911330049261084,
        0.6059113300492611,
        0.5738916256157636,
        0.5763546798029556,
        0.5960591133004927,
        0.5935960591133005,
        0.6009852216748769,
        0.6231527093596059,
        0.5541871921182266,
        0.6059113300492611,
        0.5738916256157636,
        0.5960591133004927,
        0.6477832512315271,
        0.6059113300492611,
        0.6182266009852216,
        0.5812807881773399,
        0.5985221674876847,
        0.5763546798029556,
        0.5812807881773399,
        0.5862068965517241,
        0.6305418719211823,
        0.6133004926108374,
        0.5788177339901478,
        0.6182266009852216,
        0.603448275862069,
        0.6009852216748769,
        0.5960591133004927,
        0.5788177339901478,
        0.6108374384236454,
        0.6182266009852216,
        0.5985221674876847,
        0.6059113300492611,
        0.6083743842364532,
        0.6108374384236454,
        0.6428571428571429,
        0.5862068965517241,
        0.6280788177339901,
        0.6009852216748769,
        0.603448275862069,
        0.5763546798029556,
        0.5738916256157636,
        0.6133004926108374,
        0.6083743842364532,
        0.5862068965517241,
        0.5812807881773399,
        0.625615763546798,
        0.5985221674876847,
        0.5911330049261084,
        0.5812807881773399,
        0.5812807881773399,
        0.6330049261083743
    ],