{
    "model": [
        "ckTIM"
    ],
    "epoch": [
        0,
        1,
        2,
        3,
        4,
        5,
        6,
        7,
        8,
        9,
        10,
        11,
        12,
        13,
        14,
        15,
        16,
        17,
        18,
        19,
        20,
        21,
        22,
        23,
        24,
        25,
        26,
        27,
        28,
        29,
        30,
        31,
        32,
        33,
        34,
        35,
        36,
        37,
        38,
        39,
        40,
        41,
        42,
        43,
        44,
        45,
        46,
        47,
        48,
        49,
        50,
        51,
        52,
        53,
        54,
        55,
        56,
        57,
        58,
        59,
        60,
        61,
        62,
        63,
        64,
        65,
        66,
        67,
        68,
        69,
        70,
        71,
        72,
        73,
        74,
        75,
        76,
        77,
        78,
        79,
        80,
        81,
        82,
        83,
        84,
        85,
        86,
        87,
        88,
        89,
        90,
        91,
        92,
        93,
        94,
        95,
        96,
        97,
        98,
        99
    ],
    "loss": [
        5352.077311197917,
        1932.080301920573,
        1576.7812194824219,
        1143.1586134168838,
        1075.2133043077256,
        1029.4668816460503,
        1068.4659423828125,
        1037.0726928710938,
        782.7656046549479,
        898.7178887261284,
        1153.3867051866318,
        1048.288336859809,
        664.8809085422092,
        554.7292904324001,
        491.4457821316189,
        558.9361300998264,
        488.0267503526476,
        406.63987901475696,
        491.4380866156684,
        376.8067440456814,
        363.2896482679579,
        351.97525617811414,
        339.13578033447266,
        323.86567942301434,
        290.9297324286567,
        307.6244125366211,
        278.301501803928,
        247.17586347791882,
        212.8474816216363,
        221.94866434733072,
        222.00794898139105,
        186.87416076660156,
        209.55740865071616,
        202.30051591661243,
        228.97699737548828,
        174.0937377081977,
        132.55314509073892,
        137.15383105807834,
        142.86178292168512,
        169.52862379286023,
        124.0359844631619,
        118.84583112928603,
        97.82348759969075,
        103.39736133151584,
        107.9961068895128,
        113.53680843777127,
        113.021300845676,
        83.80135048760309,
        84.87957127888997,
        71.27777820163303,
        88.11568726433649,
        62.68192566765679,
        57.01269785563151,
        56.85430653889974,
        45.34086057874892,
        45.04778713650174,
        53.702756034003365,
        54.04281340705024,
        49.53172238667806,
        44.86817857954237,
        47.45228534274631,
        39.75499735938178,
        32.502021895514595,
        32.474245389302574,
        31.12628714243571,
        29.497416920132107,
        27.956296814812553,
        28.632022221883137,
        30.259463522169327,
        32.59576670328776,
        31.6073096593221,
        27.561740981207954,
        28.095283296373154,
        28.74020989735921,
        28.53028636508518,
        28.172472106085884,
        26.935767491658527,
        27.71920214758979,
        26.613732549879288,
        26.696695963541668,
        28.0196566051907,
        25.96706877814399,
        27.684096230400932,
        25.175610966152615,
        23.80127133263482,
        23.906252437167698,
        22.872946951124405,
        21.947911792331272,
        23.382762749989826,
        22.173277960883247,
        22.046636793348526,
        23.990681436326767,
        21.943403032090927,
        21.62186400095622,
        23.2483868598938,
        20.92468696170383,
        21.603769726223415,
        21.92819579442342,
        20.333247502644856,
        19.50714635848999
    ],
    "accuracy": [
        0.23286467486818982,
        0.27855887521968364,
        0.3541300527240773,
        0.4024604569420035,
        0.413884007029877,
        0.4165202108963093,
        0.39718804920913886,
        0.4182776801405975,
        0.45254833040421794,
        0.46133567662565905,
        0.4182776801405975,
        0.46309314586994726,
        0.5096660808435852,
        0.5536028119507909,
        0.5105448154657294,
        0.4789103690685413,
        0.5307557117750439,
        0.5509666080843585,
        0.5105448154657294,
        0.5940246045694201,
        0.5790861159929701,
        0.5641476274165202,
        0.554481546572935,
        0.5782073813708261,
        0.6080843585237259,
        0.5773286467486819,
        0.6089630931458699,
        0.6107205623901582,
        0.6520210896309314,
        0.5966608084358523,
        0.6159929701230229,
        0.6625659050966608,
        0.5992970123022847,
        0.6159929701230229,
        0.5984182776801406,
        0.6458699472759226,
        0.6757469244288224,
        0.671353251318102,
        0.664323374340949,
        0.6221441124780316,
        0.6731107205623902,
        0.6669595782073814,
        0.7179261862917399,
        0.7038664323374341,
        0.6528998242530756,
        0.656414762741652,
        0.6300527240773286,
        0.7117750439367311,
        0.718804920913884,
        0.7319859402460457,
        0.6493848857644992,
        0.7521968365553603,
        0.7478031634446397,
        0.7214411247803163,
        0.7688927943760984,
        0.7609841827768014,
        0.7082601054481547,
        0.6862917398945518,
        0.7240773286467487,
        0.7205623901581723,
        0.6942003514938488,
        0.7460456942003515,
        0.7662565905096661,
        0.7706502636203867,
        0.8084358523725835,
        0.804920913884007,
        0.79701230228471,
        0.8057996485061512,
        0.7882249560632689,
        0.7583479789103691,
        0.7583479789103691,
        0.7978910369068541,
        0.7855887521968365,
        0.7741652021089631,
        0.7864674868189807,
        0.7644991212653779,
        0.7855887521968365,
        0.7706502636203867,
        0.7671353251318102,
        0.7609841827768014,
        0.7627416520210897,
        0.7759226713532513,
        0.7478031634446397,
        0.7917398945518453,
        0.789103690685413,
        0.7653778558875219,
        0.7820738137082601,
        0.8005272407732865,
        0.7724077328646749,
        0.7899824253075571,
        0.7864674868189807,
        0.7451669595782073,
        0.7768014059753954,
        0.7741652021089631,
        0.7706502636203867,
        0.7636203866432337,
        0.7741652021089631,
        0.7680140597539543,
        0.773286467486819,
        0.7987697715289982
    ],