{
    "model": [
        "TIM"
    ],
    "epoch": [
        0,
        1,
        2,
        3,
        4,
        5,
        6,
        7,
        8,
        9,
        10,
        11,
        12,
        13,
        14,
        15,
        16,
        17,
        18,
        19,
        20,
        21,
        22,
        23,
        24,
        25,
        26,
        27,
        28,
        29,
        30,
        31,
        32,
        33,
        34,
        35,
        36,
        37,
        38,
        39,
        40,
        41,
        42,
        43,
        44,
        45,
        46,
        47,
        48,
        49,
        50,
        51,
        52,
        53,
        54,
        55,
        56,
        57,
        58,
        59,
        60,
        61,
        62,
        63,
        64,
        65,
        66,
        67,
        68,
        69,
        70,
        71,
        72,
        73,
        74,
        75,
        76,
        77,
        78,
        79,
        80,
        81,
        82,
        83,
        84,
        85,
        86,
        87,
        88,
        89,
        90,
        91,
        92,
        93,
        94,
        95,
        96,
        97,
        98,
        99
    ],
    "loss": [
        21.129508427211217,
        8.664741788591657,
        5.779454639979771,
        3.4281058652060374,
        2.982003552573068,
        2.5298763683864047,
        2.10638199533735,
        2.0943364586148943,
        1.927085178239005,
        1.8733370474406652,
        1.7279012543814523,
        1.6107791662216187,
        1.573224561555045,
        1.5131611483437675,
        1.4600756508963448,
        1.4945732866014754,
        1.4593380519321986,
        1.4818047795976912,
        1.4440827199390955,
        1.3901692288262504,
        1.3700742380959647,
        1.3403725113187517,
        1.3513614450182234,
        1.3674630096980505,
        1.2949751956122262,
        1.3304163898740495,
        1.2826512541089738,
        1.2558063098362513,
        1.2679732356752669,
        1.2548010349273682,
        1.2751657281603133,
        1.2961401428495134,
        1.2518623215811593,
        1.3371216569628035,
        1.2181944676807948,
        1.236830132348197,
        1.2300167424338204,
        1.2230678285871233,
        1.1900694540568761,
        1.246092336518424,
        1.202459761074611,
        1.2625541516712733,
        1.2189932721001762,
        1.2370519978659493,
        1.2502571855272566,
        1.3178747722080775,
        1.2183665548052107,
        1.232775092124939,
        1.238412891115461,
        1.2015752111162459,
        1.205976894923619,
        1.241249987057277,
        1.234890035220555,
        1.2070760216031755,
        1.2431799684252058,
        1.2131610427583968,
        1.253159863608224,
        1.220359546797616,
        1.2566817828587122,
        1.1707322938101632,
        1.225361432347979,
        1.1582641090665544,
        1.2274302755083357,
        1.2788793359483992,
        1.2299488953181676,
        1.1777455636433192,
        1.2116227320262365,
        1.1404683760234289,
        1.1563851066998072,
        1.2097432272774833,
        1.184603316443307,
        1.1783858367374964,
        1.1593117543629237,
        1.183031133243016,
        1.2021426813943046,
        1.237159013748169,
        1.1964328799928938,
        1.1900076695850916,
        1.2292989151818412,
        1.1719095366341727,
        1.1916097743170602,
        1.289447477885655,
        1.2123467751911707,
        1.1923017842429025,
        1.1875804151807512,
        1.2357303755623954,
        1.2152318954467773,
        1.260534371648516,
        1.1958091940198625,
        1.1462949003492082,
        1.2650881665093558,
        1.2193532500948225,
        1.1939620801380701,
        1.210769704410008,
        1.222874471119472,
        1.2366084030696325,
        1.2228166205542428,
        1.2458435978208269,
        1.1962122065680367,
        1.253082581928798
    ],
    "accuracy": [
        0.14039408866995073,
        0.19950738916256158,
        0.21182266009852216,
        0.20935960591133004,
        0.24630541871921183,
        0.29802955665024633,
        0.33497536945812806,
        0.3842364532019704,
        0.3817733990147783,
        0.39655172413793105,
        0.43596059113300495,
        0.45320197044334976,
        0.4753694581280788,
        0.4852216748768473,
        0.5295566502463054,
        0.5147783251231527,
        0.5197044334975369,
        0.5049261083743842,
        0.5935960591133005,
        0.5541871921182266,
        0.603448275862069,
        0.5886699507389163,
        0.6009852216748769,
        0.6059113300492611,
        0.6330049261083743,
        0.6009852216748769,
        0.6133004926108374,
        0.6354679802955665,
        0.6231527093596059,
        0.6305418719211823,
        0.6379310344827587,
        0.6231527093596059,
        0.6354679802955665,
        0.6157635467980296,
        0.6354679802955665,
        0.6527093596059114,
        0.6477832512315271,
        0.6600985221674877,
        0.6699507389162561,
        0.6330049261083743,
        0.645320197044335,
        0.6403940886699507,
        0.6576354679802956,
        0.6650246305418719,
        0.6748768472906403,
        0.6157635467980296,
        0.6403940886699507,
        0.6724137931034483,
        0.6600985221674877,
        0.6354679802955665,
        0.6699507389162561,
        0.6773399014778325,
        0.6625615763546798,
        0.6551724137931034,
        0.6133004926108374,
        0.6280788177339901,
        0.6059113300492611,
        0.6600985221674877,
        0.6650246305418719,
        0.6724137931034483,
        0.6674876847290641,
        0.687192118226601,
        0.6354679802955665,
        0.6059113300492611,
        0.6477832512315271,
        0.6625615763546798,
        0.645320197044335,
        0.6773399014778325,
        0.6773399014778325,
        0.6403940886699507,
        0.6822660098522167,
        0.6576354679802956,
        0.6847290640394089,
        0.6674876847290641,
        0.6527093596059114,
        0.6280788177339901,
        0.6699507389162561,
        0.6748768472906403,
        0.6354679802955665,
        0.6945812807881774,
        0.6650246305418719,
        0.603448275862069,
        0.6527093596059114,
        0.6600985221674877,
        0.6428571428571429,
        0.6330049261083743,
        0.6724137931034483,
        0.6330049261083743,
        0.645320197044335,
        0.7044334975369458,
        0.6305418719211823,
        0.6231527093596059,
        0.6748768472906403,
        0.687192118226601,
        0.6576354679802956,
        0.6280788177339901,
        0.6576354679802956,
        0.6330049261083743,
        0.6428571428571429,
        0.6600985221674877
    ],