{
    "model": [
        "TIM"
    ],
    "epoch": [
        0,
        1,
        2,
        3,
        4,
        5,
        6,
        7,
        8,
        9,
        10,
        11,
        12,
        13,
        14,
        15,
        16,
        17,
        18,
        19,
        20,
        21,
        22,
        23,
        24,
        25,
        26,
        27,
        28,
        29,
        30,
        31,
        32,
        33,
        34,
        35,
        36,
        37,
        38,
        39,
        40,
        41,
        42,
        43,
        44,
        45,
        46,
        47,
        48,
        49,
        50,
        51,
        52,
        53,
        54,
        55,
        56,
        57,
        58,
        59,
        60,
        61,
        62,
        63,
        64,
        65,
        66,
        67,
        68,
        69,
        70,
        71,
        72,
        73,
        74,
        75,
        76,
        77,
        78,
        79,
        80,
        81,
        82,
        83,
        84,
        85,
        86,
        87,
        88,
        89,
        90,
        91,
        92,
        93,
        94,
        95,
        96,
        97,
        98,
        99
    ],
    "loss": [
        19.244643756321498,
        8.009426457541329,
        4.669300419943673,
        2.942866461617606,
        2.494642530168806,
        2.255213209560939,
        2.0206801210130965,
        2.0899637256349837,
        1.812010952404567,
        1.8698327030454363,
        1.722524847303118,
        1.6033409323011125,
        1.5373381205967493,
        1.4616741623197282,
        1.4189280782427107,
        1.3459455285753523,
        1.3195702348436629,
        1.286084498677935,
        1.2532247986112321,
        1.2958824634552002,
        1.1726430654525757,
        1.1519958802631922,
        1.2190642016274589,
        1.1441130297524589,
        1.1476817982537406,
        1.1470846959522791,
        1.12072377545493,
        1.137448719569615,
        1.0796832868031092,
        1.118169563157218,
        1.0998986789158411,
        1.0677999939237321,
        1.0324371797697884,
        1.1374061277934484,
        1.0641251972743444,
        1.0996333275522505,
        1.0537416679518563,
        1.1003537007740565,
        1.0875585760389055,
        1.122321707861764,
        1.039172615323748,
        1.1883608613695418,
        1.1417612518583025,
        1.1027468613215856,
        1.1296032496861048,
        1.1460562944412231,
        1.1525789839880807,
        1.125534909112113,
        1.1068165813173567,
        1.0189259563173567,
        1.0931056567600794,
        1.0854151248931885,
        1.090519666671753,
        1.0922564949308122,
        1.1180996213640486,
        1.1287458283560616,
        1.0846124035971505,
        1.062691671507699,
        1.1539383700915746,
        1.0711918728692191,
        1.0695978913988387,
        1.0280982511384147,
        1.1192027841295515,
        1.127545782497951,
        1.0898583786828178,
        1.1216930150985718,
        1.0490384612764632,
        0.9965706552777972,
        1.0639463407652718,
        1.0705872348376684,
        1.0414675985063826,
        1.0955151149204798,
        1.0428421241896493,
        1.0397493072918482,
        1.0943799700055803,
        1.0850537504468645,
        1.0959399768284388,
        1.0773939064570837,
        1.1055865117481776,
        1.1126419305801392,
        1.0516530105045863,
        1.1068415556635176,
        1.0973311747823442,
        1.0725394487380981,
        1.0721076216016496,
        1.1104754379817419,
        1.1127390691212244,
        1.1060007129396712,
        1.1066451668739319,
        1.0578157816614424,
        1.1683603354862757,
        1.0431226066180639,
        1.0963872756276811,
        1.0894069841929845,
        1.079746561391013,
        1.084761278969901,
        1.1017274515969413,
        1.0917682988303048,
        1.088228804724557,
        1.0826014706066676
    ],
    "accuracy": [
        0.1477832512315271,
        0.21674876847290642,
        0.22167487684729065,
        0.25862068965517243,
        0.3399014778325123,
        0.3399014778325123,
        0.4014778325123153,
        0.39408866995073893,
        0.458128078817734,
        0.42857142857142855,
        0.46798029556650245,
        0.4802955665024631,
        0.5369458128078818,
        0.5541871921182266,
        0.5640394088669951,
        0.6305418719211823,
        0.6108374384236454,
        0.6231527093596059,
        0.6502463054187192,
        0.6576354679802956,
        0.6847290640394089,
        0.6847290640394089,
        0.6502463054187192,
        0.6773399014778325,
        0.7044334975369458,
        0.6748768472906403,
        0.7192118226600985,
        0.7019704433497537,
        0.7216748768472906,
        0.7216748768472906,
        0.7241379310344828,
        0.729064039408867,
        0.7413793103448276,
        0.6798029556650246,
        0.7364532019704434,
        0.7216748768472906,
        0.7315270935960592,
        0.729064039408867,
        0.7019704433497537,
        0.7241379310344828,
        0.7438423645320197,
        0.6896551724137931,
        0.6970443349753694,
        0.7118226600985221,
        0.7167487684729064,
        0.7241379310344828,
        0.7142857142857143,
        0.6945812807881774,
        0.7118226600985221,
        0.7413793103448276,
        0.7192118226600985,
        0.7463054187192119,
        0.7216748768472906,
        0.7044334975369458,
        0.7241379310344828,
        0.7068965517241379,
        0.7142857142857143,
        0.7463054187192119,
        0.7044334975369458,
        0.7118226600985221,
        0.7241379310344828,
        0.7561576354679803,
        0.6945812807881774,
        0.687192118226601,
        0.7364532019704434,
        0.7019704433497537,
        0.7389162561576355,
        0.7807881773399015,
        0.7044334975369458,
        0.7487684729064039,
        0.7487684729064039,
        0.7167487684729064,
        0.7389162561576355,
        0.7463054187192119,
        0.6995073891625616,
        0.7167487684729064,
        0.7241379310344828,
        0.7512315270935961,
        0.6995073891625616,
        0.6995073891625616,
        0.7463054187192119,
        0.7241379310344828,
        0.7167487684729064,
        0.7167487684729064,
        0.7167487684729064,
        0.7192118226600985,
        0.6896551724137931,
        0.7019704433497537,
        0.7044334975369458,
        0.7413793103448276,
        0.6970443349753694,
        0.7266009852216748,
        0.7068965517241379,
        0.6896551724137931,
        0.7512315270935961,
        0.7167487684729064,
        0.6945812807881774,
        0.7192118226600985,
        0.7118226600985221,
        0.7093596059113301
    ],