{
    "model": [
        "TIM"
    ],
    "epoch": [],
    "loss": [
        0.9077166616916656
    ],
    "accuracy": [
        0.7321428571428571
    ],
    "recall": [
        0.7321428571428571
    ],
    "precision": [
        0.7677808302808302
    ],
    "f1_score": [
        0.735590546563453
    ]
}