{
    "model": [
        "TIM"
    ],
    "epoch": [],
    "loss": [
        0.7571869790554047
    ],
    "accuracy": [
        0.8125
    ],
    "recall": [
        0.8125
    ],
    "precision": [
        0.8280866192630898
    ],
    "f1_score": [
        0.8164183312452631
    ]
}