{
    "model": [
        "TIM"
    ],
    "epoch": [],
    "loss": [
        0.7377910315990448
    ],
    "accuracy": [
        0.7970297029702971
    ],
    "recall": [
        0.7959788159295549
    ],
    "precision": [
        0.8150794800678892
    ],
    "f1_score": [
        0.7987702806741072
    ]
}