{
    "model": [
        "CkTIM"
    ],
    "epoch": [
        0,
        1,
        2,
        3,
        4,
        5,
        6,
        7,
        8,
        9,
        10,
        11,
        12,
        13,
        14,
        15,
        16,
        17,
        18,
        19,
        20,
        21,
        22,
        23,
        24,
        25,
        26,
        27,
        28,
        29,
        30,
        31,
        32,
        33,
        34,
        35,
        36,
        37,
        38,
        39,
        40,
        41,
        42,
        43,
        44,
        45,
        46,
        47,
        48,
        49,
        50,
        51,
        52,
        53,
        54,
        55,
        56,
        57,
        58,
        59,
        60,
        61,
        62,
        63,
        64,
        65,
        66,
        67,
        68,
        69,
        70,
        71,
        72,
        73,
        74,
        75,
        76,
        77,
        78,
        79,
        80,
        81,
        82,
        83,
        84,
        85,
        86,
        87,
        88,
        89,
        90,
        91,
        92,
        93,
        94,
        95,
        96,
        97,
        98,
        99
    ],
    "loss": [
        6248.429827008928,
        2070.496738978795,
        1191.24369594029,
        749.3278154645648,
        433.90134974888394,
        291.664315359933,
        180.8841792515346,
        166.13628278459822,
        152.31607273646765,
        105.04158782958984,
        91.0625468662807,
        108.83816637311664,
        108.26158469063895,
        100.4657712663923,
        97.1308114188058,
        77.92015402657645,
        63.11345618111746,
        63.49912970406668,
        65.30723108564105,
        47.97948946271624,
        46.87574822562082,
        42.1367974962507,
        42.194484438214985,
        38.35854721069336,
        41.207130432128906,
        42.30105863298689,
        40.8862544468471,
        33.07703290666853,
        38.23730795724051,
        34.64766311645508,
        36.03857776096889,
        36.77264077322824,
        34.12224224635533,
        32.905478613717214,
        35.55711909702846,
        37.816397530691965,
        36.14213752746582,
        35.89792060852051,
        41.18390328543527,
        35.68282890319824,
        35.786907468523296,
        32.074362891060964,
        38.20943995884487,
        34.51457132611956,
        28.577966962541854,
        30.689631870814733,
        30.857868467058456,
        28.556558881487167,
        30.32513972691127,
        32.216475350516184,
        27.623591559273855,
        31.359105246407644,
        28.81829289027623,
        29.919914518083846,
        28.02328654697963,
        28.650436401367188,
        31.257885796683176,
        29.161714826311385,
        28.991830825805664,
        30.780133928571427,
        27.21355084010533,
        28.9541015625,
        28.040558678763254,
        27.022857121058873,
        30.32459286281041,
        29.149441037859237,
        26.488176073346818,
        28.962717873709543,
        29.405386516026088,
        24.696800231933594,
        31.299265452793666,
        27.706194196428573,
        27.85237612043108,
        27.229417528424943,
        28.45819228036063,
        27.434189115251815,
        25.02401215689523,
        28.739444732666016,
        26.331348146711075,
        27.886530467442103,
        26.931019919259207,
        36.54600851876395,
        29.57044928414481,
        25.724958964756556,
        32.66273089817592,
        31.627733503069198,
        28.38566698346819,
        30.61357389177595,
        29.43089975629534,
        27.655252729143417,
        26.217538288661412,
        30.345291137695312,
        27.9253967830113,
        30.29504884992327,
        27.9872248513358,
        27.13383456638881,
        25.217076982770646,
        33.16167122977121,
        27.545543670654297,
        25.312820434570312
    ],
    "accuracy": [
        0.15270935960591134,
        0.21921182266009853,
        0.2413793103448276,
        0.31527093596059114,
        0.3793103448275862,
        0.4187192118226601,
        0.4630541871921182,
        0.47783251231527096,
        0.4630541871921182,
        0.5270935960591133,
        0.5172413793103449,
        0.49261083743842365,
        0.4975369458128079,
        0.4605911330049261,
        0.4753694581280788,
        0.5,
        0.5049261083743842,
        0.5344827586206896,
        0.5197044334975369,
        0.5714285714285714,
        0.603448275862069,
        0.6305418719211823,
        0.6059113300492611,
        0.6231527093596059,
        0.5812807881773399,
        0.6059113300492611,
        0.583743842364532,
        0.6354679802955665,
        0.6059113300492611,
        0.6083743842364532,
        0.6108374384236454,
        0.6206896551724138,
        0.6206896551724138,
        0.6305418719211823,
        0.6502463054187192,
        0.5714285714285714,
        0.6305418719211823,
        0.6280788177339901,
        0.6009852216748769,
        0.625615763546798,
        0.5911330049261084,
        0.6280788177339901,
        0.6231527093596059,
        0.6182266009852216,
        0.6699507389162561,
        0.6477832512315271,
        0.6403940886699507,
        0.6206896551724138,
        0.6206896551724138,
        0.6354679802955665,
        0.6502463054187192,
        0.6157635467980296,
        0.6354679802955665,
        0.5985221674876847,
        0.6674876847290641,
        0.6133004926108374,
        0.603448275862069,
        0.6231527093596059,
        0.6108374384236454,
        0.6379310344827587,
        0.6527093596059114,
        0.6650246305418719,
        0.6330049261083743,
        0.6379310344827587,
        0.6379310344827587,
        0.6305418719211823,
        0.6379310344827587,
        0.6157635467980296,
        0.6428571428571429,
        0.6748768472906403,
        0.6083743842364532,
        0.645320197044335,
        0.6527093596059114,
        0.6108374384236454,
        0.645320197044335,
        0.6502463054187192,
        0.6674876847290641,
        0.6403940886699507,
        0.6305418719211823,
        0.6576354679802956,
        0.6403940886699507,
        0.6157635467980296,
        0.6305418719211823,
        0.6206896551724138,
        0.5985221674876847,
        0.6182266009852216,
        0.645320197044335,
        0.603448275862069,
        0.6551724137931034,
        0.6280788177339901,
        0.6551724137931034,
        0.6206896551724138,
        0.6182266009852216,
        0.6379310344827587,
        0.6699507389162561,
        0.6305418719211823,
        0.6477832512315271,
        0.6108374384236454,
        0.6477832512315271,
        0.6650246305418719
    ],