{
    "model": [
        "ckTIMkAN"
    ],
    "epoch": [
        0,
        1,
        2,
        3,
        4,
        5,
        6,
        7,
        8,
        9,
        10,
        11,
        12,
        13,
        14,
        15,
        16,
        17,
        18,
        19,
        20,
        21,
        22,
        23,
        24,
        25,
        26,
        27,
        28,
        29,
        30,
        31,
        32,
        33,
        34,
        35,
        36,
        37,
        38,
        39,
        40,
        41,
        42,
        43,
        44,
        45,
        46,
        47,
        48,
        49,
        50,
        51,
        52,
        53,
        54,
        55,
        56,
        57,
        58,
        59,
        60,
        61,
        62,
        63,
        64,
        65,
        66,
        67,
        68,
        69,
        70,
        71,
        72,
        73,
        74,
        75,
        76,
        77,
        78,
        79,
        80,
        81,
        82,
        83,
        84,
        85,
        86,
        87,
        88,
        89,
        90,
        91,
        92,
        93,
        94,
        95,
        96,
        97,
        98,
        99
    ],
    "loss": [
        4121.502162388393,
        2697.89217703683,
        1533.0655168805804,
        1620.0088588169642,
        1559.5378243582588,
        1323.1241891043526,
        1472.7880336216517,
        1328.2840576171875,
        1415.6078578404017,
        1060.6519252232142,
        1528.0862426757812,
        1042.4015851702009,
        1109.5970982142858,
        1055.584184919085,
        723.3308846609933,
        631.527827671596,
        677.1246425083706,
        692.3435320172991,
        662.9305986676898,
        723.8557608468192,
        755.04050554548,
        531.3909476143973,
        609.8842293875558,
        495.43897792271207,
        655.251220703125,
        522.2538539341518,
        498.487557547433,
        464.8147670200893,
        452.510262625558,
        473.3693324497768,
        327.92925807407926,
        476.78280857631137,
        390.26133946010043,
        429.660888671875,
        375.9772469656808,
        352.43827165876115,
        301.7814396449498,
        311.92777143205916,
        278.25059509277344,
        245.74473135811942,
        256.94517735072543,
        334.32029942103793,
        276.6253771100725,
        264.2594909667969,
        358.7166530064174,
        347.6678575788225,
        282.60227966308594,
        261.80033220563615,
        214.998779296875,
        259.88706752232144,
        267.1788548060826,
        199.1704864501953,
        325.626453944615,
        245.7389678955078,
        290.88194274902344,
        256.75716073172435,
        276.6174883161272,
        244.26048932756697,
        330.36851283482144,
        193.68245588030135,
        309.0106637137277,
        230.24331883021765,
        247.66249520438058,
        260.9018009730748,
        245.81934683663505,
        273.7737295968192,
        250.72986493791853,
        226.1739545549665,
        313.73523603166853,
        293.77654811314176,
        248.41978236607142,
        253.75291660853796,
        225.45709010532923,
        264.82246834891185,
        232.30165100097656,
        232.08182634626115,
        265.67980521065846,
        243.76265389578683,
        253.11815534319197,
        335.75142342703685,
        242.58100237165178,
        239.05762372698103,
        226.82182965959822,
        241.20446559361048,
        250.07813153948103,
        275.5658634730748,
        324.1524396623884,
        259.2996826171875,
        271.77737208775113,
        272.4710911342076,
        270.66103907993863,
        219.14461844308036,
        277.06399318150113,
        307.3799285888672,
        211.6137433733259,
        250.62290736607142,
        244.03332737513952,
        233.6282217843192,
        289.9483119419643,
        227.22402954101562
    ],
    "accuracy": [
        0.16502463054187191,
        0.2019704433497537,
        0.2438423645320197,
        0.23399014778325122,
        0.2512315270935961,
        0.2660098522167488,
        0.28078817733990147,
        0.33497536945812806,
        0.31527093596059114,
        0.35714285714285715,
        0.3103448275862069,
        0.3472906403940887,
        0.33251231527093594,
        0.3497536945812808,
        0.458128078817734,
        0.458128078817734,
        0.4630541871921182,
        0.3793103448275862,
        0.3866995073891626,
        0.42857142857142855,
        0.43349753694581283,
        0.45566502463054187,
        0.46551724137931033,
        0.4827586206896552,
        0.41625615763546797,
        0.43842364532019706,
        0.43349753694581283,
        0.47044334975369456,
        0.4852216748768473,
        0.4482758620689655,
        0.5246305418719212,
        0.5049261083743842,
        0.4802955665024631,
        0.4014778325123153,
        0.5295566502463054,
        0.5098522167487685,
        0.5541871921182266,
        0.5394088669950738,
        0.5147783251231527,
        0.5935960591133005,
        0.5566502463054187,
        0.5221674876847291,
        0.5788177339901478,
        0.5517241379310345,
        0.5,
        0.5,
        0.5738916256157636,
        0.5320197044334976,
        0.6379310344827587,
        0.5591133004926109,
        0.5665024630541872,
        0.6305418719211823,
        0.5443349753694581,
        0.5862068965517241,
        0.5295566502463054,
        0.5689655172413793,
        0.5591133004926109,
        0.6133004926108374,
        0.49507389162561577,
        0.645320197044335,
        0.49507389162561577,
        0.5886699507389163,
        0.5911330049261084,
        0.5985221674876847,
        0.5812807881773399,
        0.5788177339901478,
        0.583743842364532,
        0.5911330049261084,
        0.5270935960591133,
        0.5591133004926109,
        0.5689655172413793,
        0.5541871921182266,
        0.5886699507389163,
        0.5467980295566502,
        0.5812807881773399,
        0.5738916256157636,
        0.6157635467980296,
        0.5467980295566502,
        0.583743842364532,
        0.5123152709359606,
        0.583743842364532,
        0.6009852216748769,
        0.5665024630541872,
        0.5862068965517241,
        0.583743842364532,
        0.5665024630541872,
        0.4975369458128079,
        0.5763546798029556,
        0.5541871921182266,
        0.5738916256157636,
        0.5714285714285714,
        0.6108374384236454,
        0.5467980295566502,
        0.5270935960591133,
        0.6157635467980296,
        0.6182266009852216,
        0.5738916256157636,
        0.5886699507389163,
        0.5615763546798029,
        0.5665024630541872
    ],