{
    "model": [
        "CkTIM"
    ],
    "epoch": [
        0,
        1,
        2,
        3,
        4,
        5,
        6,
        7,
        8,
        9,
        10,
        11,
        12,
        13,
        14,
        15,
        16,
        17,
        18,
        19,
        20,
        21,
        22,
        23,
        24,
        25,
        26,
        27,
        28,
        29,
        30,
        31,
        32,
        33,
        34,
        35,
        36,
        37,
        38,
        39,
        40,
        41,
        42,
        43,
        44,
        45,
        46,
        47,
        48,
        49,
        50,
        51,
        52,
        53,
        54,
        55,
        56,
        57,
        58,
        59,
        60,
        61,
        62,
        63,
        64,
        65,
        66,
        67,
        68,
        69,
        70,
        71,
        72,
        73,
        74,
        75,
        76,
        77,
        78,
        79,
        80,
        81,
        82,
        83,
        84,
        85,
        86,
        87,
        88,
        89,
        90,
        91,
        92,
        93,
        94,
        95,
        96,
        97,
        98,
        99
    ],
    "loss": [
        8761.29624720982,
        3571.889491489955,
        1651.2131522042412,
        795.3512747628348,
        438.87596348353793,
        296.47672162737166,
        187.46051243373327,
        176.9550541469029,
        111.09160831996373,
        80.66927991594586,
        77.96896525791713,
        73.56950323922294,
        78.93953323364258,
        48.8929318019322,
        50.93016842433384,
        38.900491169520784,
        36.38527624947684,
        35.96179008483887,
        33.52756881713867,
        27.835782732282365,
        25.232039860316686,
        30.0141419001988,
        25.879925319126674,
        20.197327068873815,
        18.69517775944301,
        17.645355088370188,
        16.10146359034947,
        16.47225911276681,
        16.67245156424386,
        19.128977503095353,
        14.913608959742955,
        11.082663672310966,
        9.180150168282646,
        10.038215569087438,
        9.981640475136894,
        6.980586188180106,
        6.388758250645229,
        6.300333227430071,
        5.364789077213833,
        4.630902120045254,
        4.261564629418509,
        3.7133280549730574,
        2.6511243411472867,
        2.5635296446936473,
        2.206216641834804,
        1.7209008080618722,
        1.4066210303987776,
        1.1993197798728943,
        1.087995103427342,
        1.068064272403717,
        1.0714527879442488,
        1.0483632258006506,
        1.0937592472348894,
        1.0454939603805542,
        1.0161397286823817,
        1.053460112639836,
        1.0081573554447718,
        1.0415387919970922,
        1.0104673504829407,
        1.0075272236551558,
        0.9873893005507333,
        1.0188585604940141,
        1.0254579271589006,
        1.0653130156653268,
        1.0140730227742876,
        1.0102883407047816,
        1.0147061092512948,
        0.9848189439092364,
        1.0179865445409502,
        1.0520918454442705,
        1.0403514078685216,
        1.000173704964774,
        1.0010798488344466,
        0.9934084415435791,
        1.0665576032229833,
        1.005603815828051,
        1.0377048083714075,
        1.0407063620431083,
        0.9993575470788139,
        1.0117192268371582,
        1.0209713748523168,
        1.0441792947905404,
        1.0199761135237557,
        1.0152748141969954,
        1.0088208743504115,
        1.0270796588488988,
        1.0680011425699507,
        1.0332043511526925,
        1.008832837854113,
        1.0016579117093767,
        1.0684635383742196,
        1.017451524734497,
        1.0251199858529227,
        1.0256224615233285,
        1.0157183153288705,
        1.0018427542277746,
        1.0619390862328666,
        0.9900285431316921,
        0.9975241082055228,
        1.0455690281731742
    ],
    "accuracy": [
        0.11822660098522167,
        0.23645320197044334,
        0.312807881773399,
        0.29802955665024633,
        0.3669950738916256,
        0.4236453201970443,
        0.4458128078817734,
        0.45566502463054187,
        0.4876847290640394,
        0.5517241379310345,
        0.5394088669950738,
        0.5615763546798029,
        0.5394088669950738,
        0.5615763546798029,
        0.5738916256157636,
        0.5911330049261084,
        0.5862068965517241,
        0.5788177339901478,
        0.5812807881773399,
        0.625615763546798,
        0.625615763546798,
        0.5862068965517241,
        0.5665024630541872,
        0.5714285714285714,
        0.6231527093596059,
        0.5960591133004927,
        0.6403940886699507,
        0.6108374384236454,
        0.5985221674876847,
        0.5443349753694581,
        0.6059113300492611,
        0.6280788177339901,
        0.6502463054187192,
        0.6059113300492611,
        0.6059113300492611,
        0.6502463054187192,
        0.6600985221674877,
        0.583743842364532,
        0.6428571428571429,
        0.6403940886699507,
        0.6280788177339901,
        0.6576354679802956,
        0.7044334975369458,
        0.6847290640394089,
        0.6403940886699507,
        0.6798029556650246,
        0.6798029556650246,
        0.6822660098522167,
        0.7216748768472906,
        0.729064039408867,
        0.7438423645320197,
        0.7463054187192119,
        0.7216748768472906,
        0.7266009852216748,
        0.7512315270935961,
        0.7438423645320197,
        0.7586206896551724,
        0.7684729064039408,
        0.7487684729064039,
        0.7512315270935961,
        0.7610837438423645,
        0.7561576354679803,
        0.7389162561576355,
        0.7413793103448276,
        0.770935960591133,
        0.7463054187192119,
        0.7660098522167488,
        0.7832512315270936,
        0.7857142857142857,
        0.7216748768472906,
        0.7635467980295566,
        0.7758620689655172,
        0.7832512315270936,
        0.7364532019704434,
        0.7364532019704434,
        0.7610837438423645,
        0.7413793103448276,
        0.7561576354679803,
        0.7610837438423645,
        0.7536945812807881,
        0.7684729064039408,
        0.7536945812807881,
        0.7364532019704434,
        0.770935960591133,
        0.7463054187192119,
        0.7315270935960592,
        0.7487684729064039,
        0.7733990147783252,
        0.7783251231527094,
        0.7832512315270936,
        0.729064039408867,
        0.7536945812807881,
        0.7438423645320197,
        0.7783251231527094,
        0.7561576354679803,
        0.7610837438423645,
        0.7315270935960592,
        0.7586206896551724,
        0.7758620689655172,
        0.7364532019704434
    ],