{
    "model": [
        "CkTIM"
    ],
    "epoch": [
        0,
        1,
        2,
        3,
        4,
        5,
        6,
        7,
        8,
        9,
        10,
        11,
        12,
        13,
        14,
        15,
        16,
        17,
        18,
        19,
        20,
        21,
        22,
        23,
        24,
        25,
        26,
        27,
        28,
        29,
        30,
        31,
        32,
        33,
        34,
        35,
        36,
        37,
        38,
        39,
        40,
        41,
        42,
        43,
        44,
        45,
        46,
        47,
        48,
        49,
        50,
        51,
        52,
        53,
        54,
        55,
        56,
        57,
        58,
        59,
        60,
        61,
        62,
        63,
        64,
        65,
        66,
        67,
        68,
        69,
        70,
        71,
        72,
        73,
        74,
        75,
        76,
        77,
        78,
        79,
        80,
        81,
        82,
        83,
        84,
        85,
        86,
        87,
        88,
        89,
        90,
        91,
        92,
        93,
        94,
        95,
        96,
        97,
        98,
        99
    ],
    "loss": [
        8847.344935825893,
        3645.3260323660716,
        1963.2707693917412,
        1008.0494559151786,
        783.0060599190848,
        751.3319004603794,
        649.1071036202567,
        609.0878034319196,
        577.2866646902902,
        652.3823590959821,
        512.3347429547991,
        505.3686959402902,
        567.177250453404,
        484.2012285505022,
        441.7964608328683,
        449.5971897670201,
        474.76387677873885,
        418.94508579799106,
        478.47264317103793,
        504.6248997279576,
        485.9471348353795,
        327.83748735700334,
        320.2433384486607,
        312.0307050432478,
        317.834481375558,
        349.6141880580357,
        248.09002685546875,
        274.4897984095982,
        256.40850612095426,
        317.60209001813615,
        249.45062909807478,
        274.9346684047154,
        244.2794669015067,
        256.46780177525113,
        229.50760541643416,
        279.40296936035156,
        277.05434962681363,
        269.7004656110491,
        279.8645259312221,
        276.16214643205916,
        248.23377336774553,
        254.2365439278739,
        284.6297367640904,
        252.37432643345423,
        270.97624642508373,
        295.8678196498326,
        275.9418509347098,
        259.55574689592635,
        251.51318141392298,
        252.4535173688616,
        253.65882873535156,
        261.18768310546875,
        269.63707188197543,
        246.01912362234933,
        240.33830915178572,
        295.73343767438615,
        258.99429757254467,
        218.48566109793526,
        236.45784432547433,
        264.4155033656529,
        268.8603057861328,
        230.00594220842635,
        280.7802952357701,
        240.77884783063615,
        224.41146632603235,
        235.6520778111049,
        259.9442029680525,
        228.96100507463728,
        218.09834507533483,
        222.68755449567522,
        231.03673226492745,
        254.02242170061385,
        267.6111275809152,
        245.47621372767858,
        276.29832458496094,
        242.2403608049665,
        297.1286926269531,
        217.13959394182478,
        241.39478410993303,
        253.66129847935267,
        236.67944553920202,
        230.48829432896204,
        262.4371250697545,
        264.1957310267857,
        224.53462873186385,
        288.14354814801897,
        242.3727765764509,
        257.9047611781529,
        242.06228855678015,
        223.6079384940011,
        239.12866428920202,
        223.92606462751115,
        245.3334971836635,
        285.70460292271207,
        258.4011906215123,
        219.9351087297712,
        242.4118172781808,
        227.4271697998047,
        257.26429530552457,
        258.62198747907365
    ],
    "accuracy": [
        0.16748768472906403,
        0.21674876847290642,
        0.26108374384236455,
        0.21428571428571427,
        0.270935960591133,
        0.2733990147783251,
        0.2832512315270936,
        0.35960591133004927,
        0.3399014778325123,
        0.3399014778325123,
        0.3793103448275862,
        0.34236453201970446,
        0.39901477832512317,
        0.3645320197044335,
        0.41133004926108374,
        0.3817733990147783,
        0.4039408866995074,
        0.43349753694581283,
        0.4014778325123153,
        0.4187192118226601,
        0.4211822660098522,
        0.4753694581280788,
        0.47044334975369456,
        0.458128078817734,
        0.4975369458128079,
        0.4433497536945813,
        0.5049261083743842,
        0.4802955665024631,
        0.4975369458128079,
        0.47783251231527096,
        0.5270935960591133,
        0.5049261083743842,
        0.49261083743842365,
        0.5197044334975369,
        0.5295566502463054,
        0.5147783251231527,
        0.5221674876847291,
        0.49261083743842365,
        0.5,
        0.458128078817734,
        0.4876847290640394,
        0.4975369458128079,
        0.45566502463054187,
        0.49014778325123154,
        0.5270935960591133,
        0.5197044334975369,
        0.5221674876847291,
        0.5344827586206896,
        0.5270935960591133,
        0.4876847290640394,
        0.5,
        0.5197044334975369,
        0.5369458128078818,
        0.5295566502463054,
        0.5344827586206896,
        0.4753694581280788,
        0.5295566502463054,
        0.5763546798029556,
        0.5073891625615764,
        0.5098522167487685,
        0.5172413793103449,
        0.5714285714285714,
        0.4630541871921182,
        0.5541871921182266,
        0.4876847290640394,
        0.5197044334975369,
        0.4753694581280788,
        0.5443349753694581,
        0.541871921182266,
        0.5049261083743842,
        0.5147783251231527,
        0.5295566502463054,
        0.5073891625615764,
        0.5049261083743842,
        0.5221674876847291,
        0.4802955665024631,
        0.5246305418719212,
        0.5492610837438424,
        0.5123152709359606,
        0.5049261083743842,
        0.5221674876847291,
        0.49507389162561577,
        0.4975369458128079,
        0.4975369458128079,
        0.5246305418719212,
        0.4975369458128079,
        0.5172413793103449,
        0.4753694581280788,
        0.5221674876847291,
        0.5246305418719212,
        0.5369458128078818,
        0.5344827586206896,
        0.5295566502463054,
        0.4729064039408867,
        0.5147783251231527,
        0.5640394088669951,
        0.49507389162561577,
        0.5517241379310345,
        0.5147783251231527,
        0.5320197044334976
    ],