{
    "model": [
        "ckTIM"
    ],
    "epoch": [
        0,
        1,
        2,
        3,
        4,
        5,
        6,
        7,
        8,
        9,
        10,
        11,
        12,
        13,
        14,
        15,
        16,
        17,
        18,
        19,
        20,
        21,
        22,
        23,
        24,
        25,
        26,
        27,
        28,
        29,
        30,
        31,
        32,
        33,
        34,
        35,
        36,
        37,
        38,
        39,
        40,
        41,
        42,
        43,
        44,
        45,
        46,
        47,
        48,
        49,
        50,
        51,
        52,
        53,
        54,
        55,
        56,
        57,
        58,
        59,
        60,
        61,
        62,
        63,
        64,
        65,
        66,
        67,
        68,
        69,
        70,
        71,
        72,
        73,
        74,
        75,
        76,
        77,
        78,
        79,
        80,
        81,
        82,
        83,
        84,
        85,
        86,
        87,
        88,
        89,
        90,
        91,
        92,
        93,
        94,
        95,
        96,
        97,
        98,
        99
    ],
    "loss": [
        4077.5940987723216,
        2569.9915771484375,
        1456.4721156529017,
        1540.0727800641741,
        1599.116943359375,
        1159.52388218471,
        1368.6522216796875,
        1338.7080601283483,
        1361.2158813476562,
        1044.8184727260045,
        1643.1072387695312,
        1077.1180768694196,
        1303.3478306361608,
        1022.0466744559152,
        731.3316127232143,
        639.019792829241,
        680.7472359793527,
        650.284685407366,
        601.0171465192523,
        676.43357195173,
        756.6311514718192,
        500.52587890625,
        593.400617327009,
        503.1880580357143,
        673.4351021902902,
        532.8727111816406,
        474.306161063058,
        468.03602818080356,
        383.117189679827,
        442.47384207589283,
        370.3478328159877,
        467.8334263392857,
        337.3456573486328,
        413.11629813058033,
        360.28797912597656,
        373.3445783342634,
        378.35765075683594,
        359.00384521484375,
        356.3187168666295,
        297.198006766183,
        319.98325892857144,
        400.72252764020647,
        353.2504119873047,
        338.74339076450894,
        456.72296142578125,
        395.760740007673,
        411.0791538783482,
        332.80413818359375,
        281.19798496791293,
        317.17102486746654,
        305.7901284354074,
        242.1277313232422,
        361.66479056222096,
        284.3398197719029,
        343.83935982840404,
        290.00004141671315,
        319.7830069405692,
        303.58851623535156,
        384.9896763392857,
        238.38900538853235,
        372.17547389439176,
        283.79016767229353,
        279.29632568359375,
        295.55111258370533,
        316.6438664027623,
        333.61873517717635,
        294.1251547677176,
        270.3152988978795,
        369.2451913016183,
        347.4320722307478,
        290.51329258510043,
        283.68293326241627,
        275.6143493652344,
        307.53162057059154,
        281.8317609514509,
        270.1668395996094,
        284.49515860421315,
        285.7979932512556,
        313.98455592564176,
        409.96618216378346,
        284.59524972098217,
        305.7840379987444,
        258.17813982282365,
        276.9999673025949,
        304.9583958217076,
        329.6451198032924,
        400.46048409598217,
        303.41121564592635,
        330.3798370361328,
        326.1239253452846,
        326.5978437151228,
        253.4882550920759,
        324.42469569614957,
        362.31619916643416,
        251.45580836704798,
        287.42185756138394,
        304.5038582938058,
        285.65010724748885,
        348.9759499686105,
        280.44742257254467
    ],
    "accuracy": [
        0.15270935960591134,
        0.20935960591133004,
        0.2315270935960591,
        0.23399014778325122,
        0.2315270935960591,
        0.29310344827586204,
        0.2857142857142857,
        0.2857142857142857,
        0.31773399014778325,
        0.3374384236453202,
        0.3054187192118227,
        0.3226600985221675,
        0.29310344827586204,
        0.3522167487684729,
        0.42857142857142855,
        0.458128078817734,
        0.42610837438423643,
        0.39408866995073893,
        0.41379310344827586,
        0.43349753694581283,
        0.4236453201970443,
        0.4458128078817734,
        0.45320197044334976,
        0.4852216748768473,
        0.39901477832512317,
        0.4482758620689655,
        0.4852216748768473,
        0.4876847290640394,
        0.5517241379310345,
        0.45073891625615764,
        0.5344827586206896,
        0.49507389162561577,
        0.5270935960591133,
        0.4630541871921182,
        0.5394088669950738,
        0.5197044334975369,
        0.49014778325123154,
        0.5024630541871922,
        0.4852216748768473,
        0.5541871921182266,
        0.5073891625615764,
        0.49507389162561577,
        0.5640394088669951,
        0.5221674876847291,
        0.4975369458128079,
        0.5073891625615764,
        0.4876847290640394,
        0.5295566502463054,
        0.5738916256157636,
        0.5492610837438424,
        0.5862068965517241,
        0.6083743842364532,
        0.5098522167487685,
        0.5369458128078818,
        0.5,
        0.541871921182266,
        0.5246305418719212,
        0.5566502463054187,
        0.49507389162561577,
        0.5911330049261084,
        0.45566502463054187,
        0.5615763546798029,
        0.5738916256157636,
        0.5566502463054187,
        0.5369458128078818,
        0.5467980295566502,
        0.541871921182266,
        0.5517241379310345,
        0.5344827586206896,
        0.5147783251231527,
        0.5344827586206896,
        0.5443349753694581,
        0.5517241379310345,
        0.5073891625615764,
        0.541871921182266,
        0.5566502463054187,
        0.5911330049261084,
        0.5123152709359606,
        0.5492610837438424,
        0.5098522167487685,
        0.5640394088669951,
        0.5591133004926109,
        0.5665024630541872,
        0.5591133004926109,
        0.5566502463054187,
        0.5123152709359606,
        0.4482758620689655,
        0.5197044334975369,
        0.4852216748768473,
        0.5344827586206896,
        0.5517241379310345,
        0.5665024630541872,
        0.49261083743842365,
        0.5024630541871922,
        0.5295566502463054,
        0.583743842364532,
        0.5788177339901478,
        0.5517241379310345,
        0.5615763546798029,
        0.5172413793103449
    ],