{
    "model": [
        "TIM"
    ],
    "epoch": [
        0,
        1,
        2,
        3,
        4,
        5,
        6,
        7,
        8,
        9,
        10,
        11,
        12,
        13,
        14,
        15,
        16,
        17,
        18,
        19,
        20,
        21,
        22,
        23,
        24,
        25,
        26,
        27,
        28,
        29,
        30,
        31,
        32,
        33,
        34,
        35,
        36,
        37,
        38,
        39,
        40,
        41,
        42,
        43,
        44,
        45,
        46,
        47,
        48,
        49,
        50,
        51,
        52,
        53,
        54,
        55,
        56,
        57,
        58,
        59,
        60,
        61,
        62,
        63,
        64,
        65,
        66,
        67,
        68,
        69,
        70,
        71,
        72,
        73,
        74,
        75,
        76,
        77,
        78,
        79,
        80,
        81,
        82,
        83,
        84,
        85,
        86,
        87,
        88,
        89,
        90,
        91,
        92,
        93,
        94,
        95,
        96,
        97,
        98,
        99
    ],
    "loss": [
        18.679552486964635,
        6.940004553113665,
        3.8294729505266463,
        3.020359379904611,
        2.393664632524763,
        2.237499407359532,
        1.9152219806398665,
        1.9970701251711165,
        1.794987337929862,
        1.7887711695262365,
        1.7386765309742518,
        1.612195951598031,
        1.4577578135899134,
        1.4734785216195243,
        1.4345308712550573,
        1.327636480331421,
        1.2276112181799752,
        1.2919096946716309,
        1.2774734497070312,
        1.2535194499152047,
        1.2531395639692033,
        1.2024023021970476,
        1.2338635069983346,
        1.1609232936586653,
        1.1874113934380668,
        1.1098864589418684,
        1.1340246541159493,
        1.1087740319115775,
        1.110019496509007,
        1.1288103376116072,
        1.1042122840881348,
        1.1339641979762487,
        1.074505295072283,
        1.1184160028185164,
        1.066858981336866,
        1.0956460748400008,
        1.098711541720799,
        1.136710490499224,
        1.0687724011284965,
        1.0993943214416504,
        1.085082267011915,
        1.145965644291469,
        1.131437795502799,
        1.1404499837330409,
        1.1632372311183385,
        1.1496152196611678,
        1.1978727919714791,
        1.1180227313722884,
        1.0793721505573817,
        1.0204018354415894,
        1.115028977394104,
        1.0634030614580428,
        1.0981586916106088,
        1.0852323429925101,
        1.1375943081719535,
        1.0849618996892656,
        1.1260446310043335,
        1.0566137518201555,
        1.1675358329500471,
        1.0599338838032313,
        1.0834961107798986,
        1.0660168102809362,
        1.1218988043921334,
        1.130767856325422,
        1.1102013077054704,
        1.1232674292155675,
        1.0911417177745275,
        1.0275333438600813,
        1.0746314695903234,
        1.1226343086787633,
        1.0895329373223441,
        1.0825853432927812,
        1.0429513880184718,
        1.0099958436829704,
        1.1105047719819205,
        1.1100613559995378,
        1.1044835874012537,
        1.1303012711661202,
        1.0858991316386633,
        1.0950974055698939,
        1.0952297449111938,
        1.1323935644967216,
        1.1227841547557287,
        1.095256243433271,
        1.0844947440283639,
        1.1127595390592302,
        1.1057318449020386,
        1.1818505695887975,
        1.0745660407202584,
        1.061863626752581,
        1.1688661745616369,
        1.049877337047032,
        1.068862693650382,
        1.1064409017562866,
        1.0632285731179374,
        1.0748789991651262,
        1.1387306792395455,
        1.1094848939350672,
        1.0833229678017753,
        1.1289098433085851
    ],
    "accuracy": [
        0.1625615763546798,
        0.2536945812807882,
        0.2512315270935961,
        0.270935960591133,
        0.2857142857142857,
        0.33251231527093594,
        0.3916256157635468,
        0.39408866995073893,
        0.4630541871921182,
        0.4211822660098522,
        0.4458128078817734,
        0.45566502463054187,
        0.5369458128078818,
        0.5443349753694581,
        0.5788177339901478,
        0.6108374384236454,
        0.6403940886699507,
        0.6182266009852216,
        0.625615763546798,
        0.6625615763546798,
        0.6379310344827587,
        0.6576354679802956,
        0.6182266009852216,
        0.6773399014778325,
        0.6527093596059114,
        0.687192118226601,
        0.7019704433497537,
        0.6896551724137931,
        0.6798029556650246,
        0.6921182266009852,
        0.6945812807881774,
        0.6822660098522167,
        0.7266009852216748,
        0.6995073891625616,
        0.6921182266009852,
        0.7068965517241379,
        0.7192118226600985,
        0.7167487684729064,
        0.7315270935960592,
        0.7438423645320197,
        0.729064039408867,
        0.7216748768472906,
        0.6921182266009852,
        0.7118226600985221,
        0.7044334975369458,
        0.6773399014778325,
        0.6921182266009852,
        0.7019704433497537,
        0.7093596059113301,
        0.7266009852216748,
        0.7216748768472906,
        0.7192118226600985,
        0.7044334975369458,
        0.7364532019704434,
        0.6970443349753694,
        0.7167487684729064,
        0.6625615763546798,
        0.7216748768472906,
        0.6798029556650246,
        0.7192118226600985,
        0.729064039408867,
        0.7364532019704434,
        0.6896551724137931,
        0.6674876847290641,
        0.7019704433497537,
        0.7019704433497537,
        0.729064039408867,
        0.7364532019704434,
        0.6995073891625616,
        0.7068965517241379,
        0.7241379310344828,
        0.7093596059113301,
        0.7413793103448276,
        0.7586206896551724,
        0.6921182266009852,
        0.6970443349753694,
        0.7019704433497537,
        0.7364532019704434,
        0.7167487684729064,
        0.687192118226601,
        0.7142857142857143,
        0.6896551724137931,
        0.687192118226601,
        0.6970443349753694,
        0.7192118226600985,
        0.7068965517241379,
        0.7241379310344828,
        0.6625615763546798,
        0.7118226600985221,
        0.7512315270935961,
        0.7093596059113301,
        0.7413793103448276,
        0.7142857142857143,
        0.7266009852216748,
        0.7192118226600985,
        0.7068965517241379,
        0.6921182266009852,
        0.7266009852216748,
        0.6847290640394089,
        0.7019704433497537
    ],