{
    "model": [
        "CkTIM"
    ],
    "epoch": [],
    "loss": [
        0.08013234499649613
    ],
    "accuracy": [
        0.9910714285714286
    ],
    "recall": [
        0.9910714285714286
    ],
    "precision": [
        0.9915966386554622
    ],
    "f1_score": [
        0.9910627007401202
    ],
    "inference_time_one_sample": [
        0.397
    ],
    "inference_time_tot": [
        44.487
    ]
}