{
    "model": [
        "CkTIM"
    ],
    "epoch": [
        0,
        1,
        2,
        3,
        4,
        5,
        6,
        7,
        8,
        9,
        10,
        11,
        12,
        13,
        14,
        15,
        16,
        17,
        18,
        19,
        20,
        21,
        22,
        23,
        24,
        25,
        26,
        27,
        28,
        29,
        30,
        31,
        32,
        33,
        34,
        35,
        36,
        37,
        38,
        39,
        40,
        41,
        42,
        43,
        44,
        45,
        46,
        47,
        48,
        49,
        50,
        51,
        52,
        53,
        54,
        55,
        56,
        57,
        58,
        59,
        60,
        61,
        62,
        63,
        64,
        65,
        66,
        67,
        68,
        69,
        70,
        71,
        72,
        73,
        74,
        75,
        76,
        77,
        78,
        79,
        80,
        81,
        82,
        83,
        84,
        85,
        86,
        87,
        88,
        89,
        90,
        91,
        92,
        93,
        94,
        95,
        96,
        97,
        98,
        99
    ],
    "loss": [
        5614.45208062066,
        1538.9416910807292,
        1083.8445163302952,
        867.1078728569878,
        728.8057352701823,
        671.4936455620659,
        705.9037865532769,
        759.3335910373264,
        702.66285027398,
        508.24841647677954,
        447.77225918240015,
        477.8123728434245,
        545.255372789171,
        436.67279561360675,
        362.95502387152777,
        371.87725830078125,
        432.7442559136285,
        506.82848103841144,
        375.59649658203125,
        352.3504418267144,
        274.81769307454425,
        265.23877207438153,
        250.12794748942056,
        250.6216083102756,
        274.3185797797309,
        215.56863911946616,
        195.46651373969183,
        253.96556176079645,
        227.9124552408854,
        195.53098466661243,
        192.10801103379993,
        202.17482164171008,
        150.85449176364475,
        164.47427664862738,
        155.954950120714,
        146.04410044352213,
        142.2683491177029,
        133.45113796657986,
        118.0679439968533,
        121.92093997531467,
        124.61330837673611,
        117.42385016547308,
        121.14682812160916,
        100.89582146538629,
        81.37792629665799,
        82.44568824768066,
        74.25774298773871,
        73.60814793904622,
        72.91647826300726,
        71.10800446404352,
        71.00473382737901,
        72.9604286617703,
        73.30583720737033,
        63.83378579881456,
        64.8333174387614,
        64.87840949164496,
        63.84445762634277,
        72.17580117119684,
        68.35901493496365,
        67.44760110643175,
        72.82111930847168,
        70.45516437954373,
        72.06582917107477,
        66.28977945115831,
        68.14224052429199,
        59.529857847425674,
        58.65217145284017,
        72.83178816901312,
        61.79680569966634,
        59.65078587002225,
        62.36515214708116,
        55.86385409037272,
        56.53267182244195,
        70.14294581943088,
        56.25939687093099,
        53.40174420674642,
        55.734034856160484,
        56.5983829498291,
        49.50012991163466,
        59.36294746398926,
        63.87699741787381,
        58.676979064941406,
        47.824898613823784,
        49.432529873318146,
        46.60361989339193,
        48.43989986843533,
        46.11839252048068,
        47.48402129279243,
        47.00817849900987,
        47.798355950249565,
        45.88146781921387,
        43.59766663445367,
        43.484102461073135,
        48.6631768544515,
        46.10806465148926,
        45.4932927025689,
        44.45926962958442,
        44.76295810275607,
        51.1187621222602,
        40.958377838134766
    ],
    "accuracy": [
        0.22759226713532513,
        0.31370826010544817,
        0.3866432337434095,
        0.4112478031634446,
        0.44639718804920914,
        0.4349736379613357,
        0.46221441124780316,
        0.4718804920913884,
        0.4850615114235501,
        0.5202108963093146,
        0.5289982425307557,
        0.5333919156414763,
        0.48154657293497366,
        0.5413005272407733,
        0.5711775043936731,
        0.5834797891036907,
        0.5272407732864675,
        0.5131810193321616,
        0.562390158172232,
        0.5826010544815465,
        0.5931458699472759,
        0.6309314586994728,
        0.6045694200351494,
        0.6133567662565905,
        0.5755711775043937,
        0.6590509666080844,
        0.655536028119508,
        0.5755711775043937,
        0.6239015817223199,
        0.6678383128295254,
        0.6590509666080844,
        0.6397188049209139,
        0.6845342706502636,
        0.6669595782073814,
        0.6625659050966608,
        0.6933216168717048,
        0.6845342706502636,
        0.6906854130052724,
        0.7091388400702988,
        0.7047451669595782,
        0.695079086115993,
        0.7021089630931459,
        0.6933216168717048,
        0.7724077328646749,
        0.7952548330404218,
        0.7873462214411248,
        0.7987697715289982,
        0.8137082601054482,
        0.812829525483304,
        0.8066783831282952,
        0.7794376098418277,
        0.781195079086116,
        0.7724077328646749,
        0.8154657293497364,
        0.7978910369068541,
        0.7996485061511424,
        0.8057996485061512,
        0.7627416520210897,
        0.7706502636203867,
        0.7653778558875219,
        0.7504393673110721,
        0.7662565905096661,
        0.7504393673110721,
        0.7636203866432337,
        0.7838312829525483,
        0.8040421792618629,
        0.8031634446397188,
        0.7293497363796133,
        0.7680140597539543,
        0.7829525483304042,
        0.7829525483304042,
        0.8101933216168717,
        0.7943760984182777,
        0.7372583479789103,
        0.7926186291739895,
        0.820738137082601,
        0.7952548330404218,
        0.8014059753954306,
        0.8145869947275922,
        0.7434094903339191,
        0.7574692442882249,
        0.7565905096660809,
        0.8312829525483304,
        0.8172231985940246,
        0.8233743409490334,
        0.8154657293497364,
        0.8163444639718805,
        0.81195079086116,
        0.827768014059754,
        0.8172231985940246,
        0.8383128295254832,
        0.8260105448154658,
        0.8391915641476274,
        0.7917398945518453,
        0.820738137082601,
        0.8084358523725835,
        0.8347978910369068,
        0.8312829525483304,
        0.7838312829525483,
        0.836555360281195
    ],