{
    "model": [
        "CkTIM"
    ],
    "epoch": [
        0,
        1,
        2,
        3,
        4,
        5,
        6,
        7,
        8,
        9,
        10,
        11,
        12,
        13,
        14,
        15,
        16,
        17,
        18,
        19,
        20,
        21,
        22,
        23,
        24,
        25,
        26,
        27,
        28,
        29,
        30,
        31,
        32,
        33,
        34,
        35,
        36,
        37,
        38,
        39,
        40,
        41,
        42,
        43,
        44,
        45,
        46,
        47,
        48,
        49,
        50,
        51,
        52,
        53,
        54,
        55,
        56,
        57,
        58,
        59,
        60,
        61,
        62,
        63,
        64,
        65,
        66,
        67,
        68,
        69,
        70,
        71,
        72,
        73,
        74,
        75,
        76,
        77,
        78,
        79,
        80,
        81,
        82,
        83,
        84,
        85,
        86,
        87,
        88,
        89,
        90,
        91,
        92,
        93,
        94,
        95,
        96,
        97,
        98,
        99
    ],
    "loss": [
        9107.06508091518,
        2399.0666852678573,
        1306.235142299107,
        907.2529645647321,
        594.6158185686384,
        463.73897879464283,
        391.445792061942,
        334.52592032296315,
        278.47767857142856,
        199.36451503208704,
        156.97960553850447,
        133.50593784877233,
        141.7376992361886,
        96.17572893415179,
        80.09667096819196,
        73.36866923740932,
        54.029148646763396,
        47.52129908970424,
        43.35304805210659,
        34.45289584568569,
        33.38276563371931,
        31.564189093453543,
        24.872324534824916,
        26.257831982203893,
        21.733034951346262,
        18.531472614833287,
        21.764671870640345,
        17.98762798309326,
        14.789878981454033,
        14.383439064025879,
        14.666629382542201,
        13.914918354579381,
        10.979431016104561,
        11.898812021527972,
        12.458604403904506,
        11.597440310886928,
        9.138450077601842,
        9.246034690311976,
        9.219015530177526,
        9.443014144897461,
        8.162038939339775,
        8.251416751316615,
        7.628698757716587,
        7.840020792824881,
        8.6173278263637,
        8.1289108140128,
        7.571233340672085,
        7.407476493290493,
        6.520281587328229,
        6.30494635445731,
        6.708332402365548,
        6.758891241891043,
        7.037329810006278,
        5.865561621529715,
        5.871443339756557,
        5.08896017074585,
        5.339642797197614,
        4.8594275542667935,
        4.745894738606045,
        4.7934803281511575,
        4.807183401925223,
        4.6235343388148715,
        4.484560080936977,
        4.207201957702637,
        3.998058114733015,
        3.690352882657732,
        3.7278924328940257,
        3.9257611887795583,
        3.8818439756120955,
        3.6587631702423096,
        3.4782658645084927,
        3.8566099234989712,
        3.4140753405434743,
        3.7646957465580533,
        3.5577049936567033,
        3.6495677403041293,
        3.1905501910618375,
        3.423933131354196,
        3.718656369618007,
        3.2114875316619873,
        3.359720434461321,
        3.203275884900774,
        3.2220913342067172,
        3.242055756705148,
        3.2294371468680247,
        3.353485107421875,
        3.017234972545079,
        3.506594317299979,
        2.9962394578116283,
        3.3409115246364047,
        3.3974555901118686,
        3.2774834292275563,
        3.251802444458008,
        3.2619616304125105,
        3.1951028278895786,
        3.115145376750401,
        3.199244976043701,
        3.3315392562321255,
        3.361368247440883,
        3.0507164682660783
    ],
    "accuracy": [
        0.15270935960591134,
        0.24876847290640394,
        0.35467980295566504,
        0.3620689655172414,
        0.4433497536945813,
        0.4236453201970443,
        0.46551724137931033,
        0.45566502463054187,
        0.46551724137931033,
        0.5615763546798029,
        0.5369458128078818,
        0.5566502463054187,
        0.5344827586206896,
        0.5320197044334976,
        0.5566502463054187,
        0.5714285714285714,
        0.6305418719211823,
        0.6502463054187192,
        0.5960591133004927,
        0.6428571428571429,
        0.6231527093596059,
        0.6379310344827587,
        0.6502463054187192,
        0.603448275862069,
        0.6379310344827587,
        0.6798029556650246,
        0.5443349753694581,
        0.6108374384236454,
        0.6625615763546798,
        0.6231527093596059,
        0.6009852216748769,
        0.6059113300492611,
        0.6403940886699507,
        0.6182266009852216,
        0.5911330049261084,
        0.5467980295566502,
        0.645320197044335,
        0.5985221674876847,
        0.6428571428571429,
        0.6108374384236454,
        0.6305418719211823,
        0.6403940886699507,
        0.6502463054187192,
        0.6625615763546798,
        0.6182266009852216,
        0.6231527093596059,
        0.6206896551724138,
        0.6133004926108374,
        0.6354679802955665,
        0.625615763546798,
        0.6157635467980296,
        0.6182266009852216,
        0.6206896551724138,
        0.6206896551724138,
        0.5911330049261084,
        0.6551724137931034,
        0.6403940886699507,
        0.6502463054187192,
        0.6551724137931034,
        0.6650246305418719,
        0.625615763546798,
        0.6699507389162561,
        0.6527093596059114,
        0.6551724137931034,
        0.6674876847290641,
        0.6650246305418719,
        0.7266009852216748,
        0.6798029556650246,
        0.6896551724137931,
        0.6748768472906403,
        0.7093596059113301,
        0.6674876847290641,
        0.7315270935960592,
        0.6600985221674877,
        0.687192118226601,
        0.6674876847290641,
        0.7339901477832512,
        0.6921182266009852,
        0.6748768472906403,
        0.7216748768472906,
        0.6773399014778325,
        0.7142857142857143,
        0.7315270935960592,
        0.7019704433497537,
        0.7044334975369458,
        0.7068965517241379,
        0.7241379310344828,
        0.6945812807881774,
        0.7142857142857143,
        0.7142857142857143,
        0.7266009852216748,
        0.7044334975369458,
        0.6995073891625616,
        0.7019704433497537,
        0.6970443349753694,
        0.7167487684729064,
        0.7142857142857143,
        0.6995073891625616,
        0.7192118226600985,
        0.7241379310344828
    ],