{
    "model": [
        "TIMkAN"
    ],
    "epoch": [],
    "loss": [
        0.3382660001516342
    ],
    "accuracy": [
        0.9196428571428571
    ],
    "recall": [
        0.9196428571428571
    ],
    "precision": [
        0.921702014138989
    ],
    "f1_score": [
        0.9188693659281896
    ]
}