{
    "model": [
        "TIMkAN"
    ],
    "epoch": [],
    "loss": [
        0.33050744235515594
    ],
    "accuracy": [
        0.9375
    ],
    "recall": [
        0.9375
    ],
    "precision": [
        0.9416592952970663
    ],
    "f1_score": [
        0.9376119656073573
    ]
}