{
    "model": [
        "TIMkAN"
    ],
    "epoch": [
        0,
        1,
        2,
        3,
        4,
        5,
        6,
        7,
        8,
        9,
        10,
        11,
        12,
        13,
        14,
        15,
        16,
        17,
        18,
        19,
        20,
        21,
        22,
        23,
        24,
        25,
        26,
        27,
        28,
        29,
        30,
        31,
        32,
        33,
        34,
        35,
        36,
        37,
        38,
        39,
        40,
        41,
        42,
        43,
        44,
        45,
        46,
        47,
        48,
        49,
        50,
        51,
        52,
        53,
        54,
        55,
        56,
        57,
        58,
        59,
        60,
        61,
        62,
        63,
        64,
        65,
        66,
        67,
        68,
        69,
        70,
        71,
        72,
        73,
        74,
        75,
        76,
        77,
        78,
        79,
        80,
        81,
        82,
        83,
        84,
        85,
        86,
        87,
        88,
        89,
        90,
        91,
        92,
        93,
        94,
        95,
        96,
        97,
        98,
        99
    ],
    "loss": [
        8.786885343492031,
        3.0145797803997993,
        2.257834319025278,
        1.9642276354134083,
        1.7311035580933094,
        1.5804619379341602,
        1.4716659933328629,
        1.4238969907164574,
        1.3318401351571083,
        1.2756414078176022,
        1.212297711521387,
        1.2083450853824615,
        1.1788657680153847,
        1.1334585100412369,
        1.1364509761333466,
        1.0981819219887257,
        1.0454510170966387,
        1.050866847857833,
        1.02110474742949,
        0.99943539313972,
        0.9994439780712128,
        0.9529834501445293,
        0.9465511031448841,
        0.9253331497311592,
        0.9124634563922882,
        0.899673530831933,
        0.8684325478971004,
        0.8622152786701918,
        0.8547410052269697,
        0.8525110390037298,
        0.8080018907785416,
        0.7928054109215736,
        0.7919262889772654,
        0.7987995911389589,
        0.7858809940516949,
        0.781389381736517,
        0.7703664880245924,
        0.769690016284585,
        0.7698381748050451,
        0.777322681620717,
        0.7802697904407978,
        0.7686957269906998,
        0.7587425597012043,
        0.7738329470157623,
        0.7601098045706749,
        0.7599191777408123,
        0.759748138487339,
        0.7511609755456448,
        0.7641279846429825,
        0.7616822682321072,
        0.761272931471467,
        0.7648077458143234,
        0.7618775740265846,
        0.7610484175384045,
        0.7618251945823431,
        0.7689649742096663,
        0.7633167095482349,
        0.7564371265470982,
        0.7513843551278114,
        0.7579860780388117,
        0.7630052976310253,
        0.7598169017583132,
        0.7658702712506056,
        0.7523884661495686,
        0.7494882065802813,
        0.7611709646880627,
        0.7561063896864653,
        0.7643137332051992,
        0.7560117468237877,
        0.7507821433246136,
        0.7526630815118551,
        0.7589918412268162,
        0.7663805186748505,
        0.7550973985344172,
        0.7535138875246048,
        0.7548211961984634,
        0.7607013620436192,
        0.7608430609107018,
        0.7626025322824717,
        0.7579799946397543,
        0.7528340760618448,
        0.7567807249724865,
        0.7613810393959284,
        0.7693403493613005,
        0.7550963740795851,
        0.7646202426403761,
        0.7556162476539612,
        0.7482336517423391,
        0.7627623900771141,
        0.7625192198902369,
        0.7578285820782185,
        0.7661344856023788,
        0.7550567481666803,
        0.7545956820249557,
        0.7561257444322109,
        0.7583789639174938,
        0.7533815465867519,
        0.7641191594302654,
        0.7614661045372486,
        0.7576137967407703
    ],
    "accuracy": [
        0.18620689655172415,
        0.27635467980295564,
        0.33842364532019703,
        0.38029556650246304,
        0.45714285714285713,
        0.49310344827586206,
        0.5354679802955665,
        0.5640394088669951,
        0.6009852216748769,
        0.6246305418719211,
        0.6477832512315271,
        0.6630541871921182,
        0.670935960591133,
        0.7009852216748769,
        0.6857142857142857,
        0.7177339901477833,
        0.7566502463054188,
        0.7403940886699507,
        0.7551724137931034,
        0.770935960591133,
        0.7625615763546798,
        0.7911330049261084,
        0.8009852216748768,
        0.8068965517241379,
        0.8270935960591133,
        0.8285714285714286,
        0.8492610837438423,
        0.8403940886699507,
        0.8477832512315271,
        0.8492610837438423,
        0.8832512315270936,
        0.8921182266009853,
        0.8881773399014778,
        0.8783251231527094,
        0.8926108374384236,
        0.8960591133004926,
        0.9103448275862069,
        0.9137931034482759,
        0.9029556650246305,
        0.8945812807881773,
        0.8921182266009853,
        0.8985221674876848,
        0.9073891625615763,
        0.9004926108374385,
        0.912807881773399,
        0.9044334975369458,
        0.906896551724138,
        0.9157635467980295,
        0.9073891625615763,
        0.9123152709359605,
        0.906896551724138,
        0.9152709359605912,
        0.9078817733990148,
        0.903448275862069,
        0.9083743842364532,
        0.905911330049261,
        0.9044334975369458,
        0.9142857142857143,
        0.912807881773399,
        0.9113300492610837,
        0.9083743842364532,
        0.9064039408866995,
        0.9044334975369458,
        0.90935960591133,
        0.906896551724138,
        0.9113300492610837,
        0.9073891625615763,
        0.9073891625615763,
        0.9137931034482759,
        0.9182266009852217,
        0.9073891625615763,
        0.9118226600985222,
        0.9064039408866995,
        0.9044334975369458,
        0.9137931034482759,
        0.9137931034482759,
        0.9113300492610837,
        0.9049261083743843,
        0.905911330049261,
        0.903448275862069,
        0.9083743842364532,
        0.9083743842364532,
        0.9073891625615763,
        0.903448275862069,
        0.9157635467980295,
        0.903448275862069,
        0.9152709359605912,
        0.9142857142857143,
        0.905911330049261,
        0.9044334975369458,
        0.912807881773399,
        0.903448275862069,
        0.9098522167487685,
        0.9152709359605912,
        0.9113300492610837,
        0.9083743842364532,
        0.9142857142857143,
        0.9019704433497537,
        0.9019704433497537,
        0.906896551724138
    ],