{
    "model": [
        "CkTIM"
    ],
    "epoch": [],
    "loss": [
        1.4291629809208917
    ],
    "accuracy": [
        0.7946428571428571
    ],
    "recall": [
        0.7946428571428571
    ],
    "precision": [
        0.7984593837535013
    ],
    "f1_score": [
        0.7957502649153503
    ],
    "inference_time_one_sample": [
        0.087
    ],
    "inference_time_tot": [
        9.708
    ],
    "trainable_parameters": [
        743583
    ]
}