{
    "model": [
        "CkTIM"
    ],
    "epoch": [
        0,
        1,
        2,
        3,
        4,
        5,
        6,
        7,
        8,
        9,
        10,
        11,
        12,
        13,
        14,
        15,
        16,
        17,
        18,
        19,
        20,
        21,
        22,
        23,
        24,
        25,
        26,
        27,
        28,
        29,
        30,
        31,
        32,
        33,
        34,
        35,
        36,
        37,
        38,
        39,
        40,
        41,
        42,
        43,
        44,
        45,
        46,
        47,
        48,
        49,
        50,
        51,
        52,
        53,
        54,
        55,
        56,
        57,
        58,
        59,
        60,
        61,
        62,
        63,
        64,
        65,
        66,
        67,
        68,
        69,
        70,
        71,
        72,
        73,
        74,
        75,
        76,
        77,
        78,
        79,
        80,
        81,
        82,
        83,
        84,
        85,
        86,
        87,
        88,
        89,
        90,
        91,
        92,
        93,
        94,
        95,
        96,
        97,
        98,
        99
    ],
    "loss": [
        8557.158133370536,
        2804.8875732421875,
        1397.013392857143,
        692.5098702566964,
        495.7261439732143,
        368.0428902762277,
        306.9070347377232,
        271.55786568777904,
        203.67698887416296,
        136.44124167306083,
        120.39261300223214,
        96.45593370710101,
        86.44774355207171,
        82.26922443934849,
        65.38066646030971,
        62.10162571498326,
        57.47583498273577,
        59.39654214041574,
        52.5439818246024,
        41.03173473903111,
        46.1302740914481,
        39.47187287466867,
        33.29743685041155,
        26.717225755964005,
        24.537568501063756,
        21.944662639072963,
        18.89566775730678,
        22.336476734706334,
        21.694624219621932,
        16.52145290374756,
        16.133887699672155,
        14.904958724975586,
        15.144721031188965,
        11.187061309814453,
        10.038675035749163,
        9.811226163591657,
        9.645952497209821,
        9.85307080405099,
        9.91479219709124,
        9.774909155709404,
        8.312576430184501,
        7.908719880240304,
        8.043147768293109,
        7.694498062133789,
        7.111011368887765,
        7.2532332965305875,
        6.664717946733747,
        6.118541785648891,
        5.789986678532192,
        5.596093722752163,
        5.958826882498605,
        5.526919841766357,
        5.277357986995152,
        5.7333848135811945,
        4.8633005278451105,
        5.510208198002407,
        5.273738043648856,
        4.891174588884626,
        5.230899674551828,
        4.619413750512259,
        5.1439158235277445,
        5.268912724086216,
        5.385283402034214,
        5.454974038260324,
        4.794299500329154,
        4.799571582249233,
        4.784756183624268,
        4.556577750614712,
        5.0644387517656595,
        4.766910518918719,
        5.189121995653425,
        4.410858528954642,
        5.277619021279471,
        4.9630158969334195,
        4.558287075587681,
        4.807130064283099,
        4.96030010495867,
        4.541722025190081,
        5.022101674761091,
        4.790741171155657,
        5.207978521074567,
        5.0945931162152975,
        4.922923428671701,
        4.846299035208566,
        5.140417098999023,
        5.161620685032436,
        4.8967300823756625,
        4.8201526914324075,
        4.6596535955156595,
        4.81765011378697,
        5.2838881356375555,
        4.825171402522495,
        4.6996032169887,
        4.939610208783831,
        5.143228871481759,
        4.9420591081891745,
        4.938158478055682,
        4.774044104984829,
        4.971782582146781,
        5.432902268001011
    ],
    "accuracy": [
        0.16995073891625614,
        0.2660098522167488,
        0.35467980295566504,
        0.35960591133004927,
        0.4211822660098522,
        0.43842364532019706,
        0.46551724137931033,
        0.4458128078817734,
        0.5246305418719212,
        0.5566502463054187,
        0.5369458128078818,
        0.5911330049261084,
        0.5689655172413793,
        0.5320197044334976,
        0.5788177339901478,
        0.5541871921182266,
        0.5935960591133005,
        0.5640394088669951,
        0.5591133004926109,
        0.6428571428571429,
        0.5246305418719212,
        0.5935960591133005,
        0.5985221674876847,
        0.6477832512315271,
        0.6551724137931034,
        0.6600985221674877,
        0.6576354679802956,
        0.6206896551724138,
        0.6083743842364532,
        0.6379310344827587,
        0.6305418719211823,
        0.6280788177339901,
        0.6231527093596059,
        0.6576354679802956,
        0.6699507389162561,
        0.6379310344827587,
        0.6330049261083743,
        0.6428571428571429,
        0.6403940886699507,
        0.5985221674876847,
        0.625615763546798,
        0.6428571428571429,
        0.6182266009852216,
        0.625615763546798,
        0.6133004926108374,
        0.6206896551724138,
        0.6625615763546798,
        0.6921182266009852,
        0.7093596059113301,
        0.6773399014778325,
        0.6625615763546798,
        0.7044334975369458,
        0.7413793103448276,
        0.6822660098522167,
        0.7093596059113301,
        0.6822660098522167,
        0.7364532019704434,
        0.7315270935960592,
        0.6847290640394089,
        0.6896551724137931,
        0.729064039408867,
        0.6847290640394089,
        0.6724137931034483,
        0.6847290640394089,
        0.6970443349753694,
        0.687192118226601,
        0.6921182266009852,
        0.7192118226600985,
        0.6921182266009852,
        0.7216748768472906,
        0.7118226600985221,
        0.7315270935960592,
        0.7167487684729064,
        0.7192118226600985,
        0.7093596059113301,
        0.7339901477832512,
        0.6970443349753694,
        0.7068965517241379,
        0.6995073891625616,
        0.6921182266009852,
        0.7068965517241379,
        0.7118226600985221,
        0.6945812807881774,
        0.7118226600985221,
        0.7068965517241379,
        0.6847290640394089,
        0.6773399014778325,
        0.6773399014778325,
        0.7019704433497537,
        0.7241379310344828,
        0.7192118226600985,
        0.7315270935960592,
        0.7167487684729064,
        0.6970443349753694,
        0.6921182266009852,
        0.6847290640394089,
        0.6576354679802956,
        0.6945812807881774,
        0.6921182266009852,
        0.7044334975369458
    ],