{
    "model": [
        "TIM"
    ],
    "epoch": [],
    "loss": [
        0.7583309420484251
    ],
    "accuracy": [
        0.8125
    ],
    "recall": [
        0.8125
    ],
    "precision": [
        0.8280866192630898
    ],
    "f1_score": [
        0.8164183312452631
    ],
    "inference_time_one_sample": [
        0.016
    ],
    "inference_time_tot": [
        1.844
    ]
}