{
    "model": [
        "CkTIM"
    ],
    "epoch": [
        0,
        1,
        2,
        3,
        4,
        5,
        6,
        7,
        8,
        9,
        10,
        11,
        12,
        13,
        14,
        15,
        16,
        17,
        18,
        19,
        20,
        21,
        22,
        23,
        24,
        25,
        26,
        27,
        28,
        29,
        30,
        31,
        32,
        33,
        34,
        35,
        36,
        37,
        38,
        39,
        40,
        41,
        42,
        43,
        44,
        45,
        46,
        47,
        48,
        49,
        50,
        51,
        52,
        53,
        54,
        55,
        56,
        57,
        58,
        59,
        60,
        61,
        62,
        63,
        64,
        65,
        66,
        67,
        68,
        69,
        70,
        71,
        72,
        73,
        74,
        75,
        76,
        77,
        78,
        79,
        80,
        81,
        82,
        83,
        84,
        85,
        86,
        87,
        88,
        89,
        90,
        91,
        92,
        93,
        94,
        95,
        96,
        97,
        98,
        99
    ],
    "loss": [
        2195.655831473214,
        1339.4848807198662,
        1033.5560302734375,
        811.5462559291294,
        726.2611083984375,
        671.7859715053013,
        485.07183837890625,
        469.24940708705356,
        441.2916259765625,
        516.42185320173,
        492.43836757114957,
        447.5065351213728,
        444.6871337890625,
        347.858145577567,
        327.6386391775949,
        329.2085614885603,
        332.59048243931363,
        395.06371634347096,
        312.53479439871654,
        264.1196049281529,
        263.76973615373885,
        264.9656459263393,
        239.41087777273995,
        260.1715785435268,
        238.5869140625,
        272.2671683175223,
        254.20497131347656,
        314.0782688685826,
        309.66804940359935,
        331.11600603376115,
        296.0873696463449,
        268.2663094656808,
        175.27750941685267,
        173.93312290736608,
        161.3743852887835,
        173.01430184500558,
        163.8389391217913,
        175.26356724330358,
        161.2705317905971,
        174.17245592389787,
        163.75014168875558,
        145.23252868652344,
        148.21483176095145,
        141.4569593157087,
        140.76832798549108,
        134.82784707205636,
        123.75955963134766,
        133.28755950927734,
        126.54569353376117,
        128.97564806256975,
        127.31259373256138,
        157.29491315569197,
        124.80359540666852,
        122.52085876464844,
        134.88109261648995,
        140.32522038051061,
        145.28448486328125,
        131.3002689906529,
        152.72825840541296,
        120.33302525111607,
        129.85620989118303,
        133.94227164132255,
        142.2556926182338,
        124.65336063929966,
        125.91267830984933,
        144.8926042829241,
        174.0198211669922,
        143.48406982421875,
        127.56989506312779,
        115.47130475725446,
        109.07006181989398,
        124.0535409109933,
        116.22271292550224,
        116.87082345145089,
        127.9359130859375,
        127.26985604422433,
        128.09379686628068,
        124.98010689871651,
        126.60884966169085,
        120.90579223632812,
        148.9679946899414,
        130.67710549490792,
        115.96273585728237,
        121.7111587524414,
        120.32058824811664,
        134.71847098214286,
        115.49404689243862,
        116.12455313546317,
        133.8622807094029,
        116.10230364118304,
        127.40310450962612,
        123.74563489641461,
        115.54798780168805,
        128.6704330444336,
        112.13814871651786,
        127.14232090541294,
        128.06187874930245,
        121.62767246791294,
        118.77317374093192,
        132.92167009626115
    ],
    "accuracy": [
        0.15763546798029557,
        0.22413793103448276,
        0.26354679802955666,
        0.2660098522167488,
        0.3103448275862069,
        0.35960591133004927,
        0.3669950738916256,
        0.43349753694581283,
        0.39901477832512317,
        0.3768472906403941,
        0.3842364532019704,
        0.3768472906403941,
        0.4408866995073892,
        0.47783251231527096,
        0.5,
        0.4630541871921182,
        0.4605911330049261,
        0.41625615763546797,
        0.45566502463054187,
        0.49507389162561577,
        0.4852216748768473,
        0.4975369458128079,
        0.5024630541871922,
        0.5,
        0.5147783251231527,
        0.5,
        0.4753694581280788,
        0.45320197044334976,
        0.45073891625615764,
        0.42857142857142855,
        0.4876847290640394,
        0.5098522167487685,
        0.5886699507389163,
        0.5566502463054187,
        0.5960591133004927,
        0.5344827586206896,
        0.5665024630541872,
        0.5492610837438424,
        0.5738916256157636,
        0.5615763546798029,
        0.5615763546798029,
        0.5960591133004927,
        0.5935960591133005,
        0.5911330049261084,
        0.6059113300492611,
        0.6231527093596059,
        0.6403940886699507,
        0.6083743842364532,
        0.6428571428571429,
        0.6354679802955665,
        0.5935960591133005,
        0.583743842364532,
        0.6354679802955665,
        0.6182266009852216,
        0.5886699507389163,
        0.6403940886699507,
        0.603448275862069,
        0.6182266009852216,
        0.583743842364532,
        0.6354679802955665,
        0.5640394088669951,
        0.5960591133004927,
        0.5985221674876847,
        0.6206896551724138,
        0.5886699507389163,
        0.5960591133004927,
        0.583743842364532,
        0.5812807881773399,
        0.5960591133004927,
        0.6527093596059114,
        0.6576354679802956,
        0.6305418719211823,
        0.6206896551724138,
        0.6083743842364532,
        0.6108374384236454,
        0.5862068965517241,
        0.6108374384236454,
        0.6157635467980296,
        0.6305418719211823,
        0.6280788177339901,
        0.5517241379310345,
        0.6231527093596059,
        0.6403940886699507,
        0.6280788177339901,
        0.6280788177339901,
        0.6231527093596059,
        0.6502463054187192,
        0.645320197044335,
        0.5541871921182266,
        0.6330049261083743,
        0.6403940886699507,
        0.6231527093596059,
        0.6330049261083743,
        0.6108374384236454,
        0.6773399014778325,
        0.625615763546798,
        0.6182266009852216,
        0.6305418719211823,
        0.6305418719211823,
        0.5862068965517241
    ],