{
    "model": [
        "CkTIM"
    ],
    "epoch": [],
    "loss": [
        9.452919873773558
    ],
    "accuracy": [
        0.9017857142857143
    ],
    "recall": [
        0.9017857142857143
    ],
    "precision": [
        0.9043967587034815
    ],
    "f1_score": [
        0.9015932912754545
    ],
    "inference_time_one_sample": [
        0.383
    ],
    "inference_time_tot": [
        42.881
    ],
    "trainable_parameters": [
        419556
    ]
}