{
    "model": [
        "CkTIM"
    ],
    "epoch": [
        0,
        1,
        2,
        3,
        4,
        5,
        6,
        7,
        8,
        9,
        10,
        11,
        12,
        13,
        14,
        15,
        16,
        17,
        18,
        19,
        20,
        21,
        22,
        23,
        24,
        25,
        26,
        27,
        28,
        29,
        30,
        31,
        32,
        33,
        34,
        35,
        36,
        37,
        38,
        39,
        40,
        41,
        42,
        43,
        44,
        45,
        46,
        47,
        48,
        49,
        50,
        51,
        52,
        53,
        54,
        55,
        56,
        57,
        58,
        59,
        60,
        61,
        62,
        63,
        64,
        65,
        66,
        67,
        68,
        69,
        70,
        71,
        72,
        73,
        74,
        75,
        76,
        77,
        78,
        79,
        80,
        81,
        82,
        83,
        84,
        85,
        86,
        87,
        88,
        89,
        90,
        91,
        92,
        93,
        94,
        95,
        96,
        97,
        98,
        99
    ],
    "loss": [
        7723.373779296875,
        1851.2205810546875,
        1295.8324144151475,
        966.742665608724,
        789.445078531901,
        822.7779710557726,
        755.4922163221571,
        614.0230238172743,
        632.6782430013021,
        572.9540337456597,
        582.7676323784722,
        505.82519192165796,
        420.74605136447485,
        393.840827094184,
        395.3177947998047,
        379.8090599907769,
        329.38300153944226,
        303.7945310804579,
        363.273804558648,
        325.9510040283203,
        311.41729227701825,
        287.4273512098524,
        335.59051344129773,
        239.41719987657336,
        223.32126786973743,
        209.4174550374349,
        210.89637841118707,
        204.45706091986762,
        205.74094814724393,
        209.30279371473523,
        194.33546023898654,
        202.2924050225152,
        184.99275800916882,
        195.8976584540473,
        195.70318264431424,
        199.66483730740018,
        190.38153160942926,
        211.84227413601346,
        180.72677697075738,
        204.53197818332248,
        168.318726433648,
        199.34877268473306,
        179.34865061442056,
        178.06754048665366,
        174.91078779432507,
        167.1669133504232,
        157.33392503526477,
        167.97856521606445,
        166.281854417589,
        183.77044253879123,
        169.82343546549478,
        163.29688686794705,
        178.7290996975369,
        164.2314444647895,
        159.4520738389757,
        168.4973407321506,
        160.5258500840929,
        162.69484202067056,
        159.927374098036,
        158.88152609931097,
        165.50626373291016,
        154.74681091308594,
        156.26221211751303,
        156.0497237311469,
        161.60334862603082,
        161.68255360921225,
        161.6912638346354,
        153.6930219862196,
        151.67606353759766,
        158.37220255533853,
        164.71112696329752,
        153.05824873182507,
        147.35543060302734,
        152.51020261976453,
        159.21710205078125,
        142.98038228352866,
        152.20960786607532,
        151.5849405924479,
        157.12478001912436,
        156.65266587999133,
        151.76492224799262,
        158.10265096028647,
        149.2142745123969,
        143.28925026787653,
        156.923831515842,
        165.6140971713596,
        151.81028450859918,
        151.1100951300727,
        150.01049635145398,
        151.3239457872179,
        152.55473836263022,
        162.5419112311469,
        155.4752680460612,
        161.800170050727,
        152.4664552476671,
        150.89664289686414,
        158.01558685302734,
        147.61481942070856,
        155.75891749064127,
        144.31476211547852
    ],
    "accuracy": [
        0.2047451669595782,
        0.2398945518453427,
        0.2688927943760984,
        0.3216168717047452,
        0.34182776801405973,
        0.3471001757469244,
        0.37609841827768015,
        0.3989455184534271,
        0.4007029876977153,
        0.44991212653778556,
        0.43409490333919154,
        0.44815465729349735,
        0.4797891036906854,
        0.4903339191564148,
        0.4973637961335677,
        0.5,
        0.5263620386643234,
        0.5342706502636204,
        0.4982425307557118,
        0.5123022847100176,
        0.5123022847100176,
        0.5377855887521968,
        0.492091388400703,
        0.5746924428822495,
        0.6010544815465729,
        0.6036906854130053,
        0.5940246045694201,
        0.6291739894551845,
        0.6063268892794376,
        0.5887521968365553,
        0.6115992970123023,
        0.6098418277680141,
        0.6335676625659051,
        0.5957820738137083,
        0.6010544815465729,
        0.5984182776801406,
        0.6054481546572935,
        0.5562390158172232,
        0.6133567662565905,
        0.570298769771529,
        0.6467486818980668,
        0.6072056239015817,
        0.6151142355008787,
        0.6230228471001757,
        0.6186291739894552,
        0.632688927943761,
        0.6274165202108963,
        0.6318101933216169,
        0.6089630931458699,
        0.6019332161687171,
        0.6028119507908611,
        0.6291739894551845,
        0.6063268892794376,
        0.6458699472759226,
        0.6493848857644992,
        0.6274165202108963,
        0.6467486818980668,
        0.6133567662565905,
        0.6142355008787346,
        0.6133567662565905,
        0.6142355008787346,
        0.6239015817223199,
        0.6511423550087874,
        0.6414762741652021,
        0.624780316344464,
        0.6203866432337434,
        0.6142355008787346,
        0.6616871704745168,
        0.6441124780316344,
        0.6282952548330404,
        0.6212653778558875,
        0.6397188049209139,
        0.6616871704745168,
        0.640597539543058,
        0.6151142355008787,
        0.6599297012302284,
        0.6854130052724078,
        0.6115992970123023,
        0.6282952548330404,
        0.6432337434094904,
        0.640597539543058,
        0.6133567662565905,
        0.6467486818980668,
        0.6660808435852372,
        0.6335676625659051,
        0.6010544815465729,
        0.6493848857644992,
        0.6511423550087874,
        0.640597539543058,
        0.6397188049209139,
        0.640597539543058,
        0.6414762741652021,
        0.6291739894551845,
        0.6274165202108963,
        0.6528998242530756,
        0.6265377855887522,
        0.6441124780316344,
        0.6520210896309314,
        0.6124780316344464,
        0.6212653778558875
    ],