{
    "model": [
        "ckTIM"
    ],
    "epoch": [
        0,
        1,
        2,
        3,
        4,
        5,
        6,
        7,
        8,
        9,
        10,
        11,
        12,
        13,
        14,
        15,
        16,
        17,
        18,
        19,
        20,
        21,
        22,
        23,
        24,
        25,
        26,
        27,
        28,
        29,
        30,
        31,
        32,
        33,
        34,
        35,
        36,
        37,
        38,
        39,
        40,
        41,
        42,
        43,
        44,
        45,
        46,
        47,
        48,
        49,
        50,
        51,
        52,
        53,
        54,
        55,
        56,
        57,
        58,
        59,
        60,
        61,
        62,
        63,
        64,
        65,
        66,
        67,
        68,
        69,
        70,
        71,
        72,
        73,
        74,
        75,
        76,
        77,
        78,
        79,
        80,
        81,
        82,
        83,
        84,
        85,
        86,
        87,
        88,
        89,
        90,
        91,
        92,
        93,
        94,
        95,
        96,
        97,
        98,
        99
    ],
    "loss": [
        4060.27880859375,
        2498.981689453125,
        1486.3150285993304,
        1557.4627772739955,
        1461.3240879603795,
        1138.7635498046875,
        1346.7696184430804,
        1399.0103934151787,
        1274.8141915457588,
        1056.6344604492188,
        1518.6853986467634,
        1002.9477190290179,
        1386.8863351004463,
        1000.1056780133929,
        771.4309430803571,
        627.7853349958148,
        706.5826067243304,
        680.4152352469308,
        580.2176470075335,
        777.8359244210379,
        806.3131495884487,
        523.7138933454241,
        639.9163251604352,
        539.6290283203125,
        657.5708269391741,
        479.67068917410717,
        441.77427455357144,
        454.38488333565846,
        398.6920710972377,
        457.87442888532365,
        378.7343052455357,
        458.48687744140625,
        388.6116420200893,
        425.9849199567522,
        369.79146902901783,
        374.7913251604353,
        350.82649884905135,
        365.19154139927457,
        340.7041233607701,
        338.6008780343192,
        332.05398995535717,
        438.0558340890067,
        410.76356724330356,
        328.45710318429127,
        414.58450753348217,
        358.40208653041293,
        384.789053780692,
        365.71563720703125,
        302.3838086809431,
        371.1864711216518,
        369.6184866768973,
        280.4036756243025,
        415.8517761230469,
        323.35351998465404,
        400.1836460658482,
        335.3795907156808,
        374.77444893973217,
        352.5003880092076,
        471.3209882463728,
        280.48536464146207,
        450.7329406738281,
        324.54761832101,
        344.64770943777904,
        375.2112579345703,
        382.29330008370533,
        411.0362636021205,
        364.46689060756137,
        327.46997724260603,
        447.8977617536272,
        407.35467529296875,
        368.01297869001115,
        335.7331107003348,
        325.9768306187221,
        352.61808122907365,
        312.7193865094866,
        327.23140825544084,
        372.17127118791853,
        351.39746529715404,
        371.7011936732701,
        507.23292323521207,
        345.76942661830356,
        356.3779623849051,
        327.3927263532366,
        322.9676600864955,
        373.9635096958705,
        404.62066650390625,
        487.9369332449777,
        376.14608328683033,
        392.15929521833147,
        409.7102966308594,
        376.82535226004467,
        301.46766662597656,
        398.5603245326451,
        419.18048095703125,
        312.3513837541853,
        341.37589372907365,
        356.07381766183033,
        368.830812726702,
        421.2931889125279,
        334.7618844168527
    ],
    "accuracy": [
        0.15763546798029557,
        0.20935960591133004,
        0.24630541871921183,
        0.24630541871921183,
        0.229064039408867,
        0.2832512315270936,
        0.2857142857142857,
        0.2832512315270936,
        0.33251231527093594,
        0.3275862068965517,
        0.30049261083743845,
        0.3497536945812808,
        0.29064039408866993,
        0.37192118226600984,
        0.39408866995073893,
        0.46798029556650245,
        0.43349753694581283,
        0.4014778325123153,
        0.43103448275862066,
        0.3768472906403941,
        0.41133004926108374,
        0.4630541871921182,
        0.43842364532019706,
        0.49261083743842365,
        0.3891625615763547,
        0.47044334975369456,
        0.47783251231527096,
        0.47783251231527096,
        0.5394088669950738,
        0.46798029556650245,
        0.5147783251231527,
        0.47783251231527096,
        0.5123152709359606,
        0.4729064039408867,
        0.5467980295566502,
        0.5172413793103449,
        0.5344827586206896,
        0.5,
        0.5024630541871922,
        0.5073891625615764,
        0.5098522167487685,
        0.46551724137931033,
        0.4852216748768473,
        0.5369458128078818,
        0.5,
        0.541871921182266,
        0.5492610837438424,
        0.47783251231527096,
        0.5615763546798029,
        0.5197044334975369,
        0.5517241379310345,
        0.5911330049261084,
        0.5073891625615764,
        0.5221674876847291,
        0.4852216748768473,
        0.5443349753694581,
        0.5024630541871922,
        0.5344827586206896,
        0.4605911330049261,
        0.5935960591133005,
        0.43349753694581283,
        0.5492610837438424,
        0.5443349753694581,
        0.5295566502463054,
        0.5221674876847291,
        0.5073891625615764,
        0.5098522167487685,
        0.5221674876847291,
        0.4802955665024631,
        0.5147783251231527,
        0.5073891625615764,
        0.5443349753694581,
        0.5270935960591133,
        0.4802955665024631,
        0.541871921182266,
        0.5049261083743842,
        0.5394088669950738,
        0.47783251231527096,
        0.5197044334975369,
        0.4876847290640394,
        0.5320197044334976,
        0.5492610837438424,
        0.5123152709359606,
        0.5591133004926109,
        0.49014778325123154,
        0.49261083743842365,
        0.43349753694581283,
        0.5,
        0.4802955665024631,
        0.5024630541871922,
        0.541871921182266,
        0.5640394088669951,
        0.45073891625615764,
        0.49507389162561577,
        0.5049261083743842,
        0.5492610837438424,
        0.5467980295566502,
        0.5123152709359606,
        0.5024630541871922,
        0.49014778325123154
    ],