{
    "model": [
        "CkTIM"
    ],
    "epoch": [
        0,
        1,
        2,
        3,
        4,
        5,
        6,
        7,
        8,
        9,
        10,
        11,
        12,
        13,
        14,
        15,
        16,
        17,
        18,
        19,
        20,
        21,
        22,
        23,
        24,
        25,
        26,
        27,
        28,
        29,
        30,
        31,
        32,
        33,
        34,
        35,
        36,
        37,
        38,
        39,
        40,
        41,
        42,
        43,
        44,
        45,
        46,
        47,
        48,
        49,
        50,
        51,
        52,
        53,
        54,
        55,
        56,
        57,
        58,
        59,
        60,
        61,
        62,
        63,
        64,
        65,
        66,
        67,
        68,
        69,
        70,
        71,
        72,
        73,
        74,
        75,
        76,
        77,
        78,
        79,
        80,
        81,
        82,
        83,
        84,
        85,
        86,
        87,
        88,
        89,
        90,
        91,
        92,
        93,
        94,
        95,
        96,
        97,
        98,
        99
    ],
    "loss": [
        6355.777483258928,
        2637.7984793526784,
        1183.7280796595983,
        730.144304547991,
        452.4540797642299,
        262.2900063650949,
        178.13822719029017,
        190.5293470110212,
        152.1435535975865,
        128.0558602469308,
        97.6902106148856,
        67.83292715890067,
        60.0762939453125,
        62.25347573416574,
        62.469877515520366,
        49.58370862688337,
        45.38145446777344,
        37.19089889526367,
        31.617925916399276,
        29.72482054574149,
        28.697957720075333,
        28.287694113595144,
        24.128390993390763,
        25.605289459228516,
        25.025551387241908,
        21.763463701520646,
        17.919356754847936,
        16.871881076267787,
        15.665579932076591,
        16.04170880998884,
        15.62336526598249,
        13.868328366960798,
        13.857105663844518,
        14.411352293831962,
        14.286001069205147,
        13.939191545758929,
        12.595838819231306,
        12.211755343845912,
        10.61374637058803,
        12.090116092136928,
        11.797571999686104,
        10.381514413016182,
        10.122223172869,
        10.709554944719587,
        9.853666033063616,
        8.597787312098912,
        7.96028859274728,
        8.572659151894706,
        7.071676594870431,
        8.44834007535662,
        7.999328545161656,
        6.422179630824497,
        5.664550713130406,
        6.572153432028634,
        6.078670910426548,
        6.535564831324986,
        5.712376798902239,
        5.3570573670523505,
        6.016815321786063,
        5.154677595411028,
        5.386465208871024,
        5.954487391880581,
        5.655156339917864,
        5.516468320574079,
        5.07450887135097,
        5.363514832087925,
        5.880965845925467,
        5.747508185250418,
        4.964421476636614,
        4.969470909663609,
        5.092127731868199,
        4.896187577928815,
        5.232314654758999,
        5.559600932257516,
        5.541481631142752,
        5.1941086905343195,
        4.703449862343924,
        5.594723565237863,
        4.77210944039481,
        4.875655378614153,
        5.507715293339321,
        5.421242645808628,
        5.182264872959682,
        5.39441568510873,
        5.113885402679443,
        4.588180235454014,
        4.517233031136649,
        5.599802153451102,
        5.57735538482666,
        5.1943447930472235,
        4.931506020682199,
        5.280315739767892,
        4.9620954649788995,
        4.948246717453003,
        4.972842284611294,
        5.005787781306675,
        4.8136231899261475,
        5.187014716012137,
        4.993349347795759,
        4.866747651781354
    ],
    "accuracy": [
        0.16995073891625614,
        0.26354679802955666,
        0.29064039408866993,
        0.2561576354679803,
        0.3793103448275862,
        0.39655172413793105,
        0.4605911330049261,
        0.4408866995073892,
        0.4236453201970443,
        0.45073891625615764,
        0.46798029556650245,
        0.5344827586206896,
        0.541871921182266,
        0.5221674876847291,
        0.46551724137931033,
        0.4876847290640394,
        0.5270935960591133,
        0.5073891625615764,
        0.5147783251231527,
        0.5221674876847291,
        0.5270935960591133,
        0.47783251231527096,
        0.4753694581280788,
        0.4753694581280788,
        0.46551724137931033,
        0.4827586206896552,
        0.4729064039408867,
        0.47044334975369456,
        0.5098522167487685,
        0.5147783251231527,
        0.5024630541871922,
        0.46551724137931033,
        0.5049261083743842,
        0.5,
        0.4482758620689655,
        0.4458128078817734,
        0.5073891625615764,
        0.5270935960591133,
        0.5295566502463054,
        0.4802955665024631,
        0.4458128078817734,
        0.47044334975369456,
        0.5147783251231527,
        0.47044334975369456,
        0.4753694581280788,
        0.541871921182266,
        0.5443349753694581,
        0.47783251231527096,
        0.5270935960591133,
        0.47044334975369456,
        0.5369458128078818,
        0.5394088669950738,
        0.5467980295566502,
        0.5517241379310345,
        0.5295566502463054,
        0.5344827586206896,
        0.5689655172413793,
        0.5591133004926109,
        0.5541871921182266,
        0.5640394088669951,
        0.5566502463054187,
        0.5467980295566502,
        0.5344827586206896,
        0.5320197044334976,
        0.5763546798029556,
        0.5640394088669951,
        0.5221674876847291,
        0.5221674876847291,
        0.5640394088669951,
        0.5492610837438424,
        0.5566502463054187,
        0.5295566502463054,
        0.5369458128078818,
        0.5123152709359606,
        0.5492610837438424,
        0.5960591133004927,
        0.5738916256157636,
        0.5591133004926109,
        0.5935960591133005,
        0.5394088669950738,
        0.541871921182266,
        0.5246305418719212,
        0.5467980295566502,
        0.5517241379310345,
        0.5665024630541872,
        0.6157635467980296,
        0.6059113300492611,
        0.5492610837438424,
        0.5295566502463054,
        0.5443349753694581,
        0.5517241379310345,
        0.583743842364532,
        0.5221674876847291,
        0.5640394088669951,
        0.5763546798029556,
        0.5960591133004927,
        0.5738916256157636,
        0.5246305418719212,
        0.5738916256157636,
        0.5640394088669951
    ],