{
    "model": [
        "TIM"
    ],
    "epoch": [
        0,
        1,
        2,
        3,
        4,
        5,
        6,
        7,
        8,
        9,
        10,
        11,
        12,
        13,
        14,
        15,
        16,
        17,
        18,
        19,
        20,
        21,
        22,
        23,
        24,
        25,
        26,
        27,
        28,
        29,
        30,
        31,
        32,
        33,
        34,
        35,
        36,
        37,
        38,
        39,
        40,
        41,
        42,
        43,
        44,
        45,
        46,
        47,
        48,
        49,
        50,
        51,
        52,
        53,
        54,
        55,
        56,
        57,
        58,
        59,
        60,
        61,
        62,
        63,
        64,
        65,
        66,
        67,
        68,
        69,
        70,
        71,
        72,
        73,
        74,
        75,
        76,
        77,
        78,
        79,
        80,
        81,
        82,
        83,
        84,
        85,
        86,
        87,
        88,
        89,
        90,
        91,
        92,
        93,
        94,
        95,
        96,
        97,
        98,
        99
    ],
    "loss": [
        19.24852684565953,
        7.376668521336147,
        3.891821418489729,
        3.038723979677473,
        2.4085066659109935,
        2.384267568588257,
        2.008774161338806,
        2.02981242111751,
        1.8933081797191076,
        1.8424837589263916,
        1.8260606527328491,
        1.6498608078275407,
        1.5943864754268102,
        1.5322614227022444,
        1.4769857951572962,
        1.3748686824526106,
        1.3223877464021956,
        1.337829828262329,
        1.2839995622634888,
        1.3476820162364416,
        1.2291660138538905,
        1.240884610584804,
        1.2173493930271693,
        1.1211907012122018,
        1.1823908942086356,
        1.1616072143827165,
        1.1152713128498621,
        1.1163910286767142,
        1.1186017479215349,
        1.126244136265346,
        1.1073297773088728,
        1.1359237347330366,
        1.1346494555473328,
        1.121603352682931,
        1.0646696260997228,
        1.1079650521278381,
        1.0990464006151472,
        1.1536035452570235,
        1.1177846363612585,
        1.0990099225725447,
        1.0815846749714442,
        1.1458227634429932,
        1.1310970442635673,
        1.1228689295904977,
        1.116262742451259,
        1.1186177219663347,
        1.1445743015834264,
        1.1305974892207555,
        1.0745021786008562,
        1.0153954880578178,
        1.0983626246452332,
        1.1015414595603943,
        1.0903333170073373,
        1.0728612967899867,
        1.087887099811009,
        1.080016314983368,
        1.0888882449695043,
        1.0678177901676722,
        1.1602501698902674,
        1.090399639947074,
        1.0757596577916826,
        1.0763522386550903,
        1.1206909588405065,
        1.1333181517464774,
        1.11598835672651,
        1.109054786818368,
        1.024492391518184,
        1.0446791308266776,
        1.0929865326200212,
        1.1172924467495509,
        1.0911217076437814,
        1.0710499627249581,
        1.081163031714303,
        1.094295961516244,
        1.0902735335486275,
        1.090611185346331,
        1.1240297385624476,
        1.1568372249603271,
        1.1038570063454765,
        1.0997975042888097,
        1.110373284135546,
        1.1184488534927368,
        1.1030723367418562,
        1.0654674768447876,
        1.0902221884046281,
        1.0671591929027013,
        1.129591601235526,
        1.1367634705134801,
        1.1094138622283936,
        1.0629611441067286,
        1.1835166726793562,
        1.0500227553503854,
        1.0616651603153773,
        1.0923442074230738,
        1.0736330577305384,
        1.0985453810010637,
        1.1141642332077026,
        1.07993711744036,
        1.0663729565484183,
        1.1240376404353551
    ],
    "accuracy": [
        0.14285714285714285,
        0.2561576354679803,
        0.2561576354679803,
        0.2857142857142857,
        0.29802955665024633,
        0.3078817733990148,
        0.3916256157635468,
        0.3891625615763547,
        0.45566502463054187,
        0.45320197044334976,
        0.4975369458128079,
        0.5,
        0.5147783251231527,
        0.5541871921182266,
        0.5812807881773399,
        0.6108374384236454,
        0.5935960591133005,
        0.6280788177339901,
        0.6206896551724138,
        0.6231527093596059,
        0.6502463054187192,
        0.6305418719211823,
        0.6403940886699507,
        0.7118226600985221,
        0.6995073891625616,
        0.7044334975369458,
        0.7438423645320197,
        0.687192118226601,
        0.7093596059113301,
        0.6945812807881774,
        0.7241379310344828,
        0.6995073891625616,
        0.6995073891625616,
        0.6970443349753694,
        0.7266009852216748,
        0.7142857142857143,
        0.7167487684729064,
        0.7192118226600985,
        0.7019704433497537,
        0.7266009852216748,
        0.7216748768472906,
        0.7167487684729064,
        0.7093596059113301,
        0.7142857142857143,
        0.7315270935960592,
        0.7167487684729064,
        0.7093596059113301,
        0.7118226600985221,
        0.7167487684729064,
        0.7487684729064039,
        0.7118226600985221,
        0.7315270935960592,
        0.7192118226600985,
        0.7364532019704434,
        0.7241379310344828,
        0.7068965517241379,
        0.7192118226600985,
        0.7364532019704434,
        0.7044334975369458,
        0.6896551724137931,
        0.7192118226600985,
        0.7216748768472906,
        0.7093596059113301,
        0.7142857142857143,
        0.7339901477832512,
        0.6970443349753694,
        0.7413793103448276,
        0.7389162561576355,
        0.7167487684729064,
        0.6995073891625616,
        0.6798029556650246,
        0.7068965517241379,
        0.7167487684729064,
        0.7044334975369458,
        0.6970443349753694,
        0.7093596059113301,
        0.7044334975369458,
        0.7044334975369458,
        0.7192118226600985,
        0.6970443349753694,
        0.7093596059113301,
        0.7068965517241379,
        0.7167487684729064,
        0.7118226600985221,
        0.7315270935960592,
        0.7487684729064039,
        0.6847290640394089,
        0.7093596059113301,
        0.7093596059113301,
        0.7438423645320197,
        0.7044334975369458,
        0.7364532019704434,
        0.7339901477832512,
        0.7118226600985221,
        0.7241379310344828,
        0.7093596059113301,
        0.7266009852216748,
        0.7389162561576355,
        0.7315270935960592,
        0.6995073891625616
    ],