{
    "model": [
        "CkTIM"
    ],
    "epoch": [
        0,
        1,
        2,
        3,
        4,
        5,
        6,
        7,
        8,
        9,
        10,
        11,
        12,
        13,
        14,
        15,
        16,
        17,
        18,
        19,
        20,
        21,
        22,
        23,
        24,
        25,
        26,
        27,
        28,
        29,
        30,
        31,
        32,
        33,
        34,
        35,
        36,
        37,
        38,
        39,
        40,
        41,
        42,
        43,
        44,
        45,
        46,
        47,
        48,
        49,
        50,
        51,
        52,
        53,
        54,
        55,
        56,
        57,
        58,
        59,
        60,
        61,
        62,
        63,
        64,
        65,
        66,
        67,
        68,
        69,
        70,
        71,
        72,
        73,
        74,
        75,
        76,
        77,
        78,
        79,
        80,
        81,
        82,
        83,
        84,
        85,
        86,
        87,
        88,
        89,
        90,
        91,
        92,
        93,
        94,
        95,
        96,
        97,
        98,
        99
    ],
    "loss": [
        3472.1676897321427,
        1501.9049595424108,
        815.8207048688616,
        666.044921875,
        437.1509573800223,
        481.5967755998884,
        439.41519601004467,
        357.83770533970426,
        331.84601919991627,
        324.63309587751115,
        362.9307185581752,
        303.92184012276783,
        331.7671683175223,
        283.8123975481306,
        283.29203142438615,
        267.75858197893416,
        321.0452335902623,
        225.42162214006697,
        247.55620465959822,
        208.09819902692522,
        234.7252655029297,
        254.97823878696985,
        242.17373875209265,
        237.3338666643415,
        200.54701232910156,
        217.87871660505022,
        217.43766130719865,
        209.8329140799386,
        222.00629316057478,
        240.55814470563615,
        239.63388061523438,
        218.7117440359933,
        236.10482570103235,
        199.80567278180803,
        259.3513401576451,
        242.31390380859375,
        219.71968514578683,
        189.1994367327009,
        204.7187282017299,
        202.03245544433594,
        190.45179312569755,
        227.68683079310827,
        217.195316859654,
        216.85553632463728,
        215.98402404785156,
        199.89214433942522,
        186.5407954624721,
        173.54327065604073,
        219.13040597098214,
        209.5495365687779,
        200.19064113071985,
        249.25858633858817,
        195.58082362583704,
        186.50252205984933,
        207.61827741350447,
        197.99736894880022,
        197.26080540248327,
        182.60594831194197,
        195.51872035435267,
        196.51806858607702,
        204.3831787109375,
        183.90787833077567,
        207.91158185686385,
        195.97809055873327,
        184.05497087751115,
        227.29495239257812,
        240.22575160435267,
        202.68542698451452,
        202.63237980433874,
        223.7112056187221,
        189.83987862723214,
        223.81761169433594,
        222.02573939732142,
        189.18275887625558,
        195.5164794921875,
        214.96986389160156,
        176.47505623953683,
        244.42132786342077,
        182.6775883265904,
        227.9718497140067,
        209.32054356166296,
        195.8493412562779,
        234.56124223981584,
        180.65745108468192,
        185.9142804827009,
        186.02142116001673,
        184.1521279471261,
        206.57799203055245,
        222.71768188476562,
        207.02080426897322,
        213.05657849993025,
        198.9721200125558,
        182.14012145996094,
        203.93879045758928,
        184.30872889927454,
        194.8343505859375,
        210.68485586983817,
        192.94000898088728,
        188.40811375209265,
        174.56384931291853
    ],
    "accuracy": [
        0.15517241379310345,
        0.16748768472906403,
        0.18226600985221675,
        0.26108374384236455,
        0.27586206896551724,
        0.26354679802955666,
        0.29064039408866993,
        0.3054187192118227,
        0.31773399014778325,
        0.31527093596059114,
        0.29064039408866993,
        0.2857142857142857,
        0.33004926108374383,
        0.3522167487684729,
        0.33497536945812806,
        0.3399014778325123,
        0.3251231527093596,
        0.3793103448275862,
        0.3817733990147783,
        0.43349753694581283,
        0.3694581280788177,
        0.37192118226600984,
        0.3472906403940887,
        0.3866995073891626,
        0.4064039408866995,
        0.3866995073891626,
        0.37438423645320196,
        0.37192118226600984,
        0.41625615763546797,
        0.4039408866995074,
        0.35467980295566504,
        0.4039408866995074,
        0.3620689655172414,
        0.3891625615763547,
        0.32019704433497537,
        0.37192118226600984,
        0.39901477832512317,
        0.45073891625615764,
        0.4458128078817734,
        0.43349753694581283,
        0.4211822660098522,
        0.39655172413793105,
        0.45073891625615764,
        0.3694581280788177,
        0.43349753694581283,
        0.4211822660098522,
        0.43842364532019706,
        0.43103448275862066,
        0.41379310344827586,
        0.43596059113300495,
        0.4408866995073892,
        0.3866995073891626,
        0.4458128078817734,
        0.4187192118226601,
        0.4236453201970443,
        0.4433497536945813,
        0.4088669950738916,
        0.4408866995073892,
        0.41379310344827586,
        0.4088669950738916,
        0.4482758620689655,
        0.4605911330049261,
        0.4014778325123153,
        0.43349753694581283,
        0.4211822660098522,
        0.4014778325123153,
        0.3866995073891626,
        0.43596059113300495,
        0.42857142857142855,
        0.43349753694581283,
        0.46551724137931033,
        0.37438423645320196,
        0.4211822660098522,
        0.41379310344827586,
        0.4187192118226601,
        0.43842364532019706,
        0.4088669950738916,
        0.4187192118226601,
        0.45320197044334976,
        0.41625615763546797,
        0.41625615763546797,
        0.43103448275862066,
        0.3448275862068966,
        0.4605911330049261,
        0.42857142857142855,
        0.41133004926108374,
        0.4605911330049261,
        0.4433497536945813,
        0.37192118226600984,
        0.42857142857142855,
        0.39901477832512317,
        0.45320197044334976,
        0.4827586206896552,
        0.4187192118226601,
        0.43842364532019706,
        0.458128078817734,
        0.4088669950738916,
        0.4458128078817734,
        0.4064039408866995,
        0.4876847290640394
    ],