{
    "model": [
        "CkTIM"
    ],
    "epoch": [],
    "loss": [
        3.8819988970436325
    ],
    "accuracy": [
        0.6964285714285714
    ],
    "recall": [
        0.6964285714285714
    ],
    "precision": [
        0.7013705482192877
    ],
    "f1_score": [
        0.6898203946591044
    ],
    "inference_time_one_sample": [
        0.034
    ],
    "inference_time_tot": [
        3.858
    ],
    "trainable_parameters": [
        167261
    ]
}