{
    "model": [
        "CkTIM"
    ],
    "epoch": [
        0,
        1,
        2,
        3,
        4,
        5,
        6,
        7,
        8,
        9,
        10,
        11,
        12,
        13,
        14,
        15,
        16,
        17,
        18,
        19,
        20,
        21,
        22,
        23,
        24,
        25,
        26,
        27,
        28,
        29,
        30,
        31,
        32,
        33,
        34,
        35,
        36,
        37,
        38,
        39,
        40,
        41,
        42,
        43,
        44,
        45,
        46,
        47,
        48,
        49,
        50,
        51,
        52,
        53,
        54,
        55,
        56,
        57,
        58,
        59,
        60,
        61,
        62,
        63,
        64,
        65,
        66,
        67,
        68,
        69,
        70,
        71,
        72,
        73,
        74,
        75,
        76,
        77,
        78,
        79,
        80,
        81,
        82,
        83,
        84,
        85,
        86,
        87,
        88,
        89,
        90,
        91,
        92,
        93,
        94,
        95,
        96,
        97,
        98,
        99
    ],
    "loss": [
        6121.048932756697,
        2266.5196358816966,
        1310.6949462890625,
        579.84326171875,
        313.5137154715402,
        264.887196132115,
        176.2820565359933,
        136.78722926548548,
        105.59076036725726,
        88.79646301269531,
        83.36561148507255,
        74.57812881469727,
        51.188763754708425,
        38.48601804460798,
        41.588838304792134,
        40.22398703438895,
        37.068258558000835,
        40.00494057791574,
        32.337076732090544,
        44.31408909388951,
        40.18017142159598,
        32.96396473475865,
        35.94768605913435,
        30.541651044573104,
        34.37019075666155,
        27.028343745640345,
        20.12616756984166,
        19.761305945260183,
        17.974535533360072,
        16.02402060372489,
        14.011178289140974,
        13.205399104527064,
        13.429423604692731,
        12.49452154976981,
        12.218542098999023,
        12.248109681265694,
        11.046806471688408,
        11.55673108782087,
        14.238818849836077,
        11.033923830304827,
        9.986529214041573,
        10.249776703970772,
        10.344074930463519,
        14.05716323852539,
        9.96906954901559,
        10.496610369001116,
        10.031651088169642,
        9.064309460776192,
        8.276147093091692,
        9.092639514378138,
        8.040741852351598,
        9.172376155853271,
        9.35196692602975,
        8.573383740016393,
        8.347691059112549,
        8.256041867392403,
        8.628023147583008,
        7.999000344957624,
        8.614596775599889,
        8.339715548924037,
        7.816783564431327,
        7.678850310189383,
        8.810067517416817,
        8.092923981802803,
        8.083447865077428,
        8.50443628856114,
        7.88343300138201,
        7.413084711347308,
        8.183248928615026,
        7.840576580592564,
        9.023355620247978,
        7.835914816175189,
        8.888661316462926,
        8.074925831386022,
        9.142455101013184,
        8.186120850699288,
        8.308797836303711,
        8.541186537061419,
        7.753535066332136,
        8.348543916429792,
        7.727242129189627,
        8.552646364484515,
        8.559517111097064,
        7.281252520424979,
        7.870771748679025,
        8.643714904785156,
        7.725197860172817,
        8.508171490260533,
        8.14381204332624,
        7.872994150434222,
        8.862875597817558,
        8.113310882023402,
        8.07914127622332,
        7.968375274113247,
        8.49293143408639,
        7.679036549159458,
        8.36435842514038,
        8.083150454929896,
        7.619728769574847,
        8.503078528812953
    ],
    "accuracy": [
        0.15517241379310345,
        0.21182266009852216,
        0.3275862068965517,
        0.30049261083743845,
        0.39655172413793105,
        0.4187192118226601,
        0.41379310344827586,
        0.4630541871921182,
        0.4975369458128079,
        0.5394088669950738,
        0.5073891625615764,
        0.49014778325123154,
        0.5394088669950738,
        0.5985221674876847,
        0.5394088669950738,
        0.5147783251231527,
        0.5689655172413793,
        0.5394088669950738,
        0.5640394088669951,
        0.4827586206896552,
        0.5295566502463054,
        0.5369458128078818,
        0.5492610837438424,
        0.5566502463054187,
        0.4827586206896552,
        0.5738916256157636,
        0.6009852216748769,
        0.5689655172413793,
        0.603448275862069,
        0.603448275862069,
        0.6403940886699507,
        0.6847290640394089,
        0.6551724137931034,
        0.6699507389162561,
        0.6945812807881774,
        0.645320197044335,
        0.6798029556650246,
        0.6477832512315271,
        0.6157635467980296,
        0.6625615763546798,
        0.6773399014778325,
        0.6576354679802956,
        0.6551724137931034,
        0.5689655172413793,
        0.687192118226601,
        0.625615763546798,
        0.6551724137931034,
        0.7192118226600985,
        0.6921182266009852,
        0.6625615763546798,
        0.7389162561576355,
        0.6724137931034483,
        0.6995073891625616,
        0.6945812807881774,
        0.6995073891625616,
        0.7167487684729064,
        0.6847290640394089,
        0.7339901477832512,
        0.6822660098522167,
        0.687192118226601,
        0.7142857142857143,
        0.7192118226600985,
        0.6724137931034483,
        0.6995073891625616,
        0.7142857142857143,
        0.6945812807881774,
        0.7241379310344828,
        0.7142857142857143,
        0.7044334975369458,
        0.7068965517241379,
        0.7142857142857143,
        0.6798029556650246,
        0.6798029556650246,
        0.6798029556650246,
        0.6945812807881774,
        0.7167487684729064,
        0.687192118226601,
        0.6945812807881774,
        0.7068965517241379,
        0.6995073891625616,
        0.7068965517241379,
        0.6995073891625616,
        0.6945812807881774,
        0.7536945812807881,
        0.7093596059113301,
        0.6921182266009852,
        0.7487684729064039,
        0.6847290640394089,
        0.7216748768472906,
        0.7044334975369458,
        0.6847290640394089,
        0.7216748768472906,
        0.6945812807881774,
        0.7167487684729064,
        0.6921182266009852,
        0.6970443349753694,
        0.7044334975369458,
        0.7413793103448276,
        0.729064039408867,
        0.6773399014778325
    ],