{
    "model": [
        "CkTIM"
    ],
    "epoch": [
        0,
        1,
        2,
        3,
        4,
        5,
        6,
        7,
        8,
        9,
        10,
        11,
        12,
        13,
        14,
        15,
        16,
        17,
        18,
        19,
        20,
        21,
        22,
        23,
        24,
        25,
        26,
        27,
        28,
        29,
        30,
        31,
        32,
        33,
        34,
        35,
        36,
        37,
        38,
        39,
        40,
        41,
        42,
        43,
        44,
        45,
        46,
        47,
        48,
        49,
        50,
        51,
        52,
        53,
        54,
        55,
        56,
        57,
        58,
        59,
        60,
        61,
        62,
        63,
        64,
        65,
        66,
        67,
        68,
        69,
        70,
        71,
        72,
        73,
        74,
        75,
        76,
        77,
        78,
        79,
        80,
        81,
        82,
        83,
        84,
        85,
        86,
        87,
        88,
        89,
        90,
        91,
        92,
        93,
        94,
        95,
        96,
        97,
        98,
        99
    ],
    "loss": [
        4078.757819281684,
        883.4628329806858,
        336.6760779486762,
        231.24781629774304,
        209.5487937927246,
        120.84913211398654,
        95.56437174479167,
        225.32898330688477,
        307.5313551161024,
        66.75435553656683,
        18.26727475060357,
        6.013644907209608,
        1.777326398425632,
        1.3818259901470609,
        1.3143979575898912,
        1.3058656255404155,
        1.3098806341489155,
        1.284402264489068,
        1.3049907750553555,
        1.2968701389100816,
        1.28927653365665,
        1.2812941604190402,
        1.2700939906968012,
        1.265744023852878,
        1.270062267780304,
        1.2890716195106506,
        1.2677744030952454,
        1.2689889404508803,
        1.2770742840237088,
        1.2620391647020976,
        1.2701565225919087,
        1.2479101220766704,
        1.2631805671585932,
        1.2683390378952026,
        1.2639384534623888,
        1.2538743615150452,
        1.2658961481518216,
        1.2645763225025601,
        1.268636597527398,
        1.2639648119608562,
        1.2459282676378887,
        1.2434247334798176,
        1.2497059636645846,
        1.269512375195821,
        1.2762116193771362,
        1.2703610791100397,
        1.25236666864819,
        1.2523253096474543,
        1.2577472660276625,
        1.2497735884454515,
        1.2457159956296284,
        1.2494295967949762,
        1.2549099458588495,
        1.2518515520625644,
        1.2519398397869534,
        1.2409422397613525,
        1.255052732096778,
        1.2672989037301805,
        1.2490831083721585,
        1.2443908055623372,
        1.2350916067759197,
        1.245286140176985,
        1.2533966832690768,
        1.2473713689380221,
        1.2522555126084223,
        1.2478418615129259,
        1.2446814907921686,
        1.244961553149753,
        1.246335678630405,
        1.2551889883147345,
        1.2531341777907476,
        1.2547649012671576,
        1.238431413968404,
        1.2609251803821988,
        1.2575806909137301,
        1.2510857847001817,
        1.2577526635593839,
        1.2667109701368544,
        1.2637703087594774,
        1.2455056773291693,
        1.2396373682551913,
        1.255596591366662,
        1.237401180797153,
        1.2430880400869582,
        1.2453939119974773,
        1.2374356653955247,
        1.2341981596416898,
        1.238389127784305,
        1.2345066865285237,
        1.249713142712911,
        1.2502061459753249,
        1.2494509153895907,
        1.2395659420225356,
        1.248721222082774,
        1.2528609103626676,
        1.23505566517512,
        1.2434577875667148,
        1.2506942086749606,
        1.2565110524495442,
        1.2638436489635043
    ],
    "accuracy": [
        0.23813708260105448,
        0.3031634446397188,
        0.4112478031634446,
        0.4270650263620387,
        0.4314586994727592,
        0.5096660808435852,
        0.492091388400703,
        0.47363796133567665,
        0.31985940246045697,
        0.45694200351493847,
        0.4947275922671353,
        0.5149384885764499,
        0.5536028119507909,
        0.5755711775043937,
        0.5834797891036907,
        0.5905096660808435,
        0.5843585237258347,
        0.6028119507908611,
        0.5878734622144113,
        0.5931458699472759,
        0.5843585237258347,
        0.6115992970123023,
        0.6028119507908611,
        0.616871704745167,
        0.6124780316344464,
        0.6045694200351494,
        0.6151142355008787,
        0.6195079086115993,
        0.6028119507908611,
        0.6177504393673111,
        0.6010544815465729,
        0.6186291739894552,
        0.6098418277680141,
        0.6098418277680141,
        0.6142355008787346,
        0.624780316344464,
        0.624780316344464,
        0.616871704745167,
        0.6282952548330404,
        0.6107205623901582,
        0.624780316344464,
        0.6379613356766256,
        0.6300527240773286,
        0.6221441124780316,
        0.6159929701230229,
        0.6256590509666081,
        0.6142355008787346,
        0.6309314586994728,
        0.624780316344464,
        0.6115992970123023,
        0.6353251318101933,
        0.6089630931458699,
        0.6133567662565905,
        0.6115992970123023,
        0.6212653778558875,
        0.6528998242530756,
        0.6344463971880492,
        0.6239015817223199,
        0.6186291739894552,
        0.6309314586994728,
        0.6300527240773286,
        0.6318101933216169,
        0.6300527240773286,
        0.6414762741652021,
        0.6256590509666081,
        0.6467486818980668,
        0.6256590509666081,
        0.6195079086115993,
        0.6239015817223199,
        0.6282952548330404,
        0.624780316344464,
        0.6256590509666081,
        0.6362038664323374,
        0.6151142355008787,
        0.6177504393673111,
        0.6344463971880492,
        0.6195079086115993,
        0.6089630931458699,
        0.6151142355008787,
        0.6318101933216169,
        0.6274165202108963,
        0.6239015817223199,
        0.6370826010544816,
        0.6397188049209139,
        0.6239015817223199,
        0.6239015817223199,
        0.6362038664323374,
        0.6388400702987698,
        0.6397188049209139,
        0.6274165202108963,
        0.6362038664323374,
        0.6353251318101933,
        0.624780316344464,
        0.6388400702987698,
        0.6133567662565905,
        0.6344463971880492,
        0.624780316344464,
        0.624780316344464,
        0.6045694200351494,
        0.6133567662565905
    ],