{
    "model": [
        "CkTIM"
    ],
    "epoch": [
        0,
        1,
        2,
        3,
        4,
        5,
        6,
        7,
        8,
        9,
        10,
        11,
        12,
        13,
        14,
        15,
        16,
        17,
        18,
        19,
        20,
        21,
        22,
        23,
        24,
        25,
        26,
        27,
        28,
        29,
        30,
        31,
        32,
        33,
        34,
        35,
        36,
        37,
        38,
        39,
        40,
        41,
        42,
        43,
        44,
        45,
        46,
        47,
        48,
        49,
        50,
        51,
        52,
        53,
        54,
        55,
        56,
        57,
        58,
        59,
        60,
        61,
        62,
        63,
        64,
        65,
        66,
        67,
        68,
        69,
        70,
        71,
        72,
        73,
        74,
        75,
        76,
        77,
        78,
        79,
        80,
        81,
        82,
        83,
        84,
        85,
        86,
        87,
        88,
        89,
        90,
        91,
        92,
        93,
        94,
        95,
        96,
        97,
        98,
        99
    ],
    "loss": [
        3464.973894391741,
        1042.3638392857142,
        1002.0604160853794,
        638.7797372000558,
        638.3885410853794,
        476.2801949637277,
        632.0333469935825,
        521.6069205147879,
        408.4080330984933,
        447.5872148786272,
        433.3736790248326,
        330.29781668526783,
        432.59840175083707,
        433.11346435546875,
        447.8893519810268,
        324.97898864746094,
        449.5244445800781,
        337.5025634765625,
        322.80526297433033,
        269.4359021868025,
        211.97484588623047,
        275.8407549176897,
        217.42830548967635,
        233.3784441266741,
        254.82706342424666,
        220.96487644740515,
        215.6533421107701,
        210.20497349330358,
        302.59478759765625,
        208.18573216029577,
        194.53741019112724,
        246.2884238106864,
        183.7043936593192,
        216.65411158970423,
        198.45121111188615,
        234.25865391322546,
        231.04420689174108,
        210.66157967703683,
        220.55867440359933,
        166.93471200125558,
        196.3740997314453,
        198.7642604282924,
        251.37439618791853,
        183.50794982910156,
        195.2068590436663,
        181.01192365373885,
        158.45093536376953,
        197.29768807547433,
        221.29066358293807,
        192.76243591308594,
        189.92529296875,
        204.0984148297991,
        181.69944545200892,
        175.7593776157924,
        177.88053676060267,
        200.84454345703125,
        171.47648402622767,
        166.75814928327287,
        188.51389748709542,
        171.05731419154577,
        184.60784476143974,
        193.0089394705636,
        187.82298932756697,
        240.6392560686384,
        176.57279314313615,
        199.2904793875558,
        199.66790553501673,
        177.7536631992885,
        169.50897216796875,
        187.41935294015067,
        161.97469438825334,
        170.60000610351562,
        185.64335196358817,
        212.41413225446428,
        178.13005937848772,
        192.73670087541853,
        186.35077776227678,
        198.4101300920759,
        184.09075273786272,
        235.718510219029,
        203.54696655273438,
        208.7875758579799,
        193.8302950177874,
        174.69913809640067,
        188.27282496861048,
        162.22544642857142,
        171.55766950334822,
        176.63558523995536,
        199.23806980678015,
        175.86716788155692,
        196.558842250279,
        186.36344691685267,
        201.5482635498047,
        188.2523193359375,
        185.85258265904017,
        171.22258867536272,
        191.52521405901228,
        193.0696531023298,
        174.49711172921317,
        195.47120884486608
    ],
    "accuracy": [
        0.10837438423645321,
        0.21921182266009853,
        0.2536945812807882,
        0.24630541871921183,
        0.2512315270935961,
        0.2857142857142857,
        0.26108374384236455,
        0.31773399014778325,
        0.3817733990147783,
        0.3645320197044335,
        0.3448275862068966,
        0.4187192118226601,
        0.3522167487684729,
        0.4088669950738916,
        0.3768472906403941,
        0.42857142857142855,
        0.32019704433497537,
        0.39901477832512317,
        0.4236453201970443,
        0.4729064039408867,
        0.5024630541871922,
        0.47783251231527096,
        0.458128078817734,
        0.5024630541871922,
        0.4729064039408867,
        0.4876847290640394,
        0.5073891625615764,
        0.4975369458128079,
        0.4064039408866995,
        0.5369458128078818,
        0.47783251231527096,
        0.4458128078817734,
        0.5098522167487685,
        0.4630541871921182,
        0.5197044334975369,
        0.4458128078817734,
        0.49507389162561577,
        0.5123152709359606,
        0.5221674876847291,
        0.5320197044334976,
        0.49261083743842365,
        0.47783251231527096,
        0.4433497536945813,
        0.5123152709359606,
        0.4852216748768473,
        0.5221674876847291,
        0.5615763546798029,
        0.5246305418719212,
        0.49014778325123154,
        0.5073891625615764,
        0.49261083743842365,
        0.47783251231527096,
        0.5073891625615764,
        0.5541871921182266,
        0.5320197044334976,
        0.5270935960591133,
        0.5270935960591133,
        0.5591133004926109,
        0.5123152709359606,
        0.5295566502463054,
        0.5049261083743842,
        0.5221674876847291,
        0.541871921182266,
        0.4630541871921182,
        0.5147783251231527,
        0.5049261083743842,
        0.5123152709359606,
        0.5024630541871922,
        0.5270935960591133,
        0.4975369458128079,
        0.5467980295566502,
        0.5689655172413793,
        0.5098522167487685,
        0.45073891625615764,
        0.5172413793103449,
        0.4753694581280788,
        0.49507389162561577,
        0.4630541871921182,
        0.5295566502463054,
        0.4802955665024631,
        0.47044334975369456,
        0.49261083743842365,
        0.5049261083743842,
        0.5270935960591133,
        0.5147783251231527,
        0.5665024630541872,
        0.5221674876847291,
        0.5098522167487685,
        0.4630541871921182,
        0.5541871921182266,
        0.5344827586206896,
        0.5123152709359606,
        0.5049261083743842,
        0.5172413793103449,
        0.5073891625615764,
        0.5443349753694581,
        0.49014778325123154,
        0.4827586206896552,
        0.5197044334975369,
        0.49507389162561577
    ],