{
    "model": [
        "ckTIM"
    ],
    "epoch": [
        0,
        1,
        2,
        3,
        4,
        5,
        6,
        7,
        8,
        9,
        10,
        11,
        12,
        13,
        14,
        15,
        16,
        17,
        18,
        19,
        20,
        21,
        22,
        23,
        24,
        25,
        26,
        27,
        28,
        29,
        30,
        31,
        32,
        33,
        34,
        35,
        36,
        37,
        38,
        39,
        40,
        41,
        42,
        43,
        44,
        45,
        46,
        47,
        48,
        49,
        50,
        51,
        52,
        53,
        54,
        55,
        56,
        57,
        58,
        59,
        60,
        61,
        62,
        63,
        64,
        65,
        66,
        67,
        68,
        69,
        70,
        71,
        72,
        73,
        74,
        75,
        76,
        77,
        78,
        79,
        80,
        81,
        82,
        83,
        84,
        85,
        86,
        87,
        88,
        89,
        90,
        91,
        92,
        93,
        94,
        95,
        96,
        97,
        98,
        99
    ],
    "loss": [
        4066.0831473214284,
        2490.1640973772323,
        1420.417759486607,
        1505.7294137137276,
        1523.047162737165,
        1244.881312779018,
        1439.9214564732142,
        1399.938188825335,
        1349.68013218471,
        1085.7624773297991,
        1519.3567592075892,
        983.5538242885044,
        1464.8336530412946,
        995.6116768973214,
        735.5547223772321,
        589.8644278390067,
        719.287109375,
        677.7529907226562,
        571.6304059709821,
        733.4432765415737,
        761.952654157366,
        516.6161499023438,
        576.9077584402902,
        496.31214686802457,
        651.0079738071987,
        539.657222202846,
        469.0139596121652,
        473.1929016113281,
        398.2770560128348,
        468.07161603655135,
        373.55982753208707,
        468.3152596609933,
        343.8680637904576,
        412.7302769252232,
        358.715342930385,
        372.6253356933594,
        372.94991193498885,
        352.08204868861606,
        337.98067365373885,
        310.5441698346819,
        337.81865365164623,
        388.3183070591518,
        358.3327941894531,
        322.58746555873324,
        433.00516619001115,
        444.82882254464283,
        362.8915775844029,
        335.45406668526783,
        269.4637015206473,
        305.96836635044644,
        309.0208435058594,
        242.78179713657923,
        373.4752393450056,
        311.40110996791293,
        354.23770577566967,
        303.7361406598772,
        340.38348170689176,
        311.7579040527344,
        387.9793701171875,
        246.76153346470423,
        395.4298662458147,
        317.8481750488281,
        288.2578430175781,
        302.7728794642857,
        342.85624258858815,
        349.2713601248605,
        313.4510803222656,
        259.7732587541853,
        367.99495588030135,
        382.1045401436942,
        274.40994698660717,
        302.59508841378346,
        287.09269278390065,
        306.2613329206194,
        263.8348475864955,
        278.99012538364957,
        308.59908185686385,
        302.1781223842076,
        318.1522129603795,
        415.37706211635043,
        279.6528625488281,
        295.93162754603793,
        268.59093584333147,
        270.74389212472096,
        306.30623735700334,
        327.2168927873884,
        396.04539271763394,
        297.42090279715404,
        329.6094730922154,
        336.55095345633373,
        320.3001948765346,
        255.0183367047991,
        330.85621425083707,
        353.19207763671875,
        256.7495335170201,
        292.31646728515625,
        301.46568516322543,
        301.11290196010043,
        341.7481667654855,
        274.14188494001115
    ],
    "accuracy": [
        0.15763546798029557,
        0.2019704433497537,
        0.2315270935960591,
        0.26108374384236455,
        0.229064039408867,
        0.29310344827586204,
        0.26354679802955666,
        0.3103448275862069,
        0.3103448275862069,
        0.3399014778325123,
        0.30295566502463056,
        0.35467980295566504,
        0.27586206896551724,
        0.3891625615763547,
        0.4039408866995074,
        0.46798029556650245,
        0.4236453201970443,
        0.41133004926108374,
        0.41133004926108374,
        0.4039408866995074,
        0.41379310344827586,
        0.4482758620689655,
        0.45320197044334976,
        0.47783251231527096,
        0.43349753694581283,
        0.4482758620689655,
        0.4729064039408867,
        0.47783251231527096,
        0.5369458128078818,
        0.4482758620689655,
        0.5295566502463054,
        0.4852216748768473,
        0.5369458128078818,
        0.4753694581280788,
        0.5344827586206896,
        0.5172413793103449,
        0.49507389162561577,
        0.5123152709359606,
        0.5049261083743842,
        0.5123152709359606,
        0.4876847290640394,
        0.5,
        0.5098522167487685,
        0.5246305418719212,
        0.49507389162561577,
        0.46551724137931033,
        0.5197044334975369,
        0.5024630541871922,
        0.5689655172413793,
        0.5492610837438424,
        0.5541871921182266,
        0.5763546798029556,
        0.5123152709359606,
        0.5197044334975369,
        0.49507389162561577,
        0.5394088669950738,
        0.49261083743842365,
        0.5517241379310345,
        0.4729064039408867,
        0.5886699507389163,
        0.45320197044334976,
        0.5517241379310345,
        0.5517241379310345,
        0.5615763546798029,
        0.5197044334975369,
        0.5197044334975369,
        0.5320197044334976,
        0.5492610837438424,
        0.5123152709359606,
        0.5049261083743842,
        0.5566502463054187,
        0.5270935960591133,
        0.5443349753694581,
        0.4975369458128079,
        0.5788177339901478,
        0.5443349753694581,
        0.5394088669950738,
        0.5221674876847291,
        0.5394088669950738,
        0.49261083743842365,
        0.5443349753694581,
        0.5714285714285714,
        0.5295566502463054,
        0.5812807881773399,
        0.5320197044334976,
        0.5221674876847291,
        0.4433497536945813,
        0.5246305418719212,
        0.5147783251231527,
        0.5467980295566502,
        0.5541871921182266,
        0.5738916256157636,
        0.49507389162561577,
        0.5049261083743842,
        0.5320197044334976,
        0.5788177339901478,
        0.583743842364532,
        0.5270935960591133,
        0.5566502463054187,
        0.5197044334975369
    ],