{
    "model": [
        "CkTIM"
    ],
    "epoch": [
        0,
        1,
        2,
        3,
        4,
        5,
        6,
        7,
        8,
        9,
        10,
        11,
        12,
        13,
        14,
        15,
        16,
        17,
        18,
        19,
        20,
        21,
        22,
        23,
        24,
        25,
        26,
        27,
        28,
        29,
        30,
        31,
        32,
        33,
        34,
        35,
        36,
        37,
        38,
        39,
        40,
        41,
        42,
        43,
        44,
        45,
        46,
        47,
        48,
        49,
        50,
        51,
        52,
        53,
        54,
        55,
        56,
        57,
        58,
        59,
        60,
        61,
        62,
        63,
        64,
        65,
        66,
        67,
        68,
        69,
        70,
        71,
        72,
        73,
        74,
        75,
        76,
        77,
        78,
        79,
        80,
        81,
        82,
        83,
        84,
        85,
        86,
        87,
        88,
        89,
        90,
        91,
        92,
        93,
        94,
        95,
        96,
        97,
        98,
        99
    ],
    "loss": [
        10032.162388392857,
        3128.8459123883927,
        1190.4950561523438,
        772.234601702009,
        395.59583827427457,
        294.40499441964283,
        263.81872122628346,
        201.50010245186942,
        159.59043557303292,
        137.16620200020927,
        107.78580583844867,
        110.61425890241351,
        151.8364998953683,
        106.82479749407086,
        123.9777090890067,
        86.52490561349052,
        64.97078214372907,
        55.90355791364397,
        70.30759593418666,
        66.84259469168526,
        48.53043256487165,
        56.78659929547991,
        48.999578203473774,
        42.76727621895926,
        36.377449308122905,
        38.09931891305106,
        35.14284597124372,
        40.08212334769113,
        35.33237484523228,
        26.212363924298966,
        27.31882749285017,
        25.274481637137278,
        22.028311320713588,
        19.689873422895158,
        20.609346389770508,
        17.692888396126882,
        19.133865901402064,
        14.794976779392787,
        14.502078465053014,
        16.388335500444686,
        12.638629504612513,
        11.32658508845738,
        11.917171614510673,
        10.766757147652763,
        9.442093781062535,
        9.994635581970215,
        9.586026191711426,
        9.107022421700615,
        9.006417410714286,
        8.457455703190394,
        9.640966551644462,
        7.263184002467564,
        7.960226331438337,
        7.549404689243862,
        6.674994673047747,
        6.688113825661795,
        6.288739136287144,
        6.945881502968924,
        6.530704089573452,
        6.887754712785993,
        6.540621144430978,
        6.227066993713379,
        6.259155409676688,
        6.678412164960589,
        6.447845867701939,
        5.980336121150425,
        6.453904628753662,
        6.479193006243024,
        6.576174054827009,
        6.082735470363072,
        5.919380937303815,
        5.800672326769147,
        6.017280033656529,
        6.291166578020368,
        6.003393854413714,
        6.140723296574184,
        6.672156402042934,
        6.571006161825998,
        6.348874296460833,
        5.929537330354963,
        6.0090451921735495,
        6.215979507991245,
        5.904144832066128,
        5.927456310817173,
        5.94000700541905,
        5.8932608876909525,
        6.293744223458426,
        5.923592703683036,
        5.5920474869864325,
        5.977838107517788,
        6.22307334627424,
        6.3070695740836005,
        5.954583917345319,
        5.697071892874582,
        5.844823905399868,
        6.005203178950718,
        6.324868134089878,
        6.259359632219587,
        6.386106559208462,
        6.479143006461007
    ],
    "accuracy": [
        0.15763546798029557,
        0.2413793103448276,
        0.3448275862068966,
        0.33497536945812806,
        0.4064039408866995,
        0.49507389162561577,
        0.4433497536945813,
        0.5147783251231527,
        0.5295566502463054,
        0.5320197044334976,
        0.6083743842364532,
        0.5566502463054187,
        0.45073891625615764,
        0.5098522167487685,
        0.4975369458128079,
        0.5369458128078818,
        0.5788177339901478,
        0.6009852216748769,
        0.5640394088669951,
        0.5640394088669951,
        0.5788177339901478,
        0.5369458128078818,
        0.5689655172413793,
        0.5714285714285714,
        0.6059113300492611,
        0.5935960591133005,
        0.6206896551724138,
        0.5788177339901478,
        0.5738916256157636,
        0.6527093596059114,
        0.6083743842364532,
        0.603448275862069,
        0.5935960591133005,
        0.6477832512315271,
        0.645320197044335,
        0.6798029556650246,
        0.6206896551724138,
        0.6600985221674877,
        0.6600985221674877,
        0.645320197044335,
        0.6403940886699507,
        0.6970443349753694,
        0.6650246305418719,
        0.6995073891625616,
        0.7019704433497537,
        0.6576354679802956,
        0.6699507389162561,
        0.6798029556650246,
        0.6748768472906403,
        0.6798029556650246,
        0.6083743842364532,
        0.6748768472906403,
        0.6477832512315271,
        0.6699507389162561,
        0.7019704433497537,
        0.7315270935960592,
        0.7413793103448276,
        0.7266009852216748,
        0.7241379310344828,
        0.6970443349753694,
        0.7142857142857143,
        0.687192118226601,
        0.7118226600985221,
        0.7216748768472906,
        0.7167487684729064,
        0.7487684729064039,
        0.7142857142857143,
        0.7315270935960592,
        0.7019704433497537,
        0.7068965517241379,
        0.7118226600985221,
        0.7413793103448276,
        0.7389162561576355,
        0.6945812807881774,
        0.6970443349753694,
        0.7438423645320197,
        0.729064039408867,
        0.7044334975369458,
        0.7118226600985221,
        0.7192118226600985,
        0.6995073891625616,
        0.7315270935960592,
        0.7315270935960592,
        0.7241379310344828,
        0.7463054187192119,
        0.7610837438423645,
        0.7512315270935961,
        0.6970443349753694,
        0.7068965517241379,
        0.7044334975369458,
        0.6995073891625616,
        0.7216748768472906,
        0.7142857142857143,
        0.7315270935960592,
        0.7216748768472906,
        0.729064039408867,
        0.6847290640394089,
        0.7192118226600985,
        0.7339901477832512,
        0.687192118226601
    ],