{
    "model": [
        "CkTIM"
    ],
    "epoch": [
        0,
        1,
        2,
        3,
        4,
        5,
        6,
        7,
        8,
        9,
        10,
        11,
        12,
        13,
        14,
        15,
        16,
        17,
        18,
        19,
        20,
        21,
        22,
        23,
        24,
        25,
        26,
        27,
        28,
        29,
        30,
        31,
        32,
        33,
        34,
        35,
        36,
        37,
        38,
        39,
        40,
        41,
        42,
        43,
        44,
        45,
        46,
        47,
        48,
        49,
        50,
        51,
        52,
        53,
        54,
        55,
        56,
        57,
        58,
        59,
        60,
        61,
        62,
        63,
        64,
        65,
        66,
        67,
        68,
        69,
        70,
        71,
        72,
        73,
        74,
        75,
        76,
        77,
        78,
        79,
        80,
        81,
        82,
        83,
        84,
        85,
        86,
        87,
        88,
        89,
        90,
        91,
        92,
        93,
        94,
        95,
        96,
        97,
        98,
        99
    ],
    "loss": [
        9041.43617466518,
        2248.772443498884,
        1223.8340541294642,
        813.9842878069196,
        623.6810825892857,
        545.6487252371652,
        399.74256678989957,
        332.9628230503627,
        282.79944501604353,
        233.18335832868303,
        151.3705575125558,
        120.69772011893136,
        140.08985900878906,
        134.82866886683874,
        108.99809047154018,
        107.73795318603516,
        76.3711678641183,
        62.93287113734654,
        40.955157143729075,
        35.09559604099819,
        30.77029718671526,
        29.94850948878697,
        23.002077647617885,
        26.880881990705216,
        22.939077649797714,
        19.53442519051688,
        18.94646508353097,
        16.67912564958845,
        15.771269253322057,
        12.194146156311035,
        13.567010198320661,
        12.530753816877093,
        11.84882640838623,
        12.724824905395508,
        9.849835668291364,
        10.283855983189174,
        10.149276597159249,
        10.767645018441337,
        10.47529901776995,
        9.153740269797188,
        8.44687284742083,
        7.7848356791905,
        8.002558435712542,
        8.716764109475273,
        9.596996443612236,
        8.29480266571045,
        7.16830199105399,
        7.518543720245361,
        7.840227263314383,
        8.2187192099435,
        7.649710927690778,
        7.549001353127616,
        7.675497055053711,
        7.492862565176828,
        7.547857557024274,
        8.132039410727364,
        6.865338121141706,
        7.449320180075509,
        7.205136367252895,
        7.1557488441467285,
        7.222406727927072,
        7.000853606632778,
        7.334324087415423,
        6.555733135768345,
        7.1633952004568915,
        7.154772758483887,
        6.802809851510184,
        7.187139511108398,
        7.628150463104248,
        7.436315468379429,
        7.353712967463902,
        7.884938444410052,
        7.276120935167585,
        7.129662445613316,
        6.945641313280378,
        7.430102416447231,
        7.225419044494629,
        6.803563186100551,
        8.37715939113072,
        6.613029411860874,
        6.529081072126116,
        7.013436930520194,
        7.638254370008196,
        7.037938867296491,
        7.064259256635394,
        7.6075872012547086,
        7.31706918988909,
        7.723696299961635,
        7.304846695491245,
        8.4479124886649,
        7.308238370077951,
        7.646784782409668,
        7.306531156812396,
        7.072696140834263,
        7.283309323447091,
        7.234764916556222,
        6.450500079563686,
        7.744950566973005,
        6.6321146828787665,
        7.093331813812256
    ],
    "accuracy": [
        0.15024630541871922,
        0.2660098522167488,
        0.37192118226600984,
        0.41625615763546797,
        0.42610837438423643,
        0.43349753694581283,
        0.49014778325123154,
        0.47044334975369456,
        0.45320197044334976,
        0.47044334975369456,
        0.5344827586206896,
        0.5591133004926109,
        0.5270935960591133,
        0.5270935960591133,
        0.5467980295566502,
        0.5492610837438424,
        0.5369458128078818,
        0.5763546798029556,
        0.6379310344827587,
        0.6748768472906403,
        0.6625615763546798,
        0.6379310344827587,
        0.6724137931034483,
        0.6083743842364532,
        0.6206896551724138,
        0.6600985221674877,
        0.5911330049261084,
        0.6502463054187192,
        0.6428571428571429,
        0.6428571428571429,
        0.5960591133004927,
        0.6330049261083743,
        0.6231527093596059,
        0.6182266009852216,
        0.603448275862069,
        0.5738916256157636,
        0.5812807881773399,
        0.5812807881773399,
        0.6009852216748769,
        0.5862068965517241,
        0.6330049261083743,
        0.6231527093596059,
        0.6551724137931034,
        0.6305418719211823,
        0.6206896551724138,
        0.6305418719211823,
        0.6059113300492611,
        0.6527093596059114,
        0.6280788177339901,
        0.603448275862069,
        0.6157635467980296,
        0.6231527093596059,
        0.645320197044335,
        0.6182266009852216,
        0.6527093596059114,
        0.5935960591133005,
        0.6527093596059114,
        0.6650246305418719,
        0.6379310344827587,
        0.6403940886699507,
        0.6182266009852216,
        0.603448275862069,
        0.6206896551724138,
        0.6674876847290641,
        0.5960591133004927,
        0.6059113300492611,
        0.645320197044335,
        0.6428571428571429,
        0.6083743842364532,
        0.6059113300492611,
        0.6182266009852216,
        0.6182266009852216,
        0.6305418719211823,
        0.6157635467980296,
        0.625615763546798,
        0.6330049261083743,
        0.6477832512315271,
        0.6822660098522167,
        0.6206896551724138,
        0.6551724137931034,
        0.6330049261083743,
        0.6551724137931034,
        0.6403940886699507,
        0.6280788177339901,
        0.6009852216748769,
        0.6133004926108374,
        0.6354679802955665,
        0.6009852216748769,
        0.6206896551724138,
        0.6182266009852216,
        0.6403940886699507,
        0.645320197044335,
        0.6206896551724138,
        0.6502463054187192,
        0.6231527093596059,
        0.6748768472906403,
        0.645320197044335,
        0.6206896551724138,
        0.6330049261083743,
        0.6231527093596059
    ],