{
    "model": [
        "CkTIM"
    ],
    "epoch": [],
    "loss": [
        16.932829937188007
    ],
    "accuracy": [
        0.6160714285714286
    ],
    "recall": [
        0.6160714285714286
    ],
    "precision": [
        0.6272309733610043
    ],
    "f1_score": [
        0.6142251836833117
    ],
    "inference_time_one_sample": [
        0.037
    ],
    "inference_time_tot": [
        4.131
    ],
    "trainable_parameters": [
        101951
    ]
}