{
    "model": [
        "CkTIM"
    ],
    "epoch": [
        0,
        1,
        2,
        3,
        4,
        5,
        6,
        7,
        8,
        9,
        10,
        11,
        12,
        13,
        14,
        15,
        16,
        17,
        18,
        19,
        20,
        21,
        22,
        23,
        24,
        25,
        26,
        27,
        28,
        29,
        30,
        31,
        32,
        33,
        34,
        35,
        36,
        37,
        38,
        39,
        40,
        41,
        42,
        43,
        44,
        45,
        46,
        47,
        48,
        49,
        50,
        51,
        52,
        53,
        54,
        55,
        56,
        57,
        58,
        59,
        60,
        61,
        62,
        63,
        64,
        65,
        66,
        67,
        68,
        69,
        70,
        71,
        72,
        73,
        74,
        75,
        76,
        77,
        78,
        79,
        80,
        81,
        82,
        83,
        84,
        85,
        86,
        87,
        88,
        89,
        90,
        91,
        92,
        93,
        94,
        95,
        96,
        97,
        98,
        99
    ],
    "loss": [
        4137.799072265625,
        1369.8586251395088,
        927.1593933105469,
        671.0962611607143,
        489.48294939313615,
        403.3497968401228,
        311.25696236746654,
        239.70852879115515,
        201.03545488630022,
        196.65052795410156,
        194.40692465645927,
        155.9431599208287,
        138.2579574584961,
        113.15335409981864,
        157.7813502720424,
        143.61353737967355,
        170.4035197666713,
        183.53140803745814,
        144.0541229248047,
        107.08057621547154,
        85.26156670706612,
        78.52590887887138,
        85.0922611781529,
        69.18076433454242,
        64.88747732979911,
        56.99745668683733,
        56.86968776157924,
        46.86826923915318,
        55.608563559395925,
        50.387769971575054,
        56.63103757585798,
        51.69221932547433,
        54.12889698573521,
        58.93577194213867,
        62.74922125680106,
        60.290731702532085,
        50.59569549560547,
        41.41602325439453,
        46.9516784123012,
        42.63631984165737,
        43.326384680611746,
        47.13908059256418,
        45.12723241533552,
        44.26028905596052,
        48.920137132917134,
        43.19704600742885,
        40.99605178833008,
        39.96049172537668,
        47.44271196637835,
        43.97914123535156,
        50.93181337629046,
        52.53635515485491,
        44.85390090942383,
        49.225639888218474,
        37.5355110168457,
        42.61288806370327,
        48.10095650809152,
        41.428314208984375,
        40.877455030168804,
        41.20363998413086,
        40.80262756347656,
        42.21728243146624,
        37.39217049734933,
        39.13029915945871,
        37.51821681431362,
        40.30510984148298,
        40.357213156563894,
        42.858283451625276,
        38.524395261492046,
        44.911894934517996,
        38.30998856680734,
        38.17694091796875,
        42.243330819266184,
        35.538164956229075,
        40.33810888017927,
        37.9982545035226,
        40.6260141645159,
        40.78865895952497,
        36.77782167707171,
        43.42539950779506,
        40.2274055480957,
        35.533477783203125,
        42.737853458949495,
        33.86457770211356,
        34.190721784319194,
        36.17110552106585,
        35.81693976266043,
        45.605347224644255,
        50.37100764683315,
        39.15831429617746,
        41.747580119541716,
        39.53138187953404,
        35.64600454057966,
        41.418901443481445,
        39.93232291085379,
        35.427581514631,
        37.87395804268973,
        40.80328178405762,
        38.05884552001953,
        38.97900254385812
    ],
    "accuracy": [
        0.16009852216748768,
        0.21921182266009853,
        0.30295566502463056,
        0.25862068965517243,
        0.3275862068965517,
        0.3399014778325123,
        0.3768472906403941,
        0.4236453201970443,
        0.42857142857142855,
        0.39408866995073893,
        0.4236453201970443,
        0.46551724137931033,
        0.4088669950738916,
        0.4852216748768473,
        0.4211822660098522,
        0.42857142857142855,
        0.4039408866995074,
        0.4088669950738916,
        0.43349753694581283,
        0.5,
        0.4975369458128079,
        0.5295566502463054,
        0.5049261083743842,
        0.5123152709359606,
        0.5394088669950738,
        0.5689655172413793,
        0.5911330049261084,
        0.6108374384236454,
        0.5541871921182266,
        0.603448275862069,
        0.5591133004926109,
        0.5862068965517241,
        0.5591133004926109,
        0.5517241379310345,
        0.5073891625615764,
        0.5369458128078818,
        0.583743842364532,
        0.5935960591133005,
        0.5911330049261084,
        0.5763546798029556,
        0.6059113300492611,
        0.5935960591133005,
        0.5935960591133005,
        0.6083743842364532,
        0.5394088669950738,
        0.5886699507389163,
        0.6305418719211823,
        0.5738916256157636,
        0.5492610837438424,
        0.5788177339901478,
        0.5467980295566502,
        0.5369458128078818,
        0.5862068965517241,
        0.5714285714285714,
        0.6009852216748769,
        0.5911330049261084,
        0.5394088669950738,
        0.5886699507389163,
        0.5960591133004927,
        0.5886699507389163,
        0.5985221674876847,
        0.5911330049261084,
        0.5960591133004927,
        0.6428571428571429,
        0.6083743842364532,
        0.6059113300492611,
        0.5935960591133005,
        0.5492610837438424,
        0.5886699507389163,
        0.5763546798029556,
        0.625615763546798,
        0.5640394088669951,
        0.6379310344827587,
        0.6280788177339901,
        0.5862068965517241,
        0.6182266009852216,
        0.5665024630541872,
        0.6379310344827587,
        0.603448275862069,
        0.5862068965517241,
        0.6157635467980296,
        0.6280788177339901,
        0.5394088669950738,
        0.6305418719211823,
        0.583743842364532,
        0.5886699507389163,
        0.6231527093596059,
        0.5566502463054187,
        0.4975369458128079,
        0.5911330049261084,
        0.5763546798029556,
        0.5911330049261084,
        0.6305418719211823,
        0.6009852216748769,
        0.5665024630541872,
        0.6009852216748769,
        0.6157635467980296,
        0.583743842364532,
        0.5935960591133005,
        0.6231527093596059
    ],