{
    "model": [
        "CkTIM"
    ],
    "epoch": [],
    "loss": [
        74.49138547054359
    ],
    "accuracy": [
        0.6607142857142857
    ],
    "recall": [
        0.6607142857142857
    ],
    "precision": [
        0.6666878872761226
    ],
    "f1_score": [
        0.6518693942223354
    ],
    "inference_time_one_sample": [
        0.21
    ],
    "inference_time_tot": [
        23.502
    ],
    "trainable_parameters": [
        1805668
    ]
}