{
    "model": [
        "CkTIM"
    ],
    "epoch": [],
    "loss": [
        86.07742837414013
    ],
    "accuracy": [
        0.6696428571428571
    ],
    "recall": [
        0.6696428571428571
    ],
    "precision": [
        0.684198442187164
    ],
    "f1_score": [
        0.6636754438922499
    ],
    "inference_time_one_sample": [
        0.208
    ],
    "inference_time_tot": [
        23.281
    ]
}