{
    "model": [
        "CkTIM"
    ],
    "epoch": [
        0,
        1,
        2,
        3,
        4,
        5,
        6,
        7,
        8,
        9,
        10,
        11,
        12,
        13,
        14,
        15,
        16,
        17,
        18,
        19,
        20,
        21,
        22,
        23,
        24,
        25,
        26,
        27,
        28,
        29,
        30,
        31,
        32,
        33,
        34,
        35,
        36,
        37,
        38,
        39,
        40,
        41,
        42,
        43,
        44,
        45,
        46,
        47,
        48,
        49,
        50,
        51,
        52,
        53,
        54,
        55,
        56,
        57,
        58,
        59,
        60,
        61,
        62,
        63,
        64,
        65,
        66,
        67,
        68,
        69,
        70,
        71,
        72,
        73,
        74,
        75,
        76,
        77,
        78,
        79,
        80,
        81,
        82,
        83,
        84,
        85,
        86,
        87,
        88,
        89,
        90,
        91,
        92,
        93,
        94,
        95,
        96,
        97,
        98,
        99
    ],
    "loss": [
        4265.18781389509,
        1897.1309988839287,
        1082.393075125558,
        782.7718157087054,
        738.7806658063616,
        667.5971941266741,
        580.1256452287946,
        496.55887712751115,
        592.4585440499442,
        702.5968497140067,
        663.3661586216518,
        616.4721330915179,
        456.3618600027902,
        458.00622122628346,
        352.8433314732143,
        377.5499267578125,
        430.27589634486606,
        398.4863848005022,
        408.8088596888951,
        371.105477469308,
        304.2499455043248,
        304.1413029261998,
        263.40030779157365,
        272.0143498011998,
        302.90372576032365,
        248.0699506487165,
        296.5005449567522,
        247.40911865234375,
        214.60625566755022,
        256.74198041643416,
        218.8932604108538,
        237.3657466343471,
        233.89876447405135,
        228.04227774483817,
        234.85280064174108,
        214.9495391845703,
        220.714839390346,
        200.78013174874442,
        216.41594805036272,
        242.00650460379464,
        246.39476013183594,
        210.7117156982422,
        205.29693603515625,
        244.35765511648995,
        221.87199183872767,
        210.3086199079241,
        231.44806780133928,
        237.22311401367188,
        226.18674795968192,
        201.5277361188616,
        197.1141858782087,
        222.0388902936663,
        237.20364815848214,
        228.27129690987724,
        265.70736912318637,
        229.83202471051897,
        234.05729239327567,
        232.88214547293526,
        231.27418954031808,
        229.54080418178015,
        208.04846845354353,
        193.02864946637834,
        237.55450439453125,
        219.47325134277344,
        210.8970009940011,
        220.08894784109933,
        203.79389081682478,
        196.8688746861049,
        222.06009347098214,
        233.4370618547712,
        208.33116149902344,
        220.1586194719587,
        233.43794686453683,
        223.93409729003906,
        218.67464556012834,
        197.79437691824776,
        204.32899257114954,
        248.4079851422991,
        228.6339329310826,
        226.19766889299666,
        222.87786865234375,
        213.40741838727678,
        211.43843732561385,
        211.94014413016183,
        194.08414132254464,
        205.12872532435827,
        216.45132882254464,
        213.13641793387276,
        222.71155003138952,
        196.76458522251673,
        232.30787658691406,
        197.0646754673549,
        231.5218222481864,
        232.10997663225447,
        231.16133553641183,
        214.1841321672712,
        216.35280282156808,
        213.48013523646765,
        235.7539825439453,
        216.50671168736048
    ],
    "accuracy": [
        0.15024630541871922,
        0.20935960591133004,
        0.2660098522167488,
        0.3103448275862069,
        0.31527093596059114,
        0.35467980295566504,
        0.4039408866995074,
        0.3817733990147783,
        0.3866995073891626,
        0.31773399014778325,
        0.3768472906403941,
        0.39655172413793105,
        0.43596059113300495,
        0.42857142857142855,
        0.47044334975369456,
        0.4605911330049261,
        0.43596059113300495,
        0.39901477832512317,
        0.43103448275862066,
        0.5098522167487685,
        0.5517241379310345,
        0.5443349753694581,
        0.583743842364532,
        0.5640394088669951,
        0.5517241379310345,
        0.541871921182266,
        0.4876847290640394,
        0.5492610837438424,
        0.5960591133004927,
        0.5738916256157636,
        0.6133004926108374,
        0.5443349753694581,
        0.5615763546798029,
        0.5566502463054187,
        0.5369458128078818,
        0.5862068965517241,
        0.6083743842364532,
        0.6059113300492611,
        0.5960591133004927,
        0.5689655172413793,
        0.5443349753694581,
        0.5788177339901478,
        0.5788177339901478,
        0.5714285714285714,
        0.5763546798029556,
        0.5714285714285714,
        0.5738916256157636,
        0.541871921182266,
        0.5886699507389163,
        0.5763546798029556,
        0.6157635467980296,
        0.6009852216748769,
        0.5788177339901478,
        0.5886699507389163,
        0.5246305418719212,
        0.5591133004926109,
        0.5541871921182266,
        0.5935960591133005,
        0.5862068965517241,
        0.5911330049261084,
        0.5812807881773399,
        0.6009852216748769,
        0.5812807881773399,
        0.5911330049261084,
        0.5960591133004927,
        0.5517241379310345,
        0.5763546798029556,
        0.541871921182266,
        0.5492610837438424,
        0.5788177339901478,
        0.5960591133004927,
        0.5714285714285714,
        0.5738916256157636,
        0.5714285714285714,
        0.5812807881773399,
        0.5689655172413793,
        0.5862068965517241,
        0.5566502463054187,
        0.5517241379310345,
        0.5812807881773399,
        0.5960591133004927,
        0.5738916256157636,
        0.5492610837438424,
        0.583743842364532,
        0.6083743842364532,
        0.5985221674876847,
        0.5935960591133005,
        0.583743842364532,
        0.5738916256157636,
        0.603448275862069,
        0.5541871921182266,
        0.5960591133004927,
        0.5369458128078818,
        0.5862068965517241,
        0.5492610837438424,
        0.5911330049261084,
        0.5862068965517241,
        0.5714285714285714,
        0.5960591133004927,
        0.5689655172413793
    ],