{
    "model": [
        "CkTIM"
    ],
    "epoch": [
        0,
        1,
        2,
        3,
        4,
        5,
        6,
        7,
        8,
        9,
        10,
        11,
        12,
        13,
        14,
        15,
        16,
        17,
        18,
        19,
        20,
        21,
        22,
        23,
        24,
        25,
        26,
        27,
        28,
        29,
        30,
        31,
        32,
        33,
        34,
        35,
        36,
        37,
        38,
        39,
        40,
        41,
        42,
        43,
        44,
        45,
        46,
        47,
        48,
        49,
        50,
        51,
        52,
        53,
        54,
        55,
        56,
        57,
        58,
        59,
        60,
        61,
        62,
        63,
        64,
        65,
        66,
        67,
        68,
        69,
        70,
        71,
        72,
        73,
        74,
        75,
        76,
        77,
        78,
        79,
        80,
        81,
        82,
        83,
        84,
        85,
        86,
        87,
        88,
        89,
        90,
        91,
        92,
        93,
        94,
        95,
        96,
        97,
        98,
        99
    ],
    "loss": [
        4299.346415201823,
        683.5775756835938,
        202.1447033352322,
        100.14815775553386,
        63.40645853678385,
        55.17441897922092,
        46.79963684082031,
        36.58112621307373,
        29.031390719943577,
        26.45988877614339,
        22.682169172498917,
        20.62698480818007,
        17.711138619316948,
        15.85471052593655,
        13.710380024380154,
        13.671961466471354,
        10.722535027398003,
        10.11971378326416,
        8.632190148035685,
        8.451598564783732,
        7.914160331090291,
        7.216296195983887,
        6.0503513018290205,
        5.382258521185981,
        5.035909149381849,
        4.667969756656223,
        4.2747806840472755,
        3.6578486363093057,
        3.270011385281881,
        3.0092205736372204,
        2.848099284701877,
        2.605724718835619,
        2.299702617857191,
        2.174633655283186,
        2.014061199294196,
        1.8772050473425124,
        1.8021010160446167,
        1.586934765179952,
        1.473316166136,
        1.4356742435031467,
        1.3852699796358745,
        1.3417434295018513,
        1.317893107732137,
        1.282817582289378,
        1.2861828340424433,
        1.2931399941444397,
        1.2378533416324191,
        1.2325819002257452,
        1.2399732735421922,
        1.1965951356622908,
        1.2214379906654358,
        1.2141053411695693,
        1.1574861407279968,
        1.1876020961337619,
        1.1726481583383348,
        1.1697650253772736,
        1.1701399683952332,
        1.21193352010515,
        1.1423045363691118,
        1.1667699681388006,
        1.1805262168248494,
        1.1446688638793097,
        1.1546424229939778,
        1.1594279276000128,
        1.1690505279435053,
        1.136251899931166,
        1.1292942298783197,
        1.1505223976241217,
        1.149017655187183,
        1.1157424317465887,
        1.1608216630087957,
        1.128527820110321,
        1.1705287496248882,
        1.1535661816596985,
        1.1557309958669875,
        1.1710734234915838,
        1.1415171755684748,
        1.112392269902759,
        1.1509260502126482,
        1.1399919854270086,
        1.1318760514259338,
        1.1435471574465434,
        1.1427247126897175,
        1.1519772244824305,
        1.1332079999976687,
        1.1586208277278476,
        1.1640142235491011,
        1.1468376451068454,
        1.143169687853919,
        1.115973995791541,
        1.149757570690579,
        1.1602608097924128,
        1.1471670866012573,
        1.1422899299197726,
        1.1251575814353094,
        1.1867531769805484,
        1.1466652022467718,
        1.152632474899292,
        1.1397350629170735,
        1.1310038500361972
    ],
    "accuracy": [
        0.20738137082601055,
        0.3427065026362039,
        0.4094903339191564,
        0.47539543057996486,
        0.4876977152899824,
        0.4929701230228471,
        0.46748681898066785,
        0.48945518453427067,
        0.48857644991212656,
        0.5008787346221442,
        0.5149384885764499,
        0.5140597539543058,
        0.5202108963093146,
        0.5254833040421792,
        0.5351493848857645,
        0.5096660808435852,
        0.5421792618629174,
        0.539543057996485,
        0.5527240773286467,
        0.5404217926186292,
        0.5421792618629174,
        0.5483304042179262,
        0.5685413005272407,
        0.5562390158172232,
        0.5615114235500879,
        0.5720562390158173,
        0.5439367311072056,
        0.5931458699472759,
        0.5905096660808435,
        0.5992970123022847,
        0.5922671353251318,
        0.5869947275922671,
        0.5992970123022847,
        0.5843585237258347,
        0.5984182776801406,
        0.6159929701230229,
        0.6124780316344464,
        0.640597539543058,
        0.6388400702987698,
        0.6344463971880492,
        0.664323374340949,
        0.6678383128295254,
        0.6546572934973638,
        0.6669595782073814,
        0.6599297012302284,
        0.6414762741652021,
        0.656414762741652,
        0.6599297012302284,
        0.664323374340949,
        0.680140597539543,
        0.671353251318102,
        0.671353251318102,
        0.6836555360281195,
        0.6775043936731108,
        0.6977152899824253,
        0.6836555360281195,
        0.6968365553602812,
        0.6783831282952548,
        0.7065026362038664,
        0.710896309314587,
        0.695079086115993,
        0.7056239015817223,
        0.6898066783831283,
        0.6942003514938488,
        0.6906854130052724,
        0.7100175746924429,
        0.7144112478031635,
        0.6985940246045694,
        0.7196836555360281,
        0.7056239015817223,
        0.7126537785588752,
        0.6985940246045694,
        0.6977152899824253,
        0.6994727592267135,
        0.6862917398945518,
        0.7021089630931459,
        0.7021089630931459,
        0.7214411247803163,
        0.68804920913884,
        0.710896309314587,
        0.7003514938488576,
        0.7091388400702988,
        0.7135325131810193,
        0.6977152899824253,
        0.7319859402460457,
        0.7021089630931459,
        0.6968365553602812,
        0.6994727592267135,
        0.7082601054481547,
        0.7302284710017575,
        0.7073813708260105,
        0.6924428822495606,
        0.7117750439367311,
        0.7065026362038664,
        0.7091388400702988,
        0.687170474516696,
        0.7021089630931459,
        0.70298769771529,
        0.7161687170474517,
        0.7170474516695958
    ],