{
    "model": [
        "ckTIM"
    ],
    "epoch": [],
    "loss": [
        3629.854248046875
    ],
    "accuracy": [
        0.24107142857142858
    ],
    "recall": [
        0.24107142857142858
    ],
    "precision": [
        0.06932632584806499
    ],
    "f1_score": [
        0.10712863401035445
    ]
}