{
    "model": [
        "ckTIM"
    ],
    "epoch": [
        0,
        1,
        2,
        3,
        4,
        5,
        6,
        7,
        8,
        9,
        10,
        11,
        12,
        13,
        14,
        15,
        16,
        17,
        18,
        19,
        20,
        21,
        22,
        23,
        24,
        25,
        26,
        27,
        28,
        29,
        30,
        31,
        32,
        33,
        34,
        35,
        36,
        37,
        38,
        39,
        40,
        41,
        42,
        43,
        44,
        45,
        46,
        47,
        48,
        49,
        50,
        51,
        52,
        53,
        54,
        55,
        56,
        57,
        58,
        59,
        60,
        61,
        62,
        63,
        64,
        65,
        66,
        67,
        68,
        69,
        70,
        71,
        72,
        73,
        74,
        75,
        76,
        77,
        78,
        79,
        80,
        81,
        82,
        83,
        84,
        85,
        86,
        87,
        88,
        89,
        90,
        91,
        92,
        93,
        94,
        95,
        96,
        97,
        98,
        99
    ],
    "loss": [
        7644.170340401785,
        3587.046561104911,
        2510.7553362165177,
        2252.1786760602677,
        1631.498291015625,
        2131.619559151786,
        1530.5345197405134,
        1004.5234898158482,
        1477.4762660435267,
        1220.1842215401787,
        923.6211722237723,
        953.8507952008929,
        822.5530395507812,
        664.6436505998884,
        828.9241158621652,
        892.4910888671875,
        672.6282392229352,
        682.5130092075893,
        779.6505998883929,
        635.1204964773996,
        565.5013296944754,
        500.70142037527904,
        707.4163818359375,
        680.93408203125,
        525.067387172154,
        614.6960056849888,
        669.8193795340402,
        613.4900905064175,
        527.8642883300781,
        621.1263558523996,
        541.7902919224331,
        563.074951171875,
        569.8801596505301,
        610.4964948381696,
        524.211181640625,
        543.6022469656808,
        478.563467843192,
        552.4616960797991,
        487.4163556780134,
        478.89722987583707,
        456.8156040736607,
        589.0412074497768,
        535.9390040806362,
        538.8192574637277,
        493.5152326311384,
        407.06185041155135,
        592.5195835658482,
        466.34763881138394,
        474.59820556640625,
        477.0021187918527,
        523.7816598074777,
        545.7796936035156,
        462.14526803152904,
        412.31719970703125,
        512.5856148856027,
        538.44431413923,
        528.1149553571429,
        470.14571707589283,
        472.25833565848217,
        617.9230477469308,
        381.9529484340123,
        521.6339416503906,
        493.96955435616627,
        493.9684317452567,
        504.68773978097096,
        552.4374694824219,
        454.42696271623885,
        479.172127859933,
        473.20373099190846,
        454.4558367047991,
        635.1351754324777,
        449.3990042550223,
        447.1728995186942,
        411.09346662248885,
        463.34498378208707,
        377.2080317905971,
        397.2859540666853,
        471.0744410923549,
        529.7388000488281,
        489.38475036621094,
        492.1518293108259,
        475.99119349888394,
        424.06576102120533,
        485.95019967215404,
        521.9560677664621,
        442.6221836635045,
        473.64900861467635,
        497.82528250558033,
        578.4961547851562,
        477.0535234723772,
        496.9498857770647,
        491.0527648925781,
        443.38500540597096,
        447.3263157435826,
        396.01463535853793,
        397.7930472237723,
        485.9717712402344,
        506.58910696847096,
        414.83309064592635,
        383.310302734375
    ],
    "accuracy": [
        0.15763546798029557,
        0.18226600985221675,
        0.18226600985221675,
        0.21674876847290642,
        0.2413793103448276,
        0.26354679802955666,
        0.28078817733990147,
        0.2955665024630542,
        0.2413793103448276,
        0.2733990147783251,
        0.33497536945812806,
        0.31773399014778325,
        0.35714285714285715,
        0.4088669950738916,
        0.4039408866995074,
        0.3226600985221675,
        0.4064039408866995,
        0.3891625615763547,
        0.3226600985221675,
        0.4236453201970443,
        0.4236453201970443,
        0.4729064039408867,
        0.43349753694581283,
        0.37438423645320196,
        0.4236453201970443,
        0.3891625615763547,
        0.4064039408866995,
        0.31527093596059114,
        0.4187192118226601,
        0.3669950738916256,
        0.4458128078817734,
        0.41379310344827586,
        0.39901477832512317,
        0.3817733990147783,
        0.4236453201970443,
        0.4236453201970443,
        0.4064039408866995,
        0.3768472906403941,
        0.4827586206896552,
        0.43842364532019706,
        0.4236453201970443,
        0.4187192118226601,
        0.4088669950738916,
        0.41133004926108374,
        0.4458128078817734,
        0.4605911330049261,
        0.4458128078817734,
        0.45073891625615764,
        0.43842364532019706,
        0.43349753694581283,
        0.39901477832512317,
        0.45320197044334976,
        0.4852216748768473,
        0.4605911330049261,
        0.43596059113300495,
        0.42610837438423643,
        0.42610837438423643,
        0.45320197044334976,
        0.43349753694581283,
        0.3768472906403941,
        0.5,
        0.4088669950738916,
        0.41625615763546797,
        0.43349753694581283,
        0.4433497536945813,
        0.39408866995073893,
        0.4458128078817734,
        0.4876847290640394,
        0.43349753694581283,
        0.4753694581280788,
        0.3866995073891626,
        0.45073891625615764,
        0.4802955665024631,
        0.45566502463054187,
        0.46551724137931033,
        0.5,
        0.47044334975369456,
        0.4605911330049261,
        0.39655172413793105,
        0.4482758620689655,
        0.4014778325123153,
        0.4630541871921182,
        0.46551724137931033,
        0.4408866995073892,
        0.4458128078817734,
        0.46551724137931033,
        0.4211822660098522,
        0.39655172413793105,
        0.43596059113300495,
        0.43596059113300495,
        0.4458128078817734,
        0.4482758620689655,
        0.42857142857142855,
        0.42857142857142855,
        0.47044334975369456,
        0.4827586206896552,
        0.3916256157635468,
        0.4187192118226601,
        0.4408866995073892,
        0.5123152709359606
    ],