{
    "model": [
        "ckTIM"
    ],
    "epoch": [
        0,
        1,
        2,
        3,
        4,
        5,
        6,
        7,
        8,
        9,
        10,
        11,
        12,
        13,
        14,
        15,
        16,
        17,
        18,
        19,
        20,
        21,
        22,
        23,
        24,
        25,
        26,
        27,
        28,
        29,
        30,
        31,
        32,
        33,
        34,
        35,
        36,
        37,
        38,
        39,
        40,
        41,
        42,
        43,
        44,
        45,
        46,
        47,
        48,
        49,
        50,
        51,
        52,
        53,
        54,
        55,
        56,
        57,
        58,
        59,
        60,
        61,
        62,
        63,
        64,
        65,
        66,
        67,
        68,
        69,
        70,
        71,
        72,
        73,
        74,
        75,
        76,
        77,
        78,
        79,
        80,
        81,
        82,
        83,
        84,
        85,
        86,
        87,
        88,
        89,
        90,
        91,
        92,
        93,
        94,
        95,
        96,
        97,
        98,
        99
    ],
    "loss": [
        4071.523611886161,
        2550.918439592634,
        1521.9863978794642,
        1593.6861136300224,
        1508.6505475725446,
        1196.1671578543526,
        1351.3295636858259,
        1482.949454171317,
        1413.019051688058,
        1147.5023542131696,
        1699.2346017020088,
        968.9918736049107,
        1466.1978410993304,
        980.4322509765625,
        715.9438127790179,
        607.1199253627232,
        692.0828639439175,
        657.1912449428013,
        545.0652814592634,
        707.5265284946987,
        741.2937970842634,
        505.3248378208705,
        615.6392124720982,
        520.7808881487165,
        651.5387180873325,
        573.5931483677456,
        485.33582850864957,
        477.58589826311385,
        412.4879455566406,
        468.78943307059154,
        376.8337097167969,
        460.07032557896207,
        342.3454110281808,
        407.477530343192,
        336.4903477260045,
        360.9084254673549,
        366.8880135672433,
        357.09092930385043,
        359.4020036969866,
        305.90006147112166,
        317.1973397391183,
        390.25059727260043,
        351.4149823869978,
        327.81412179129467,
        446.6540265764509,
        440.3395429338728,
        362.54671805245533,
        336.9562552315848,
        264.3898598807199,
        299.8392421177455,
        315.5015193394252,
        251.3973170689174,
        373.7528969900949,
        306.2739824567522,
        353.57984488351,
        305.5186767578125,
        333.35101100376676,
        306.15267290387834,
        402.02088928222656,
        234.55170549665178,
        374.341561453683,
        304.96604701450894,
        299.53330775669644,
        321.58461216517856,
        313.62759835379467,
        339.57874189104353,
        301.1629900251116,
        263.6766836983817,
        381.9838104248047,
        337.64271545410156,
        297.31746782575334,
        279.5584629603795,
        279.6234370640346,
        311.6718314034598,
        279.60135541643416,
        277.0172860281808,
        294.6167558942522,
        293.6707545689174,
        324.73250906808033,
        432.38480486188615,
        282.778810773577,
        311.01890781947543,
        269.8615384783064,
        276.3711199079241,
        308.1263907296317,
        340.7086661202567,
        413.61873953683033,
        311.4673156738281,
        338.76986040387834,
        327.85591997419084,
        331.43249947684154,
        262.69232177734375,
        325.39743259974887,
        351.71163068498885,
        255.22595432826452,
        299.1106480189732,
        306.63250732421875,
        296.3948495047433,
        341.9006870814732,
        292.8099103655134
    ],
    "accuracy": [
        0.15270935960591134,
        0.19458128078817735,
        0.2413793103448276,
        0.229064039408867,
        0.23891625615763548,
        0.29064039408866993,
        0.2857142857142857,
        0.2881773399014778,
        0.30049261083743845,
        0.33497536945812806,
        0.30049261083743845,
        0.33004926108374383,
        0.27832512315270935,
        0.3866995073891626,
        0.43103448275862066,
        0.4482758620689655,
        0.43103448275862066,
        0.4014778325123153,
        0.43103448275862066,
        0.42857142857142855,
        0.4236453201970443,
        0.4605911330049261,
        0.4458128078817734,
        0.5024630541871922,
        0.41379310344827586,
        0.4236453201970443,
        0.45320197044334976,
        0.4876847290640394,
        0.5344827586206896,
        0.45073891625615764,
        0.5295566502463054,
        0.4729064039408867,
        0.541871921182266,
        0.4753694581280788,
        0.5566502463054187,
        0.5172413793103449,
        0.49014778325123154,
        0.5024630541871922,
        0.4802955665024631,
        0.5344827586206896,
        0.5073891625615764,
        0.49014778325123154,
        0.5344827586206896,
        0.5197044334975369,
        0.5024630541871922,
        0.4605911330049261,
        0.5197044334975369,
        0.49507389162561577,
        0.5738916256157636,
        0.5270935960591133,
        0.5492610837438424,
        0.583743842364532,
        0.5024630541871922,
        0.5369458128078818,
        0.4802955665024631,
        0.5369458128078818,
        0.5098522167487685,
        0.5591133004926109,
        0.49507389162561577,
        0.583743842364532,
        0.45073891625615764,
        0.5492610837438424,
        0.5615763546798029,
        0.5098522167487685,
        0.5369458128078818,
        0.5295566502463054,
        0.5270935960591133,
        0.5689655172413793,
        0.4975369458128079,
        0.5123152709359606,
        0.5295566502463054,
        0.5541871921182266,
        0.5394088669950738,
        0.4975369458128079,
        0.5492610837438424,
        0.5517241379310345,
        0.5763546798029556,
        0.5123152709359606,
        0.5369458128078818,
        0.49507389162561577,
        0.5467980295566502,
        0.5665024630541872,
        0.541871921182266,
        0.5689655172413793,
        0.5467980295566502,
        0.5197044334975369,
        0.4482758620689655,
        0.5295566502463054,
        0.49261083743842365,
        0.5320197044334976,
        0.5320197044334976,
        0.541871921182266,
        0.49014778325123154,
        0.5221674876847291,
        0.5591133004926109,
        0.5788177339901478,
        0.5566502463054187,
        0.5270935960591133,
        0.5467980295566502,
        0.5049261083743842
    ],