{
    "model": [
        "CkTIM"
    ],
    "epoch": [
        0,
        1,
        2,
        3,
        4,
        5,
        6,
        7,
        8,
        9,
        10,
        11,
        12,
        13,
        14,
        15,
        16,
        17,
        18,
        19,
        20,
        21,
        22,
        23,
        24,
        25,
        26,
        27,
        28,
        29,
        30,
        31,
        32,
        33,
        34,
        35,
        36,
        37,
        38,
        39,
        40,
        41,
        42,
        43,
        44,
        45,
        46,
        47,
        48,
        49,
        50,
        51,
        52,
        53,
        54,
        55,
        56,
        57,
        58,
        59,
        60,
        61,
        62,
        63,
        64,
        65,
        66,
        67,
        68,
        69,
        70,
        71,
        72,
        73,
        74,
        75,
        76,
        77,
        78,
        79,
        80,
        81,
        82,
        83,
        84,
        85,
        86,
        87,
        88,
        89,
        90,
        91,
        92,
        93,
        94,
        95,
        96,
        97,
        98,
        99
    ],
    "loss": [
        4249.534233940973,
        1527.8516913519966,
        998.7085605197483,
        731.7376302083334,
        649.2446560329861,
        573.8948465983073,
        502.697752210829,
        514.6808183458116,
        458.62057325575086,
        432.3656294080946,
        360.74903869628906,
        318.60930803087024,
        355.63136206732855,
        371.2643737792969,
        321.76497056749133,
        259.8949686686198,
        254.36508263481988,
        226.0169389512804,
        219.14783732096353,
        224.51175774468317,
        199.2146250406901,
        202.14010620117188,
        192.12489446004233,
        181.45207129584418,
        205.8592817518446,
        179.03816986083984,
        169.41510603162976,
        166.62206522623697,
        138.29269875420465,
        139.2016660902235,
        115.87181218465169,
        129.73528035481772,
        154.35858662923178,
        160.68329662746854,
        163.29520331488715,
        125.73803159925673,
        116.51511722140842,
        93.43050448099773,
        84.45745213826497,
        91.65034654405382,
        101.81369018554688,
        106.55274242824979,
        102.14134216308594,
        82.20942158169217,
        89.11788092719183,
        64.36636670430501,
        67.03697077433269,
        59.90729988945855,
        59.3805423312717,
        59.30378871493869,
        57.635561837090385,
        57.649633195665146,
        54.60735193888346,
        56.43744256761339,
        55.32783889770508,
        54.2111996544732,
        55.52694469028049,
        56.335608376397026,
        55.71358002556695,
        49.135884602864586,
        51.908661948310005,
        50.67928038703071,
        51.89304902818468,
        52.35214402940538,
        47.63169436984592,
        46.88796170552572,
        52.8853579627143,
        53.01276312934028,
        49.21535725063748,
        46.481710857815216,
        46.14595603942871,
        45.59855630662706,
        45.53591834174262,
        47.864350424872505,
        48.63965309990777,
        44.50733502705892,
        43.88054339090983,
        46.83682208591037,
        47.60035196940104,
        44.0645497639974,
        43.956691635979546,
        43.072291692097984,
        45.560280058119034,
        42.22077020009359,
        47.23667367299398,
        48.651954650878906,
        46.088971032036675,
        42.19235271877713,
        43.84244940016005,
        45.598328802320694,
        41.93915706210666,
        40.15472486284044,
        41.00407939487033,
        43.20129521687826,
        41.251131269666885,
        36.953574922349716,
        40.86164580451118,
        40.07238536410861,
        41.901983896891274,
        39.932022200690376
    ],
    "accuracy": [
        0.19332161687170474,
        0.281195079086116,
        0.3664323374340949,
        0.39630931458699475,
        0.39630931458699475,
        0.4226713532513181,
        0.45782073813708263,
        0.46221441124780316,
        0.46748681898066785,
        0.4710017574692443,
        0.5070298769771528,
        0.5527240773286467,
        0.5360281195079086,
        0.5096660808435852,
        0.531634446397188,
        0.6028119507908611,
        0.5650263620386643,
        0.5887521968365553,
        0.5817223198594025,
        0.5826010544815465,
        0.6159929701230229,
        0.5975395430579965,
        0.6256590509666081,
        0.6318101933216169,
        0.5738137082601055,
        0.6010544815465729,
        0.6335676625659051,
        0.6362038664323374,
        0.6520210896309314,
        0.6669595782073814,
        0.6810193321616872,
        0.6652021089630932,
        0.6107205623901582,
        0.5878734622144113,
        0.5984182776801406,
        0.6625659050966608,
        0.6546572934973638,
        0.7240773286467487,
        0.7144112478031635,
        0.6942003514938488,
        0.6546572934973638,
        0.671353251318102,
        0.648506151142355,
        0.7012302284710018,
        0.6827768014059754,
        0.7548330404217927,
        0.7381370826010545,
        0.7609841827768014,
        0.7715289982425307,
        0.7724077328646749,
        0.7864674868189807,
        0.7864674868189807,
        0.7882249560632689,
        0.7715289982425307,
        0.7741652021089631,
        0.7776801405975395,
        0.781195079086116,
        0.7460456942003515,
        0.7627416520210897,
        0.7855887521968365,
        0.7644991212653779,
        0.7873462214411248,
        0.7908611599297012,
        0.7618629173989455,
        0.7908611599297012,
        0.7847100175746925,
        0.7319859402460457,
        0.7548330404217927,
        0.7478031634446397,
        0.7776801405975395,
        0.7864674868189807,
        0.7759226713532513,
        0.7601054481546573,
        0.7486818980667839,
        0.7442882249560633,
        0.7697715289982425,
        0.7697715289982425,
        0.7486818980667839,
        0.7504393673110721,
        0.7741652021089631,
        0.7785588752196837,
        0.7636203866432337,
        0.7583479789103691,
        0.7724077328646749,
        0.7434094903339191,
        0.7196836555360281,
        0.7486818980667839,
        0.7530755711775043,
        0.7565905096660809,
        0.7240773286467487,
        0.7768014059753954,
        0.773286467486819,
        0.7644991212653779,
        0.7653778558875219,
        0.7557117750439367,
        0.7785588752196837,
        0.7513181019332161,
        0.7495606326889279,
        0.7478031634446397,
        0.7521968365553603
    ],