{
    "model": [
        "CkTIM"
    ],
    "epoch": [],
    "loss": [
        6.995550384196187
    ],
    "accuracy": [
        0.8392857142857143
    ],
    "recall": [
        0.8392857142857143
    ],
    "precision": [
        0.8492326890270279
    ],
    "f1_score": [
        0.8388407296042762
    ],
    "inference_time_one_sample": [
        0.382
    ],
    "inference_time_tot": [
        42.807
    ],
    "trainable_parameters": [
        262578
    ]
}