{
    "model": [
        "CkTIM"
    ],
    "epoch": [
        0,
        1,
        2,
        3,
        4,
        5,
        6,
        7,
        8,
        9,
        10,
        11,
        12,
        13,
        14,
        15,
        16,
        17,
        18,
        19,
        20,
        21,
        22,
        23,
        24,
        25,
        26,
        27,
        28,
        29,
        30,
        31,
        32,
        33,
        34,
        35,
        36,
        37,
        38,
        39,
        40,
        41,
        42,
        43,
        44,
        45,
        46,
        47,
        48,
        49,
        50,
        51,
        52,
        53,
        54,
        55,
        56,
        57,
        58,
        59,
        60,
        61,
        62,
        63,
        64,
        65,
        66,
        67,
        68,
        69,
        70,
        71,
        72,
        73,
        74,
        75,
        76,
        77,
        78,
        79,
        80,
        81,
        82,
        83,
        84,
        85,
        86,
        87,
        88,
        89,
        90,
        91,
        92,
        93,
        94,
        95,
        96,
        97,
        98,
        99
    ],
    "loss": [
        4190.4248453776045,
        1505.662577311198,
        1066.3274739583333,
        874.8219943576389,
        777.9105665418837,
        668.998524983724,
        617.6308119032118,
        591.4320000542534,
        535.5618777804905,
        533.6367967393663,
        518.059566921658,
        405.7755296495226,
        372.20009358723956,
        332.4131893581814,
        318.8527357313368,
        322.3379618326823,
        284.9469994439019,
        286.4292577107747,
        260.9759114583333,
        264.2319632636176,
        253.03136020236545,
        241.0257314046224,
        219.33834838867188,
        226.9628965589735,
        226.34978569878473,
        224.25652737087674,
        200.82358127170139,
        201.42851765950522,
        230.5234137641059,
        159.8106918334961,
        142.64963573879666,
        134.3127924601237,
        141.28743320041232,
        147.1134991115994,
        133.9070701599121,
        128.76541052924262,
        127.22750557793512,
        122.81076431274414,
        123.35609647962782,
        130.9632657368978,
        129.05136066012912,
        123.8150151570638,
        121.47144656711154,
        124.24142244127061,
        121.78372701009114,
        116.6489372253418,
        125.70059416029189,
        112.01790534125433,
        115.96735254923503,
        126.81219270494249,
        112.46748903062608,
        106.81342273288303,
        112.4641842312283,
        113.39881939358182,
        105.19785605536566,
        107.13003624810113,
        111.22451739841037,
        97.40358395046658,
        99.2049077351888,
        109.77727932400174,
        108.42400656806097,
        103.01751157972548,
        100.50970077514648,
        98.73573811848958,
        100.73626497056749,
        89.34946144951715,
        95.54788038465712,
        90.8774971432156,
        88.824217054579,
        95.47208828396268,
        87.81818347507053,
        93.55146492852106,
        84.35633977254231,
        87.35525682237413,
        91.81973181830512,
        88.05056211683485,
        88.54140430026584,
        85.00726487901476,
        91.33391655815973,
        90.40050676133897,
        89.6112297905816,
        86.3000865512424,
        83.27493455674913,
        92.43331612481012,
        85.12100304497613,
        90.5796767340766,
        81.35696453518338,
        83.9330817328559,
        87.21122784084744,
        88.44934187995062,
        84.85720274183485,
        86.59571033053928,
        89.36192406548395,
        81.45000457763672,
        92.56238259209528,
        83.39988115098741,
        83.74462509155273,
        84.63016255696614,
        83.59803729587131,
        82.78401565551758
    ],
    "accuracy": [
        0.19507908611599298,
        0.23813708260105448,
        0.31195079086115995,
        0.3172231985940246,
        0.3453427065026362,
        0.38488576449912126,
        0.37258347978910367,
        0.38576449912126537,
        0.3954305799648506,
        0.40509666080843587,
        0.4147627416520211,
        0.45166959578207383,
        0.4288224956063269,
        0.4771528998242531,
        0.4789103690685413,
        0.47363796133567665,
        0.5017574692442882,
        0.4780316344463972,
        0.5131810193321616,
        0.4868189806678383,
        0.4982425307557118,
        0.5105448154657294,
        0.5228471001757469,
        0.5193321616871704,
        0.5281195079086116,
        0.5272407732864675,
        0.5070298769771528,
        0.5184534270650264,
        0.492091388400703,
        0.5579964850615114,
        0.5992970123022847,
        0.5782073813708261,
        0.5869947275922671,
        0.5641476274165202,
        0.5729349736379613,
        0.6089630931458699,
        0.6045694200351494,
        0.6080843585237259,
        0.5949033391915641,
        0.5790861159929701,
        0.5773286467486819,
        0.5729349736379613,
        0.5843585237258347,
        0.5905096660808435,
        0.5834797891036907,
        0.6107205623901582,
        0.5852372583479789,
        0.5905096660808435,
        0.5975395430579965,
        0.5711775043936731,
        0.6045694200351494,
        0.5922671353251318,
        0.5931458699472759,
        0.5896309314586995,
        0.6142355008787346,
        0.5992970123022847,
        0.5905096660808435,
        0.6151142355008787,
        0.6028119507908611,
        0.5808435852372583,
        0.6001757469244289,
        0.5808435852372583,
        0.5940246045694201,
        0.6054481546572935,
        0.5913884007029877,
        0.6203866432337434,
        0.6186291739894552,
        0.6133567662565905,
        0.6239015817223199,
        0.6142355008787346,
        0.6274165202108963,
        0.6344463971880492,
        0.6449912126537786,
        0.6239015817223199,
        0.5843585237258347,
        0.6203866432337434,
        0.6282952548330404,
        0.632688927943761,
        0.6159929701230229,
        0.6186291739894552,
        0.6089630931458699,
        0.624780316344464,
        0.6423550087873462,
        0.6133567662565905,
        0.6001757469244289,
        0.6177504393673111,
        0.6441124780316344,
        0.6256590509666081,
        0.6107205623901582,
        0.6133567662565905,
        0.6133567662565905,
        0.6282952548330404,
        0.6054481546572935,
        0.6441124780316344,
        0.5984182776801406,
        0.6063268892794376,
        0.6089630931458699,
        0.6159929701230229,
        0.6159929701230229,
        0.5957820738137083
    ],