{
    "model": [
        "CkTIM"
    ],
    "epoch": [
        0,
        1,
        2,
        3,
        4,
        5,
        6,
        7,
        8,
        9,
        10,
        11,
        12,
        13,
        14,
        15,
        16,
        17,
        18,
        19,
        20,
        21,
        22,
        23,
        24,
        25,
        26,
        27,
        28,
        29,
        30,
        31,
        32,
        33,
        34,
        35,
        36,
        37,
        38,
        39,
        40,
        41,
        42,
        43,
        44,
        45,
        46,
        47,
        48,
        49,
        50,
        51,
        52,
        53,
        54,
        55,
        56,
        57,
        58,
        59,
        60,
        61,
        62,
        63,
        64,
        65,
        66,
        67,
        68,
        69,
        70,
        71,
        72,
        73,
        74,
        75,
        76,
        77,
        78,
        79,
        80,
        81,
        82,
        83,
        84,
        85,
        86,
        87,
        88,
        89,
        90,
        91,
        92,
        93,
        94,
        95,
        96,
        97,
        98,
        99
    ],
    "loss": [
        12817.023507254464,
        2334.9596252441406,
        2121.0455496651784,
        867.4758998325893,
        269.5049078805106,
        137.62781851632255,
        78.18207005092076,
        56.501143319266184,
        29.829266139439174,
        29.26509884425572,
        30.574842316763743,
        21.35511956896101,
        15.62710612160819,
        12.852542059762138,
        10.407556670052665,
        8.313399927956718,
        8.219647543770927,
        7.688602106911795,
        7.837602615356445,
        5.401928356715611,
        6.580266543797085,
        5.762952463967459,
        4.62824957711356,
        4.299257414681571,
        5.454257794788906,
        5.880639689309256,
        4.783747775214059,
        3.744682720729283,
        3.8099633625575473,
        3.589665617261614,
        3.1973746504102434,
        3.155432258333479,
        2.989309004374913,
        2.7876620633261546,
        2.8924709728785922,
        2.7269251005990163,
        2.7912934507642473,
        2.5307766028812955,
        2.847971098763602,
        2.6173648153032576,
        2.6125340461730957,
        2.5355358804975237,
        2.2983787740979875,
        2.5737605776105608,
        2.339406899043492,
        2.3449412073407854,
        2.458704505647932,
        2.2216114657265797,
        2.2771685804639543,
        2.491114548274449,
        2.3048481600625172,
        2.6292741979871477,
        2.1876980577196394,
        2.3621809482574463,
        2.447479350226266,
        2.3436664172581265,
        2.470505475997925,
        2.1965013572147916,
        2.156828148024423,
        2.295856612069266,
        2.3590901579175676,
        2.1244454213551114,
        2.2970620904650008,
        2.3213799680982317,
        2.259760856628418,
        2.2942601272038052,
        2.4743926525115967,
        2.2170496668134416,
        2.1274756363459995,
        2.323664699281965,
        2.189330918448312,
        2.344343440873282,
        2.4353673117501393,
        2.303048951285226,
        2.237246138708932,
        2.2308110339300975,
        2.294652121407645,
        2.4512994970594133,
        2.2121041672570363,
        2.413889169692993,
        2.4027540513447354,
        2.265339834349496,
        2.2487312044416154,
        2.4919565745762418,
        2.3101521900721957,
        2.434816598892212,
        2.2466810090201244,
        2.3868264981678555,
        2.316626650946481,
        2.2934542383466447,
        2.2312534706933156,
        2.3067785671779086,
        2.313971791948591,
        2.531923225947789,
        2.2756270340510776,
        2.2300684792654857,
        2.4430305617196217,
        2.3684594290597096,
        2.3436745405197144,
        2.218210680144174
    ],
    "accuracy": [
        0.15517241379310345,
        0.1206896551724138,
        0.12807881773399016,
        0.21674876847290642,
        0.16502463054187191,
        0.15763546798029557,
        0.14039408866995073,
        0.17980295566502463,
        0.2019704433497537,
        0.2413793103448276,
        0.270935960591133,
        0.270935960591133,
        0.30295566502463056,
        0.30295566502463056,
        0.3054187192118227,
        0.29310344827586204,
        0.29310344827586204,
        0.33251231527093594,
        0.30295566502463056,
        0.3448275862068966,
        0.2881773399014778,
        0.33004926108374383,
        0.3399014778325123,
        0.3251231527093596,
        0.3620689655172414,
        0.3226600985221675,
        0.37192118226600984,
        0.39901477832512317,
        0.3842364532019704,
        0.4605911330049261,
        0.4088669950738916,
        0.4211822660098522,
        0.4064039408866995,
        0.45566502463054187,
        0.43349753694581283,
        0.4408866995073892,
        0.4064039408866995,
        0.43842364532019706,
        0.3842364532019704,
        0.4433497536945813,
        0.4236453201970443,
        0.45073891625615764,
        0.43349753694581283,
        0.4408866995073892,
        0.43842364532019706,
        0.43842364532019706,
        0.4236453201970443,
        0.47783251231527096,
        0.4187192118226601,
        0.41379310344827586,
        0.4482758620689655,
        0.4236453201970443,
        0.45566502463054187,
        0.4433497536945813,
        0.45073891625615764,
        0.45320197044334976,
        0.42610837438423643,
        0.4605911330049261,
        0.4753694581280788,
        0.4482758620689655,
        0.4482758620689655,
        0.49261083743842365,
        0.4827586206896552,
        0.45566502463054187,
        0.43596059113300495,
        0.43103448275862066,
        0.43596059113300495,
        0.47783251231527096,
        0.4433497536945813,
        0.43842364532019706,
        0.47783251231527096,
        0.4975369458128079,
        0.4433497536945813,
        0.45320197044334976,
        0.4605911330049261,
        0.43103448275862066,
        0.458128078817734,
        0.4187192118226601,
        0.43596059113300495,
        0.4729064039408867,
        0.42857142857142855,
        0.4729064039408867,
        0.4630541871921182,
        0.45320197044334976,
        0.43842364532019706,
        0.4729064039408867,
        0.45073891625615764,
        0.4458128078817734,
        0.4088669950738916,
        0.45073891625615764,
        0.4433497536945813,
        0.47044334975369456,
        0.46551724137931033,
        0.39655172413793105,
        0.49507389162561577,
        0.4458128078817734,
        0.45320197044334976,
        0.43842364532019706,
        0.45073891625615764,
        0.4605911330049261
    ],