{
    "model": [
        "CkTIM"
    ],
    "epoch": [],
    "loss": [
        15.193787650863724
    ],
    "accuracy": [
        0.9067164179104478
    ],
    "recall": [
        0.9075519537650475
    ],
    "precision": [
        0.9098947149457379
    ],
    "f1_score": [
        0.9067763178189479
    ],
    "inference_time_one_sample": [
        0.341
    ],
    "inference_time_tot": [
        91.289
    ]
}