{
    "model": [
        "CkTIM"
    ],
    "epoch": [
        0,
        1,
        2,
        3,
        4,
        5,
        6,
        7,
        8,
        9,
        10,
        11,
        12,
        13,
        14,
        15,
        16,
        17,
        18,
        19,
        20,
        21,
        22,
        23,
        24,
        25,
        26,
        27,
        28,
        29,
        30,
        31,
        32,
        33,
        34,
        35,
        36,
        37,
        38,
        39,
        40,
        41,
        42,
        43,
        44,
        45,
        46,
        47,
        48,
        49,
        50,
        51,
        52,
        53,
        54,
        55,
        56,
        57,
        58,
        59,
        60,
        61,
        62,
        63,
        64,
        65,
        66,
        67,
        68,
        69,
        70,
        71,
        72,
        73,
        74,
        75,
        76,
        77,
        78,
        79,
        80,
        81,
        82,
        83,
        84,
        85,
        86,
        87,
        88,
        89,
        90,
        91,
        92,
        93,
        94,
        95,
        96,
        97,
        98,
        99
    ],
    "loss": [
        6331.089518229167,
        1386.0797119140625,
        986.013685438368,
        842.3118014865452,
        762.89037238227,
        548.1172468397352,
        573.5297919379341,
        546.346433851454,
        498.83617824978296,
        489.44358825683594,
        453.48885769314234,
        412.72095998128253,
        405.89199913872613,
        481.007331000434,
        495.9875742594401,
        412.9232296413845,
        357.0359598795573,
        287.7855411105686,
        232.32038116455078,
        220.93188307020398,
        215.05399237738715,
        225.63305833604602,
        211.3912556966146,
        207.2847654554579,
        209.84731716579861,
        207.2932069566515,
        203.60357496473523,
        196.42105441623264,
        199.21281094021268,
        198.79901292588977,
        191.19897291395398,
        179.5784395005968,
        168.39620123969183,
        182.37545013427734,
        179.41774792141385,
        170.62723202175565,
        161.7612533569336,
        171.8206303914388,
        170.13944922553168,
        175.89742872450086,
        176.27840932210287,
        179.61766052246094,
        177.6709187825521,
        167.04789140489368,
        171.40682813856336,
        176.04595353868274,
        169.2822511461046,
        163.7316657172309,
        165.4587050543891,
        169.85227881537543,
        161.5342780219184,
        166.44358486599393,
        156.41270022922092,
        175.49046283298068,
        165.0175264146593,
        162.69940058390299,
        156.1279034084744,
        158.55978520711264,
        157.33646562364368,
        159.18211703830295,
        160.17009989420572,
        153.91359753078885,
        151.83103561401367,
        171.92110358344183,
        171.11905839708118,
        146.48277791341147,
        149.84308369954428,
        145.01614083184137,
        146.54733022054037,
        152.1398082309299,
        150.39694552951389,
        150.03820588853625,
        149.12003750271268,
        145.02344597710504,
        147.54752180311414,
        139.74524052937826,
        137.83581415812174,
        145.1642540825738,
        153.70006306966147,
        145.09537167019315,
        138.0385373433431,
        147.0873998006185,
        145.26326497395834,
        149.11144595675998,
        159.57084231906467,
        143.8293719821506,
        139.23702239990234,
        150.65847057766385,
        136.50183275010852,
        147.28025648328992,
        141.60298199123807,
        150.60476472642688,
        153.5724580552843,
        152.46618694729275,
        139.7817014058431,
        140.23778364393445,
        146.07051679823132,
        149.44881057739258,
        137.7514559427897,
        142.57279841105142
    ],
    "accuracy": [
        0.1687170474516696,
        0.3101933216168717,
        0.3664323374340949,
        0.39806678383128297,
        0.4033391915641476,
        0.47451669595782076,
        0.46045694200351495,
        0.4938488576449912,
        0.4727592267135325,
        0.4929701230228471,
        0.5096660808435852,
        0.5333919156414763,
        0.539543057996485,
        0.4876977152899824,
        0.48154657293497366,
        0.5193321616871704,
        0.5579964850615114,
        0.6133567662565905,
        0.6537785588752196,
        0.6493848857644992,
        0.6687170474516696,
        0.6493848857644992,
        0.6669595782073814,
        0.6652021089630932,
        0.6423550087873462,
        0.6511423550087874,
        0.6608084358523726,
        0.656414762741652,
        0.6616871704745168,
        0.6502636203866432,
        0.6528998242530756,
        0.6827768014059754,
        0.6748681898066784,
        0.68804920913884,
        0.6678383128295254,
        0.680140597539543,
        0.7021089630931459,
        0.6669595782073814,
        0.679261862917399,
        0.679261862917399,
        0.6775043936731108,
        0.664323374340949,
        0.6546572934973638,
        0.680140597539543,
        0.6687170474516696,
        0.6924428822495606,
        0.6739894551845342,
        0.6546572934973638,
        0.6898066783831283,
        0.6608084358523726,
        0.6942003514938488,
        0.6810193321616872,
        0.7047451669595782,
        0.6616871704745168,
        0.70298769771529,
        0.6739894551845342,
        0.6898066783831283,
        0.6845342706502636,
        0.6827768014059754,
        0.6968365553602812,
        0.6687170474516696,
        0.687170474516696,
        0.7003514938488576,
        0.6528998242530756,
        0.6695957820738138,
        0.7126537785588752,
        0.6959578207381371,
        0.7065026362038664,
        0.7135325131810193,
        0.687170474516696,
        0.6994727592267135,
        0.6942003514938488,
        0.6942003514938488,
        0.7021089630931459,
        0.7021089630931459,
        0.6994727592267135,
        0.7179261862917399,
        0.7038664323374341,
        0.6862917398945518,
        0.7328646748681898,
        0.7231985940246046,
        0.6977152899824253,
        0.6985940246045694,
        0.6924428822495606,
        0.6862917398945518,
        0.7056239015817223,
        0.7091388400702988,
        0.7065026362038664,
        0.6994727592267135,
        0.6898066783831283,
        0.6977152899824253,
        0.6810193321616872,
        0.6906854130052724,
        0.6836555360281195,
        0.710896309314587,
        0.7056239015817223,
        0.6775043936731108,
        0.7065026362038664,
        0.7214411247803163,
        0.7100175746924429
    ],