{
    "model": [
        "ckTIMkAN"
    ],
    "epoch": [
        0,
        1,
        2,
        3,
        4,
        5,
        6,
        7,
        8,
        9,
        10,
        11,
        12,
        13,
        14,
        15,
        16,
        17,
        18,
        19,
        20,
        21,
        22,
        23,
        24,
        25,
        26,
        27,
        28,
        29,
        30,
        31,
        32,
        33,
        34,
        35,
        36,
        37,
        38,
        39,
        40,
        41,
        42,
        43,
        44,
        45,
        46,
        47,
        48,
        49,
        50,
        51,
        52,
        53,
        54,
        55,
        56,
        57,
        58,
        59,
        60,
        61,
        62,
        63,
        64,
        65,
        66,
        67,
        68,
        69,
        70,
        71,
        72,
        73,
        74,
        75,
        76,
        77,
        78,
        79,
        80,
        81,
        82,
        83,
        84,
        85,
        86,
        87,
        88,
        89,
        90,
        91,
        92,
        93,
        94,
        95,
        96,
        97,
        98,
        99
    ],
    "loss": [
        2706.302716936384,
        1058.7894723074776,
        1165.8972691127233,
        1186.4935738699776,
        954.8868495396206,
        718.1126447405134,
        656.7924673897879,
        599.4812709263393,
        428.6155700683594,
        400.1092311314174,
        436.81668744768416,
        450.24467032296315,
        453.06748744419644,
        512.5408368791852,
        511.20813424246654,
        362.5404030936105,
        309.4265812465123,
        288.1804896763393,
        267.1375623430525,
        250.74071175711495,
        299.8206983293806,
        289.1436745779855,
        288.53955732073103,
        315.61553737095426,
        235.96207318987166,
        204.52007620675224,
        261.3178383963449,
        197.87601797921317,
        234.8614022391183,
        189.90242767333984,
        288.972409929548,
        249.41575186593192,
        221.30072021484375,
        216.990238734654,
        199.13683864048548,
        199.66465541294642,
        165.90001569475447,
        197.98716953822546,
        242.4791259765625,
        164.12182835170202,
        183.16665649414062,
        223.38799394880022,
        171.52488490513392,
        241.29525538853235,
        242.5932878766741,
        199.99283817836218,
        278.07052830287387,
        199.2048612322126,
        217.93265533447266,
        219.13099343436105,
        173.0920900617327,
        187.84876360212053,
        235.42171914236886,
        186.97163609095983,
        205.27161843436105,
        224.11019025530135,
        157.39016941615515,
        215.33831569126673,
        210.17293439592635,
        235.05499267578125,
        199.46751621791296,
        213.83084106445312,
        198.1891326904297,
        214.36770629882812,
        170.9622061593192,
        245.4369158063616,
        211.5125023978097,
        226.91888427734375,
        170.79167938232422,
        172.8790283203125,
        231.36760602678572,
        271.7706625802176,
        174.94679696219308,
        178.70955984933036,
        176.27394539969308,
        230.5779288155692,
        222.5894056047712,
        178.47278050013952,
        201.62322671072823,
        199.89348602294922,
        212.32810756138392,
        203.49733189174108,
        164.0003923688616,
        167.89583151681083,
        184.67715890066964,
        216.1090545654297,
        164.28102547781808,
        193.0140838623047,
        187.52477373395647,
        195.25640215192522,
        236.05158342633928,
        214.6686771937779,
        168.18567766462053,
        198.13026864188058,
        181.30182538713728,
        191.71613311767578,
        172.01390184674943,
        213.74804033551897,
        213.06937517438615,
        193.22994123186385
    ],
    "accuracy": [
        0.13793103448275862,
        0.16748768472906403,
        0.19704433497536947,
        0.20935960591133004,
        0.270935960591133,
        0.2660098522167488,
        0.22413793103448276,
        0.2733990147783251,
        0.3078817733990148,
        0.25862068965517243,
        0.29064039408866993,
        0.29064039408866993,
        0.2832512315270936,
        0.2733990147783251,
        0.23891625615763548,
        0.33497536945812806,
        0.34236453201970446,
        0.33497536945812806,
        0.3472906403940887,
        0.35467980295566504,
        0.3448275862068966,
        0.3251231527093596,
        0.3275862068965517,
        0.31527093596059114,
        0.3891625615763547,
        0.3866995073891626,
        0.35960591133004927,
        0.35714285714285715,
        0.3645320197044335,
        0.3793103448275862,
        0.2955665024630542,
        0.3448275862068966,
        0.41133004926108374,
        0.35467980295566504,
        0.4433497536945813,
        0.3694581280788177,
        0.4014778325123153,
        0.3916256157635468,
        0.37192118226600984,
        0.4482758620689655,
        0.3916256157635468,
        0.33251231527093594,
        0.39655172413793105,
        0.35960591133004927,
        0.3620689655172414,
        0.3768472906403941,
        0.29310344827586204,
        0.4014778325123153,
        0.3866995073891626,
        0.3472906403940887,
        0.41625615763546797,
        0.4039408866995074,
        0.3522167487684729,
        0.4187192118226601,
        0.39655172413793105,
        0.3891625615763547,
        0.42610837438423643,
        0.3669950738916256,
        0.3497536945812808,
        0.3374384236453202,
        0.4236453201970443,
        0.3793103448275862,
        0.41379310344827586,
        0.3669950738916256,
        0.43103448275862066,
        0.3620689655172414,
        0.3793103448275862,
        0.35714285714285715,
        0.3916256157635468,
        0.4236453201970443,
        0.3645320197044335,
        0.3522167487684729,
        0.39655172413793105,
        0.39901477832512317,
        0.43103448275862066,
        0.3694581280788177,
        0.39408866995073893,
        0.3866995073891626,
        0.3694581280788177,
        0.4014778325123153,
        0.4064039408866995,
        0.3669950738916256,
        0.4088669950738916,
        0.43842364532019706,
        0.41379310344827586,
        0.3645320197044335,
        0.39655172413793105,
        0.3842364532019704,
        0.3768472906403941,
        0.3891625615763547,
        0.3448275862068966,
        0.4211822660098522,
        0.39901477832512317,
        0.3817733990147783,
        0.4014778325123153,
        0.4088669950738916,
        0.39408866995073893,
        0.3669950738916256,
        0.37438423645320196,
        0.3817733990147783
    ],