{
    "model": [
        "ckTIMkAN"
    ],
    "epoch": [],
    "loss": [
        2.0083746314048767
    ],
    "accuracy": [
        0.15178571428571427
    ],
    "recall": [
        0.15178571428571427
    ],
    "precision": [
        0.16344916344916346
    ],
    "f1_score": [
        0.05280222325150533
    ]
}