{
    "model": [
        "ckTIMkAN"
    ],
    "epoch": [
        0,
        1,
        2,
        3,
        4,
        5,
        6,
        7,
        8,
        9,
        10,
        11,
        12,
        13,
        14,
        15,
        16,
        17,
        18,
        19,
        20,
        21,
        22,
        23,
        24,
        25,
        26,
        27,
        28,
        29,
        30,
        31,
        32,
        33,
        34,
        35,
        36,
        37,
        38,
        39,
        40,
        41,
        42,
        43,
        44,
        45,
        46,
        47,
        48,
        49,
        50,
        51,
        52,
        53,
        54,
        55,
        56,
        57,
        58,
        59,
        60,
        61,
        62,
        63,
        64,
        65,
        66,
        67,
        68,
        69,
        70,
        71,
        72,
        73,
        74,
        75,
        76,
        77,
        78,
        79,
        80,
        81,
        82,
        83,
        84,
        85,
        86,
        87,
        88,
        89,
        90,
        91,
        92,
        93,
        94,
        95,
        96,
        97,
        98,
        99
    ],
    "loss": [
        2372.5270724826387,
        950.3083563910591,
        683.7093098958334,
        562.3129289415148,
        500.38667466905383,
        449.6512502034505,
        399.39619615342883,
        421.1193033854167,
        382.17272694905597,
        311.4447292751736,
        279.60779232449,
        272.76295471191406,
        252.77068074544272,
        289.02748616536456,
        289.7299499511719,
        204.17681248982748,
        191.0737156338162,
        198.6779725816515,
        148.43960359361438,
        128.0629179212782,
        119.01588355170355,
        116.77263768513997,
        93.63436592949762,
        118.02376259697809,
        109.69869147406683,
        94.90884335835774,
        78.72320577833388,
        76.60233349270291,
        59.050780826144745,
        39.14719687567817,
        28.39748016993205,
        11.419058587816027,
        7.49338173866272,
        7.321164793438381,
        24.428524123297798,
        6.599946962462531,
        6.935567326015896,
        5.373627053366767,
        4.905714604589674,
        5.40561584631602,
        5.473911881446838,
        4.513098624017504,
        4.281061675813463,
        4.484631472163731,
        3.718254049619039,
        3.956064648098416,
        3.9266760879092746,
        4.045124928156535,
        4.104861285951403,
        4.42758752240075,
        3.900361829333835,
        3.6858618524339466,
        3.8825067811542087,
        3.8156046205096774,
        3.3927646345562406,
        3.3357474539015026,
        3.3847093184789023,
        3.629742741584778,
        3.263773030704922,
        3.272129389974806,
        3.2543170187208386,
        3.1397562291887073,
        3.227473510636224,
        3.139643006854587,
        3.22786627875434,
        3.1480963163905673,
        3.3806265658802457,
        3.4376930793126426,
        3.4843593570921154,
        3.177175097995334,
        3.1443946891360812,
        3.3742904663085938,
        3.2093922164705067,
        3.3367187447018094,
        3.501861287487878,
        3.489096615049574,
        3.2435705264409385,
        3.316091431511773,
        3.2775448891851635,
        3.2144617239634194,
        3.1773606141408286,
        3.1362089183595447,
        3.245385011037191,
        3.2491519451141357,
        3.5643496182229786,
        3.312131921450297,
        3.155644589000278,
        3.1763094464937844,
        3.1694524155722723,
        3.2706026898490057,
        3.2981907526652017,
        3.394311454561022,
        3.2221838765674167,
        3.157554957601759,
        3.4082080523173013,
        3.117282271385193,
        3.2326229280895658,
        3.146951993306478,
        3.1245697935422263,
        3.2139289644029407
    ],
    "accuracy": [
        0.19244288224956063,
        0.28558875219683655,
        0.3242530755711775,
        0.3409490333919156,
        0.36731107205623903,
        0.38312829525483305,
        0.37434094903339193,
        0.37434094903339193,
        0.4094903339191564,
        0.4384885764499121,
        0.45869947275922673,
        0.44551845342706503,
        0.4727592267135325,
        0.44727592267135324,
        0.437609841827768,
        0.48154657293497366,
        0.46660808435852374,
        0.4507908611599297,
        0.5043936731107206,
        0.5342706502636204,
        0.5166959578207382,
        0.4903339191564148,
        0.5351493848857645,
        0.4973637961335677,
        0.5325131810193322,
        0.5,
        0.5166959578207382,
        0.46309314586994726,
        0.44727592267135324,
        0.38400702987697716,
        0.3444639718804921,
        0.2820738137082601,
        0.2478031634446397,
        0.218804920913884,
        0.2478031634446397,
        0.22759226713532513,
        0.1977152899824253,
        0.2100175746924429,
        0.20738137082601055,
        0.2047451669595782,
        0.19507908611599298,
        0.2056239015817223,
        0.2056239015817223,
        0.19156414762741653,
        0.19332161687170474,
        0.19332161687170474,
        0.18980667838312829,
        0.18892794376098418,
        0.18892794376098418,
        0.1827768014059754,
        0.18892794376098418,
        0.18804920913884007,
        0.18365553602811951,
        0.18629173989455183,
        0.19068541300527242,
        0.19507908611599298,
        0.18804920913884007,
        0.18541300527240773,
        0.19156414762741653,
        0.18365553602811951,
        0.18980667838312829,
        0.19332161687170474,
        0.18980667838312829,
        0.18804920913884007,
        0.18980667838312829,
        0.19420035149384884,
        0.19068541300527242,
        0.18453427065026362,
        0.19068541300527242,
        0.19595782073813708,
        0.18804920913884007,
        0.18717047451669597,
        0.19332161687170474,
        0.18892794376098418,
        0.19244288224956063,
        0.18804920913884007,
        0.19068541300527242,
        0.18892794376098418,
        0.19068541300527242,
        0.19244288224956063,
        0.19332161687170474,
        0.19420035149384884,
        0.19068541300527242,
        0.18980667838312829,
        0.18892794376098418,
        0.18980667838312829,
        0.18804920913884007,
        0.18804920913884007,
        0.19068541300527242,
        0.18804920913884007,
        0.18804920913884007,
        0.18980667838312829,
        0.18717047451669597,
        0.19156414762741653,
        0.19068541300527242,
        0.18892794376098418,
        0.1827768014059754,
        0.19244288224956063,
        0.18804920913884007,
        0.19068541300527242
    ],