{
    "model": [
        "ckTIMkAN"
    ],
    "epoch": [
        0,
        1,
        2,
        3,
        4,
        5,
        6,
        7,
        8,
        9,
        10,
        11,
        12,
        13,
        14,
        15,
        16,
        17,
        18,
        19,
        20,
        21,
        22,
        23,
        24,
        25,
        26,
        27,
        28,
        29,
        30,
        31,
        32,
        33,
        34,
        35,
        36,
        37,
        38,
        39,
        40,
        41,
        42,
        43,
        44,
        45,
        46,
        47,
        48,
        49,
        50,
        51,
        52,
        53,
        54,
        55,
        56,
        57,
        58,
        59,
        60,
        61,
        62,
        63,
        64,
        65,
        66,
        67,
        68,
        69,
        70,
        71,
        72,
        73,
        74,
        75,
        76,
        77,
        78,
        79,
        80,
        81,
        82,
        83,
        84,
        85,
        86,
        87,
        88,
        89,
        90,
        91,
        92,
        93,
        94,
        95,
        96,
        97,
        98,
        99
    ],
    "loss": [
        8200.92691040039,
        2863.7288932800293,
        1949.7934913635254,
        1905.4358749389648,
        1345.1532955169678,
        1335.7737255096436,
        1145.6280994415283,
        962.5472583770752,
        732.4786539077759,
        776.8740339279175,
        650.8797302246094,
        620.4455471038818,
        534.0098505020142,
        495.76590156555176,
        485.31010246276855,
        362.2869930267334,
        368.50104331970215,
        271.19583654403687,
        179.30186820030212,
        53.58047613501549,
        13.342750936746597,
        10.21938706189394,
        9.406550467014313,
        8.148459240794182,
        7.6025363728404045,
        7.3987026065588,
        6.48351975530386,
        7.083306320011616,
        6.688311956822872,
        6.202498454600573,
        5.305084895342588,
        5.668045204132795,
        5.808366782963276,
        5.319964073598385,
        5.495108760893345,
        5.432929772883654,
        5.50875736400485,
        5.0462112203240395,
        5.352596879005432,
        4.986749824136496,
        5.5291507095098495,
        4.738080494105816,
        4.9894368052482605,
        5.233374420553446,
        5.226302683353424,
        5.036111108958721,
        4.971908632665873,
        4.8637241162359715,
        5.033266805112362,
        5.271661784499884,
        5.429117679595947,
        5.339928809553385,
        5.095267586410046,
        4.853633768856525,
        5.014780722558498,
        5.045194901525974,
        4.825770501047373,
        5.404152687638998,
        5.096852418035269,
        5.016143672168255,
        5.117008980363607,
        5.064787041395903,
        5.1240987703204155,
        5.432276990264654,
        4.728365655988455,
        5.008273512125015,
        4.882123362272978,
        4.742983337491751,
        4.936114594340324,
        5.02562153339386,
        5.040208727121353,
        5.124120816588402,
        5.287318237125874,
        4.817937016487122,
        4.636119332164526,
        4.807522751390934,
        5.383058950304985,
        5.369588993489742,
        5.222280353307724,
        4.974486172199249,
        5.048936448991299,
        5.125796929001808,
        4.835936740040779,
        5.017636604607105,
        4.754740312695503,
        4.709327522665262,
        5.170376472175121,
        5.019358389079571,
        4.964057337492704,
        4.880579639226198,
        5.29748622328043,
        5.006742235273123,
        4.927898459136486,
        4.824941802769899,
        5.131910901516676,
        5.169949881732464,
        5.066566199064255,
        4.974978841841221,
        4.550193276256323,
        4.930428892374039
    ],
    "accuracy": [
        0.21674876847290642,
        0.25862068965517243,
        0.2788177339901478,
        0.3167487684729064,
        0.3448275862068966,
        0.35172413793103446,
        0.3788177339901478,
        0.3931034482758621,
        0.4270935960591133,
        0.40541871921182265,
        0.43694581280788175,
        0.44236453201970444,
        0.4408866995073892,
        0.4295566502463054,
        0.43842364532019706,
        0.46748768472906405,
        0.44778325123152707,
        0.47044334975369456,
        0.43103448275862066,
        0.25517241379310346,
        0.21576354679802956,
        0.19261083743842364,
        0.1896551724137931,
        0.1921182266009852,
        0.18472906403940886,
        0.18571428571428572,
        0.1793103448275862,
        0.1748768472906404,
        0.17586206896551723,
        0.18029556650246306,
        0.17881773399014778,
        0.1807881773399015,
        0.18177339901477832,
        0.17980295566502463,
        0.18226600985221675,
        0.17980295566502463,
        0.1807881773399015,
        0.18029556650246306,
        0.1793103448275862,
        0.1807881773399015,
        0.17783251231527095,
        0.17980295566502463,
        0.17586206896551723,
        0.17980295566502463,
        0.1807881773399015,
        0.18029556650246306,
        0.17635467980295566,
        0.17635467980295566,
        0.17586206896551723,
        0.17832512315270935,
        0.1768472906403941,
        0.1748768472906404,
        0.1748768472906404,
        0.1768472906403941,
        0.17635467980295566,
        0.17881773399014778,
        0.18029556650246306,
        0.1793103448275862,
        0.17733990147783252,
        0.17536945812807883,
        0.1729064039408867,
        0.17389162561576355,
        0.17586206896551723,
        0.17881773399014778,
        0.1768472906403941,
        0.17783251231527095,
        0.17783251231527095,
        0.1768472906403941,
        0.1793103448275862,
        0.17339901477832512,
        0.1768472906403941,
        0.17832512315270935,
        0.17832512315270935,
        0.1768472906403941,
        0.1748768472906404,
        0.18177339901477832,
        0.1768472906403941,
        0.17635467980295566,
        0.1768472906403941,
        0.17536945812807883,
        0.1793103448275862,
        0.17733990147783252,
        0.1748768472906404,
        0.17980295566502463,
        0.17832512315270935,
        0.17832512315270935,
        0.1748768472906404,
        0.1793103448275862,
        0.1793103448275862,
        0.17733990147783252,
        0.17536945812807883,
        0.17536945812807883,
        0.17881773399014778,
        0.18029556650246306,
        0.17586206896551723,
        0.17783251231527095,
        0.17783251231527095,
        0.18226600985221675,
        0.17635467980295566,
        0.1807881773399015
    ],