{
    "model": [
        "CkTIM"
    ],
    "epoch": [],
    "loss": [
        2.4405569304641537
    ],
    "accuracy": [
        0.8660714285714286
    ],
    "recall": [
        0.8660714285714286
    ],
    "precision": [
        0.8728042971574597
    ],
    "f1_score": [
        0.8658903206342706
    ],
    "inference_time_one_sample": [
        0.164
    ],
    "inference_time_tot": [
        18.398
    ],
    "trainable_parameters": [
        1380834
    ]
}