{
    "model": [
        "CkTIM"
    ],
    "epoch": [
        0,
        1,
        2,
        3,
        4,
        5,
        6,
        7,
        8,
        9,
        10,
        11,
        12,
        13,
        14,
        15,
        16,
        17,
        18,
        19,
        20,
        21,
        22,
        23,
        24,
        25,
        26,
        27,
        28,
        29,
        30,
        31,
        32,
        33,
        34,
        35,
        36,
        37,
        38,
        39,
        40,
        41,
        42,
        43,
        44,
        45,
        46,
        47,
        48,
        49,
        50,
        51,
        52,
        53,
        54,
        55,
        56,
        57,
        58,
        59,
        60,
        61,
        62,
        63,
        64,
        65,
        66,
        67,
        68,
        69,
        70,
        71,
        72,
        73,
        74,
        75,
        76,
        77,
        78,
        79,
        80,
        81,
        82,
        83,
        84,
        85,
        86,
        87,
        88,
        89,
        90,
        91,
        92,
        93,
        94,
        95,
        96,
        97,
        98,
        99
    ],
    "loss": [
        12346.12779017857,
        6364.03271484375,
        2219.7542724609375,
        1280.5552368164062,
        728.029052734375,
        434.0751037597656,
        355.70601981026783,
        305.5348859514509,
        253.68236214773995,
        223.10897173200334,
        197.838383265904,
        166.2995115007673,
        143.54833766392298,
        144.04946790422713,
        151.5169198172433,
        110.5442613874163,
        115.50323813302177,
        106.77825491768974,
        100.55907440185547,
        113.07475280761719,
        90.62317657470703,
        93.77745056152344,
        64.18612561907086,
        54.749798910958425,
        53.22653252737863,
        66.95181601388114,
        45.94783564976284,
        44.87375095912388,
        45.58294895717076,
        41.149070739746094,
        35.16127940586635,
        32.31275449480329,
        26.96804509844099,
        24.18061692374093,
        26.950614384242467,
        22.000646454947336,
        18.841873168945312,
        18.44864068712507,
        15.662888935634069,
        17.07391725267683,
        13.839311054774694,
        14.932560920715332,
        13.672154290335518,
        12.860474858965192,
        13.271326882498604,
        12.729394231523786,
        12.537690571376256,
        12.866578783307757,
        10.596992765154157,
        9.06646728515625,
        9.017039162772042,
        9.519081388201032,
        8.397776535579137,
        8.987993240356445,
        7.377371106828962,
        7.215072768075125,
        7.33841575895037,
        6.775082724434989,
        6.359678064073835,
        5.8135649136134555,
        5.376300471169608,
        5.369599001748221,
        5.396064553941999,
        6.153548240661621,
        5.475187914712088,
        5.846706867218018,
        5.1371250833783835,
        5.257283687591553,
        5.480157443455288,
        6.017835208347866,
        5.1337144034249445,
        5.168751920972552,
        4.943280492510114,
        5.093207427433559,
        5.173544406890869,
        4.910879339490618,
        5.317071710314069,
        4.765809059143066,
        5.283663068498884,
        5.076837880270822,
        4.920075825282505,
        5.154713562556675,
        5.311722823551723,
        5.2135105814252585,
        5.0034469195774625,
        4.410639013562884,
        5.101665769304548,
        4.57046856198992,
        5.009967122759138,
        5.080029555729458,
        4.958299432482038,
        4.554123265402658,
        5.143011569976807,
        4.573558466775077,
        4.7155254908970425,
        4.9313531262534,
        4.584892136710031,
        4.886405740465436,
        4.621305193219866,
        4.816596473966326
    ],
    "accuracy": [
        0.14285714285714285,
        0.19458128078817735,
        0.31527093596059114,
        0.35960591133004927,
        0.4236453201970443,
        0.4753694581280788,
        0.5123152709359606,
        0.5541871921182266,
        0.5197044334975369,
        0.5295566502463054,
        0.5615763546798029,
        0.5591133004926109,
        0.5886699507389163,
        0.5591133004926109,
        0.5073891625615764,
        0.5788177339901478,
        0.5665024630541872,
        0.5566502463054187,
        0.5665024630541872,
        0.5049261083743842,
        0.5640394088669951,
        0.5344827586206896,
        0.6403940886699507,
        0.6403940886699507,
        0.6280788177339901,
        0.5812807881773399,
        0.6576354679802956,
        0.6551724137931034,
        0.6059113300492611,
        0.6379310344827587,
        0.5935960591133005,
        0.6748768472906403,
        0.687192118226601,
        0.6847290640394089,
        0.6428571428571429,
        0.6896551724137931,
        0.7266009852216748,
        0.6995073891625616,
        0.7315270935960592,
        0.687192118226601,
        0.7142857142857143,
        0.7142857142857143,
        0.7216748768472906,
        0.7339901477832512,
        0.6748768472906403,
        0.6822660098522167,
        0.6896551724137931,
        0.6625615763546798,
        0.7536945812807881,
        0.7413793103448276,
        0.729064039408867,
        0.7315270935960592,
        0.7167487684729064,
        0.7019704433497537,
        0.7413793103448276,
        0.7216748768472906,
        0.6945812807881774,
        0.7339901477832512,
        0.7266009852216748,
        0.7438423645320197,
        0.7438423645320197,
        0.7438423645320197,
        0.7610837438423645,
        0.687192118226601,
        0.7586206896551724,
        0.6773399014778325,
        0.7339901477832512,
        0.7266009852216748,
        0.7487684729064039,
        0.6921182266009852,
        0.7536945812807881,
        0.7413793103448276,
        0.7315270935960592,
        0.7561576354679803,
        0.7463054187192119,
        0.7561576354679803,
        0.7068965517241379,
        0.7068965517241379,
        0.7216748768472906,
        0.7241379310344828,
        0.7068965517241379,
        0.7536945812807881,
        0.7142857142857143,
        0.7167487684729064,
        0.7438423645320197,
        0.7339901477832512,
        0.7758620689655172,
        0.7192118226600985,
        0.7216748768472906,
        0.7216748768472906,
        0.7413793103448276,
        0.7438423645320197,
        0.7339901477832512,
        0.7487684729064039,
        0.7463054187192119,
        0.7389162561576355,
        0.7561576354679803,
        0.7339901477832512,
        0.7487684729064039,
        0.7241379310344828
    ],