{
    "model": [
        "CkTIM"
    ],
    "epoch": [
        0,
        1,
        2,
        3,
        4,
        5,
        6,
        7,
        8,
        9,
        10,
        11,
        12,
        13,
        14,
        15,
        16,
        17,
        18,
        19,
        20,
        21,
        22,
        23,
        24,
        25,
        26,
        27,
        28,
        29,
        30,
        31,
        32,
        33,
        34,
        35,
        36,
        37,
        38,
        39,
        40,
        41,
        42,
        43,
        44,
        45,
        46,
        47,
        48,
        49,
        50,
        51,
        52,
        53,
        54,
        55,
        56,
        57,
        58,
        59,
        60,
        61,
        62,
        63,
        64,
        65,
        66,
        67,
        68,
        69,
        70,
        71,
        72,
        73,
        74,
        75,
        76,
        77,
        78,
        79,
        80,
        81,
        82,
        83,
        84,
        85,
        86,
        87,
        88,
        89,
        90,
        91,
        92,
        93,
        94,
        95,
        96,
        97,
        98,
        99
    ],
    "loss": [
        6085.41277204241,
        2851.6214599609375,
        1366.4075404575892,
        887.4036254882812,
        522.4139753069196,
        245.40240914481026,
        218.68157087053572,
        143.76395416259766,
        104.30044228690011,
        92.8150384085519,
        101.07008579799107,
        74.38328388759068,
        54.502197265625,
        49.88091768537249,
        47.18995612008231,
        37.05691473824637,
        32.680181230817524,
        37.5094312940325,
        31.481157575334823,
        32.74919509887695,
        36.603454044886995,
        29.837445667811803,
        25.78784097943987,
        26.94605827331543,
        27.277536392211914,
        29.438852037702286,
        25.424268995012557,
        21.720645359584264,
        25.06515911647252,
        23.913555690220424,
        22.42505373273577,
        24.344771521432058,
        23.50627395084926,
        21.66459710257394,
        24.256966182163783,
        23.21072496686663,
        19.607950891767228,
        22.485180173601425,
        25.151807512555802,
        25.073107855660574,
        25.891190937587194,
        20.918052673339844,
        20.96457658495222,
        20.903851100376674,
        22.80535125732422,
        22.815060206821986,
        23.298547199794225,
        20.54881695338658,
        21.685359137398855,
        26.59277970450265,
        20.557864870343888,
        21.334443501063756,
        21.386183738708496,
        22.18061692374093,
        21.912173134940012,
        19.29525511605399,
        21.555533272879465,
        20.201523099626815,
        22.129400525774276,
        21.660230091639928,
        21.81147289276123,
        26.60229546683175,
        24.119181360517228,
        22.16817201886858,
        21.527345384870255,
        22.524375643048966,
        21.482361929757253,
        22.184152330671036,
        19.629661015101842,
        22.547563007899694,
        25.20589174543108,
        19.778056417192733,
        22.51685414995466,
        23.8599431174142,
        20.938410350254603,
        21.532656805855886,
        24.318191255841935,
        25.76516396658761,
        21.281025205339706,
        23.219030380249023,
        23.321631022862025,
        22.79826463971819,
        22.45528711591448,
        19.17924690246582,
        20.853994369506836,
        22.12407030378069,
        23.729108537946427,
        25.2912722996303,
        21.4490168435233,
        25.50953619820731,
        22.20832851954869,
        26.148473739624023,
        24.427313940865652,
        20.970748901367188,
        21.40319769723075,
        21.70970698765346,
        23.315362657819474,
        22.395966938563756,
        23.171871457781112,
        23.881083488464355
    ],
    "accuracy": [
        0.14285714285714285,
        0.1625615763546798,
        0.2315270935960591,
        0.3103448275862069,
        0.27832512315270935,
        0.3522167487684729,
        0.29310344827586204,
        0.33251231527093594,
        0.4236453201970443,
        0.39408866995073893,
        0.4039408866995074,
        0.3916256157635468,
        0.4088669950738916,
        0.45566502463054187,
        0.41379310344827586,
        0.4408866995073892,
        0.4802955665024631,
        0.42610837438423643,
        0.4458128078817734,
        0.4605911330049261,
        0.42857142857142855,
        0.4605911330049261,
        0.4802955665024631,
        0.49014778325123154,
        0.45073891625615764,
        0.4482758620689655,
        0.45073891625615764,
        0.49014778325123154,
        0.4852216748768473,
        0.4802955665024631,
        0.49261083743842365,
        0.47783251231527096,
        0.46551724137931033,
        0.47783251231527096,
        0.4408866995073892,
        0.4802955665024631,
        0.5,
        0.4482758620689655,
        0.46551724137931033,
        0.4458128078817734,
        0.45320197044334976,
        0.4975369458128079,
        0.5024630541871922,
        0.4802955665024631,
        0.4433497536945813,
        0.4975369458128079,
        0.49014778325123154,
        0.5,
        0.5073891625615764,
        0.4039408866995074,
        0.5073891625615764,
        0.4975369458128079,
        0.5123152709359606,
        0.5172413793103449,
        0.47783251231527096,
        0.4605911330049261,
        0.5024630541871922,
        0.4975369458128079,
        0.47783251231527096,
        0.47783251231527096,
        0.46551724137931033,
        0.4408866995073892,
        0.49014778325123154,
        0.46551724137931033,
        0.4827586206896552,
        0.4852216748768473,
        0.47783251231527096,
        0.4605911330049261,
        0.46798029556650245,
        0.49014778325123154,
        0.47783251231527096,
        0.5,
        0.45566502463054187,
        0.43842364532019706,
        0.4975369458128079,
        0.46551724137931033,
        0.46551724137931033,
        0.4458128078817734,
        0.46551724137931033,
        0.458128078817734,
        0.45073891625615764,
        0.4729064039408867,
        0.4729064039408867,
        0.5049261083743842,
        0.4827586206896552,
        0.5,
        0.4827586206896552,
        0.458128078817734,
        0.4605911330049261,
        0.43596059113300495,
        0.47783251231527096,
        0.45566502463054187,
        0.4482758620689655,
        0.5172413793103449,
        0.5024630541871922,
        0.4852216748768473,
        0.49507389162561577,
        0.46798029556650245,
        0.4433497536945813,
        0.4729064039408867
    ],