{
    "model": [
        "CkkTIM"
    ],
    "epoch": [
        0,
        1,
        2,
        3,
        4,
        5,
        6,
        7,
        8,
        9,
        10,
        11,
        12,
        13,
        14,
        15,
        16,
        17,
        18,
        19,
        20,
        21,
        22,
        23,
        24,
        25,
        26,
        27,
        28,
        29,
        30,
        31,
        32,
        33,
        34,
        35,
        36,
        37,
        38,
        39,
        40,
        41,
        42,
        43,
        44,
        45,
        46,
        47,
        48,
        49,
        50,
        51,
        52,
        53,
        54,
        55,
        56,
        57,
        58,
        59,
        60,
        61,
        62,
        63,
        64,
        65,
        66,
        67,
        68,
        69,
        70,
        71,
        72,
        73,
        74,
        75,
        76,
        77,
        78,
        79,
        80,
        81,
        82,
        83,
        84,
        85,
        86,
        87,
        88,
        89,
        90,
        91,
        92,
        93,
        94,
        95,
        96,
        97,
        98,
        99
    ],
    "loss": [
        323.90423801967074,
        95.99416678292411,
        28.290723255702428,
        23.702341079711914,
        27.498106002807617,
        20.439690044948033,
        19.458204133169993,
        14.408836773463658,
        12.210206985473633,
        10.185804912022181,
        8.948411873408727,
        8.434791564941406,
        8.410242216927665,
        8.059152126312256,
        7.208227975027902,
        6.281304631914411,
        6.3847382409232,
        6.19391529900687,
        6.038174561091831,
        7.061299664633615,
        5.538910933903286,
        5.894184861864362,
        5.454697779246739,
        5.371400833129883,
        5.467511245182583,
        5.5414436885288785,
        5.110976900373187,
        5.2234730039324075,
        5.104588542665754,
        5.239960193634033,
        5.4785541125706265,
        5.509760107312884,
        5.147453137806484,
        5.111962727137974,
        4.531876155308315,
        5.128904478890555,
        5.288388592856271,
        5.043214661734445,
        4.970914874758039,
        4.924390384129116,
        5.184415408543178,
        4.8416144507271905,
        5.3438810620989114,
        5.334489481789725,
        4.9900504520961215,
        5.393115758895874,
        4.905688830784389,
        4.517322949000767,
        5.151345116751535,
        5.505295412881034,
        5.31172513961792,
        4.852396488189697,
        4.7910919189453125,
        4.761909689222064,
        4.568818637302944,
        4.7349692072187155,
        5.381970814296177,
        5.081030300685337,
        4.795288358415876,
        4.957512651171003,
        5.378442559923444,
        4.89611325945173,
        4.911108221326556,
        5.0506824765886575,
        5.0888839449201315,
        4.819836616516113,
        5.148929255349295,
        5.098119701657977,
        4.865766865866525,
        5.15586519241333,
        4.821833269936698,
        4.9639643260410855,
        5.397613116673061,
        4.9750678198678155,
        4.904463359287807,
        5.040685279028756,
        5.071112360273089,
        5.01597397668021,
        4.694322381700788,
        5.0311057567596436,
        4.902243750435965,
        5.309685570853097,
        5.049750191824777,
        5.226343427385602,
        5.090203625815255,
        4.622446060180664,
        4.688278334481375,
        5.054888180324009,
        4.96341575895037,
        5.389374188014439,
        4.949906757899693,
        5.01068503516061,
        4.525136266435895,
        5.088062831333706,
        5.05201530456543,
        5.279999256134033,
        5.048804010663714,
        5.190095220293317,
        4.786728722708566,
        4.92943126814706
    ],
    "accuracy": [
        0.15024630541871922,
        0.23399014778325122,
        0.31773399014778325,
        0.3916256157635468,
        0.3768472906403941,
        0.45566502463054187,
        0.4605911330049261,
        0.5369458128078818,
        0.5344827586206896,
        0.5960591133004927,
        0.5862068965517241,
        0.6206896551724138,
        0.5812807881773399,
        0.6231527093596059,
        0.7044334975369458,
        0.6576354679802956,
        0.6921182266009852,
        0.6970443349753694,
        0.6945812807881774,
        0.645320197044335,
        0.7142857142857143,
        0.7044334975369458,
        0.7167487684729064,
        0.6625615763546798,
        0.6945812807881774,
        0.7068965517241379,
        0.6945812807881774,
        0.7192118226600985,
        0.7241379310344828,
        0.6798029556650246,
        0.6945812807881774,
        0.7118226600985221,
        0.7044334975369458,
        0.7068965517241379,
        0.729064039408867,
        0.7241379310344828,
        0.6970443349753694,
        0.6995073891625616,
        0.7093596059113301,
        0.7167487684729064,
        0.6896551724137931,
        0.7266009852216748,
        0.6896551724137931,
        0.7167487684729064,
        0.7339901477832512,
        0.7167487684729064,
        0.7192118226600985,
        0.7389162561576355,
        0.6896551724137931,
        0.7019704433497537,
        0.729064039408867,
        0.7216748768472906,
        0.7339901477832512,
        0.7339901477832512,
        0.7315270935960592,
        0.7413793103448276,
        0.6822660098522167,
        0.6921182266009852,
        0.7216748768472906,
        0.7389162561576355,
        0.6995073891625616,
        0.7142857142857143,
        0.7413793103448276,
        0.7364532019704434,
        0.7167487684729064,
        0.7315270935960592,
        0.7266009852216748,
        0.7019704433497537,
        0.7610837438423645,
        0.6896551724137931,
        0.7142857142857143,
        0.7339901477832512,
        0.6576354679802956,
        0.7241379310344828,
        0.7093596059113301,
        0.729064039408867,
        0.7019704433497537,
        0.7167487684729064,
        0.7241379310344828,
        0.7192118226600985,
        0.7118226600985221,
        0.7339901477832512,
        0.7339901477832512,
        0.6773399014778325,
        0.7093596059113301,
        0.7364532019704434,
        0.7586206896551724,
        0.7241379310344828,
        0.7315270935960592,
        0.7315270935960592,
        0.7142857142857143,
        0.7266009852216748,
        0.7586206896551724,
        0.687192118226601,
        0.7093596059113301,
        0.6995073891625616,
        0.6995073891625616,
        0.7216748768472906,
        0.7216748768472906,
        0.7315270935960592
    ],