{
    "model": [
        "CkTIM"
    ],
    "epoch": [],
    "loss": [
        1.2175698928119971
    ],
    "accuracy": [
        0.8214285714285714
    ],
    "recall": [
        0.8214285714285714
    ],
    "precision": [
        0.8254963523871087
    ],
    "f1_score": [
        0.8197222408699213
    ],
    "inference_time_one_sample": [
        0.147
    ],
    "inference_time_tot": [
        16.505
    ],
    "trainable_parameters": [
        1380834
    ]
}