{
    "model": [
        "ckTIM"
    ],
    "epoch": [
        0,
        1,
        2,
        3,
        4,
        5,
        6,
        7,
        8,
        9,
        10,
        11,
        12,
        13,
        14,
        15,
        16,
        17,
        18,
        19,
        20,
        21,
        22,
        23,
        24,
        25,
        26,
        27,
        28,
        29,
        30,
        31,
        32,
        33,
        34,
        35,
        36,
        37,
        38,
        39,
        40,
        41,
        42,
        43,
        44,
        45,
        46,
        47,
        48,
        49,
        50,
        51,
        52,
        53,
        54,
        55,
        56,
        57,
        58,
        59,
        60,
        61,
        62,
        63,
        64,
        65,
        66,
        67,
        68,
        69,
        70,
        71,
        72,
        73,
        74,
        75,
        76,
        77,
        78,
        79,
        80,
        81,
        82,
        83,
        84,
        85,
        86,
        87,
        88,
        89,
        90,
        91,
        92,
        93,
        94,
        95,
        96,
        97,
        98,
        99
    ],
    "loss": [
        4101.916120256697,
        2594.8741629464284,
        1449.6798008510045,
        1638.7554757254463,
        1600.179164341518,
        1240.0508074079241,
        1325.767586844308,
        1231.9652709960938,
        1206.7574724469866,
        1027.428745814732,
        1418.443812779018,
        911.787859235491,
        1296.7056187220983,
        994.4530029296875,
        779.5107857840402,
        671.3353315080915,
        731.0410940987723,
        717.028564453125,
        564.0837097167969,
        761.8868277413504,
        733.9519653320312,
        508.0818655831473,
        588.2952488490513,
        453.9922398158482,
        570.8136858258929,
        456.85215977260043,
        419.22816249302457,
        466.5481436593192,
        380.74333626883373,
        446.10267857142856,
        372.38585989815846,
        449.20138113839283,
        380.4140625,
        415.4169725690569,
        362.7515389578683,
        351.23775809151783,
        346.3421412876674,
        368.5387268066406,
        325.12548392159596,
        343.0657741001674,
        338.9888719831194,
        431.8733433314732,
        407.9293648856027,
        316.29015677315846,
        404.2969403948103,
        361.40599931989397,
        383.00716291155135,
        354.611086164202,
        304.2142595563616,
        368.5114440917969,
        358.54903520856584,
        283.10931614467074,
        409.81550162179127,
        333.0797860281808,
        401.0216587611607,
        334.0178745814732,
        383.16153390066967,
        344.8403538295201,
        467.9263262067522,
        281.5371878487723,
        457.9315185546875,
        337.6598685128348,
        353.15870448521207,
        366.33353097098217,
        380.324959891183,
        401.36258370535717,
        365.21667044503346,
        328.2060764857701,
        449.1279863630022,
        404.91531808035717,
        355.63014439174106,
        336.78625052315846,
        319.4401550292969,
        356.0245143345424,
        312.8448268345424,
        343.68873378208707,
        373.9948403494699,
        363.4654628208705,
        372.9167175292969,
        487.9381539481027,
        342.6515132359096,
        361.56107657296315,
        322.1116518293108,
        325.8434753417969,
        371.4502258300781,
        404.06543404715404,
        482.9170401436942,
        379.7503008161272,
        393.84049333844865,
        407.85174560546875,
        383.6691153390067,
        307.53102329799106,
        399.3661455426897,
        412.7753165108817,
        307.39447239467074,
        349.30884443010603,
        348.5841805594308,
        366.05127389090404,
        414.7130323137556,
        333.74645560128346
    ],
    "accuracy": [
        0.1625615763546798,
        0.2044334975369458,
        0.2660098522167488,
        0.23645320197044334,
        0.23645320197044334,
        0.27832512315270935,
        0.25862068965517243,
        0.2955665024630542,
        0.29802955665024633,
        0.3472906403940887,
        0.2955665024630542,
        0.3768472906403941,
        0.3054187192118227,
        0.3817733990147783,
        0.39408866995073893,
        0.4458128078817734,
        0.41625615763546797,
        0.39901477832512317,
        0.4211822660098522,
        0.4014778325123153,
        0.4039408866995074,
        0.43349753694581283,
        0.45073891625615764,
        0.49507389162561577,
        0.4187192118226601,
        0.45320197044334976,
        0.47783251231527096,
        0.4753694581280788,
        0.5320197044334976,
        0.4852216748768473,
        0.5147783251231527,
        0.4753694581280788,
        0.5123152709359606,
        0.47783251231527096,
        0.5344827586206896,
        0.5270935960591133,
        0.5270935960591133,
        0.5123152709359606,
        0.5049261083743842,
        0.5049261083743842,
        0.5172413793103449,
        0.47783251231527096,
        0.5,
        0.5566502463054187,
        0.5,
        0.5541871921182266,
        0.5369458128078818,
        0.49261083743842365,
        0.5443349753694581,
        0.5197044334975369,
        0.5270935960591133,
        0.5911330049261084,
        0.4975369458128079,
        0.5270935960591133,
        0.4876847290640394,
        0.5295566502463054,
        0.5024630541871922,
        0.5344827586206896,
        0.45073891625615764,
        0.6009852216748769,
        0.43349753694581283,
        0.541871921182266,
        0.5394088669950738,
        0.5123152709359606,
        0.5221674876847291,
        0.5172413793103449,
        0.5172413793103449,
        0.5246305418719212,
        0.47044334975369456,
        0.5221674876847291,
        0.5147783251231527,
        0.5295566502463054,
        0.5320197044334976,
        0.4852216748768473,
        0.5320197044334976,
        0.5197044334975369,
        0.5270935960591133,
        0.49014778325123154,
        0.5320197044334976,
        0.46798029556650245,
        0.5221674876847291,
        0.5344827586206896,
        0.5147783251231527,
        0.5640394088669951,
        0.49507389162561577,
        0.49014778325123154,
        0.4187192118226601,
        0.5098522167487685,
        0.4753694581280788,
        0.5073891625615764,
        0.5394088669950738,
        0.541871921182266,
        0.47044334975369456,
        0.5049261083743842,
        0.49507389162561577,
        0.5541871921182266,
        0.5443349753694581,
        0.5024630541871922,
        0.5172413793103449,
        0.49014778325123154
    ],