{
    "model": [
        "CkTIM"
    ],
    "epoch": [
        0,
        1,
        2,
        3,
        4,
        5,
        6,
        7,
        8,
        9,
        10,
        11,
        12,
        13,
        14,
        15,
        16,
        17,
        18,
        19,
        20,
        21,
        22,
        23,
        24,
        25,
        26,
        27,
        28,
        29,
        30,
        31,
        32,
        33,
        34,
        35,
        36,
        37,
        38,
        39,
        40,
        41,
        42,
        43,
        44,
        45,
        46,
        47,
        48,
        49,
        50,
        51,
        52,
        53,
        54,
        55,
        56,
        57,
        58,
        59,
        60,
        61,
        62,
        63,
        64,
        65,
        66,
        67,
        68,
        69,
        70,
        71,
        72,
        73,
        74,
        75,
        76,
        77,
        78,
        79,
        80,
        81,
        82,
        83,
        84,
        85,
        86,
        87,
        88,
        89,
        90,
        91,
        92,
        93,
        94,
        95,
        96,
        97,
        98,
        99
    ],
    "loss": [
        3113.749093191964,
        1788.7533656529017,
        1235.2676827566963,
        785.1666957310268,
        616.7311226981027,
        399.7620370047433,
        365.7186497279576,
        409.0398167201451,
        282.75233459472656,
        375.5554983956473,
        245.84217398507255,
        282.6573704310826,
        325.1617649623326,
        345.3750697544643,
        379.7579040527344,
        401.7511640276228,
        352.48055594308033,
        314.91444614955356,
        367.62144688197543,
        288.63847787039623,
        257.89556884765625,
        266.83886282784596,
        245.6736602783203,
        216.89063807896204,
        206.1701202392578,
        190.72483825683594,
        176.51519339425224,
        164.6677703857422,
        175.75458199637276,
        179.4824273245675,
        192.28514535086495,
        180.44128635951452,
        168.92108045305525,
        173.6571306501116,
        155.10602242606026,
        163.17698233468192,
        170.87709154401506,
        181.90381513323103,
        157.5377938406808,
        154.55499049595423,
        154.2019522530692,
        174.94667053222656,
        194.2016318184989,
        147.87614113943917,
        137.9339359828404,
        170.01978193010603,
        174.46170915876115,
        156.85841369628906,
        148.0223846435547,
        172.38229370117188,
        147.17327444893974,
        153.99148450578963,
        198.05951799665178,
        184.17124502999442,
        148.59629494803292,
        149.52364131382532,
        161.2633514404297,
        171.7909676688058,
        209.19341605050224,
        174.58070373535156,
        159.42545209612166,
        167.1194327218192,
        158.2435542515346,
        144.57329450334822,
        168.70758928571428,
        164.65599605015345,
        138.24507686070032,
        154.76948438371932,
        154.93303789411272,
        153.22429656982422,
        144.35586983816964,
        131.47335706438338,
        166.7310344151088,
        153.25296456473214,
        149.53577750069755,
        159.80026790073939,
        159.6864286150251,
        137.16451917375838,
        140.54173387799943,
        162.11988176618303,
        144.59695325578963,
        158.25914219447546,
        152.28221130371094,
        141.74114990234375,
        145.88172258649553,
        185.99927847726005,
        133.16597420828683,
        148.45003618512834,
        175.63317653111048,
        157.37182835170202,
        174.96344648088728,
        150.41205487932478,
        186.1443579537528,
        160.68319157191686,
        151.2243379865374,
        176.03421347481864,
        172.28074645996094,
        135.33488246372767,
        163.60829380580358,
        161.84185137067522
    ],
    "accuracy": [
        0.17733990147783252,
        0.19950738916256158,
        0.2660098522167488,
        0.2857142857142857,
        0.2832512315270936,
        0.3768472906403941,
        0.4088669950738916,
        0.35960591133004927,
        0.42610837438423643,
        0.39408866995073893,
        0.43596059113300495,
        0.4064039408866995,
        0.4039408866995074,
        0.41625615763546797,
        0.4039408866995074,
        0.37438423645320196,
        0.3866995073891626,
        0.4433497536945813,
        0.41133004926108374,
        0.4482758620689655,
        0.5,
        0.43349753694581283,
        0.49261083743842365,
        0.5246305418719212,
        0.5049261083743842,
        0.5073891625615764,
        0.5270935960591133,
        0.5862068965517241,
        0.5615763546798029,
        0.5073891625615764,
        0.5073891625615764,
        0.5615763546798029,
        0.5369458128078818,
        0.5566502463054187,
        0.5640394088669951,
        0.5517241379310345,
        0.5246305418719212,
        0.5049261083743842,
        0.5492610837438424,
        0.5566502463054187,
        0.5221674876847291,
        0.5665024630541872,
        0.5221674876847291,
        0.5862068965517241,
        0.5640394088669951,
        0.5270935960591133,
        0.5689655172413793,
        0.5812807881773399,
        0.5443349753694581,
        0.5221674876847291,
        0.5812807881773399,
        0.5689655172413793,
        0.5197044334975369,
        0.5344827586206896,
        0.5640394088669951,
        0.5591133004926109,
        0.5640394088669951,
        0.5344827586206896,
        0.541871921182266,
        0.5689655172413793,
        0.5517241379310345,
        0.5566502463054187,
        0.5615763546798029,
        0.5714285714285714,
        0.5541871921182266,
        0.5689655172413793,
        0.5862068965517241,
        0.5812807881773399,
        0.5615763546798029,
        0.5689655172413793,
        0.5640394088669951,
        0.5911330049261084,
        0.5443349753694581,
        0.5640394088669951,
        0.5443349753694581,
        0.5467980295566502,
        0.5541871921182266,
        0.5788177339901478,
        0.5689655172413793,
        0.5763546798029556,
        0.5862068965517241,
        0.5591133004926109,
        0.5640394088669951,
        0.541871921182266,
        0.5788177339901478,
        0.5541871921182266,
        0.5886699507389163,
        0.583743842364532,
        0.5295566502463054,
        0.5369458128078818,
        0.5566502463054187,
        0.5738916256157636,
        0.5270935960591133,
        0.5566502463054187,
        0.5738916256157636,
        0.5541871921182266,
        0.5443349753694581,
        0.5985221674876847,
        0.5615763546798029,
        0.5
    ],