{
    "model": [
        "TIMkAN"
    ],
    "epoch": [],
    "loss": [
        0.8746125400066376
    ],
    "accuracy": [
        0.6875
    ],
    "recall": [
        0.6875
    ],
    "precision": [
        0.7058568882098294
    ],
    "f1_score": [
        0.6889644746787604
    ]
}