{
    "model": [
        "TIMkAN"
    ],
    "epoch": [],
    "loss": [
        0.696500152349472
    ],
    "accuracy": [
        0.8571428571428571
    ],
    "recall": [
        0.8571428571428571
    ],
    "precision": [
        0.8739514226743329
    ],
    "f1_score": [
        0.8542293179898223
    ]
}