{
    "model": [
        "TIMkAN"
    ],
    "epoch": [
        0,
        1,
        2,
        3,
        4,
        5,
        6,
        7,
        8,
        9,
        10,
        11,
        12,
        13,
        14,
        15,
        16,
        17,
        18,
        19,
        20,
        21,
        22,
        23,
        24,
        25,
        26,
        27,
        28,
        29,
        30,
        31,
        32,
        33,
        34,
        35,
        36,
        37,
        38,
        39,
        40,
        41,
        42,
        43,
        44,
        45,
        46,
        47,
        48,
        49,
        50,
        51,
        52,
        53,
        54,
        55,
        56,
        57,
        58,
        59,
        60,
        61,
        62,
        63,
        64,
        65,
        66,
        67,
        68,
        69,
        70,
        71,
        72,
        73,
        74,
        75,
        76,
        77,
        78,
        79,
        80,
        81,
        82,
        83,
        84,
        85,
        86,
        87,
        88,
        89,
        90,
        91,
        92,
        93,
        94,
        95,
        96,
        97,
        98,
        99
    ],
    "loss": [
        8.820128577096122,
        5.333735942840576,
        3.3239841801779613,
        2.5389135224478587,
        2.0772177832467213,
        1.8513329199382238,
        1.7423412459237235,
        1.7438115222113473,
        1.7320235797337122,
        1.6522423028945923,
        1.5968960523605347,
        1.585537280355181,
        1.503036652292524,
        1.515316299029759,
        1.3840317726135254,
        1.3984273331505912,
        1.3372080836977278,
        1.324470145361764,
        1.3129100458962577,
        1.3326540844781058,
        1.2735440731048584,
        1.2441024439675468,
        1.2458279814038957,
        1.2606036833354406,
        1.2302986213139124,
        1.1706145320619856,
        1.2015597309385027,
        1.2257932765143258,
        1.1725319623947144,
        1.106798733983721,
        1.0784804821014404,
        1.084831416606903,
        1.0600827591759818,
        1.117487107004438,
        1.0524326988628931,
        1.0795342411313738,
        1.071698614529201,
        1.0481429525784083,
        1.0587274857929774,
        1.0842516592570715,
        1.062092857701438,
        1.0790594049862452,
        1.0608008929661341,
        1.0356720175061906,
        1.0176623633929662,
        1.1168588314737593,
        1.0474523050444466,
        1.0378484725952148,
        1.0556087749344962,
        1.0326360038348608,
        1.0469176939555578,
        1.0178175142833166,
        1.0624941417149134,
        1.0714844976152693,
        1.0084824902670724,
        1.0284521920340401,
        1.0309996264321464,
        1.0441937616893224,
        1.0392168590000697,
        0.9596161416598729,
        1.0206960354532515,
        1.0241806507110596,
        1.042863769190652,
        1.0409370831080846,
        1.023358634540013,
        1.0451028091566903,
        1.021281259400504,
        1.0104328649384635,
        1.030152440071106,
        1.045907395226615,
        1.0779352017811366,
        0.9866025618144444,
        1.0598935229437692,
        1.05076003074646,
        1.0200301238468714,
        1.0307259559631348,
        1.019864090851375,
        1.0390650885445731,
        1.0259538378034319,
        1.033141783305577,
        1.0311413662774223,
        1.031638741493225,
        1.0459472792489188,
        1.04128931249891,
        1.0325708644730704,
        1.0507737227848597,
        1.0246177656309945,
        1.0129888824054174,
        1.0228636775697981,
        1.0058964490890503,
        1.027198382786342,
        1.0115714584078108,
        1.0332491312708174,
        1.0379041348184859,
        1.043178847857884,
        1.0000346984182085,
        1.0063378129686629,
        1.0572095939091273,
        1.050974462713514,
        1.0501516801970345
    ],
    "accuracy": [
        0.18472906403940886,
        0.21674876847290642,
        0.23891625615763548,
        0.27586206896551724,
        0.30295566502463056,
        0.31773399014778325,
        0.39408866995073893,
        0.3620689655172414,
        0.3866995073891626,
        0.41625615763546797,
        0.42610837438423643,
        0.4753694581280788,
        0.49507389162561577,
        0.5098522167487685,
        0.5320197044334976,
        0.5615763546798029,
        0.5665024630541872,
        0.5886699507389163,
        0.5935960591133005,
        0.5886699507389163,
        0.6157635467980296,
        0.6403940886699507,
        0.6600985221674877,
        0.6354679802955665,
        0.6403940886699507,
        0.6625615763546798,
        0.6625615763546798,
        0.6674876847290641,
        0.6330049261083743,
        0.7019704433497537,
        0.7167487684729064,
        0.7241379310344828,
        0.7463054187192119,
        0.7068965517241379,
        0.729064039408867,
        0.7044334975369458,
        0.7413793103448276,
        0.7315270935960592,
        0.7315270935960592,
        0.7241379310344828,
        0.7610837438423645,
        0.7315270935960592,
        0.7389162561576355,
        0.7487684729064039,
        0.7660098522167488,
        0.7068965517241379,
        0.7610837438423645,
        0.7561576354679803,
        0.7536945812807881,
        0.7512315270935961,
        0.7364532019704434,
        0.7635467980295566,
        0.7512315270935961,
        0.7241379310344828,
        0.7610837438423645,
        0.7339901477832512,
        0.7536945812807881,
        0.7364532019704434,
        0.7438423645320197,
        0.7955665024630542,
        0.7783251231527094,
        0.7561576354679803,
        0.7635467980295566,
        0.7315270935960592,
        0.7586206896551724,
        0.7512315270935961,
        0.7536945812807881,
        0.7561576354679803,
        0.7561576354679803,
        0.7487684729064039,
        0.7463054187192119,
        0.7783251231527094,
        0.7339901477832512,
        0.7463054187192119,
        0.7610837438423645,
        0.7586206896551724,
        0.7660098522167488,
        0.7389162561576355,
        0.7684729064039408,
        0.7561576354679803,
        0.7561576354679803,
        0.7438423645320197,
        0.7586206896551724,
        0.7536945812807881,
        0.770935960591133,
        0.7586206896551724,
        0.7610837438423645,
        0.7561576354679803,
        0.7733990147783252,
        0.7561576354679803,
        0.7610837438423645,
        0.7733990147783252,
        0.7931034482758621,
        0.7463054187192119,
        0.7783251231527094,
        0.7832512315270936,
        0.7684729064039408,
        0.7660098522167488,
        0.7413793103448276,
        0.7487684729064039
    ],