{
    "model": [
        "ckTIMkAN"
    ],
    "epoch": [
        0,
        1,
        2,
        3,
        4,
        5,
        6,
        7,
        8,
        9,
        10,
        11,
        12,
        13,
        14,
        15,
        16,
        17,
        18,
        19,
        20,
        21,
        22,
        23,
        24,
        25,
        26,
        27,
        28,
        29,
        30,
        31,
        32,
        33,
        34,
        35,
        36,
        37,
        38,
        39,
        40,
        41,
        42,
        43,
        44,
        45,
        46,
        47,
        48,
        49,
        50,
        51,
        52,
        53,
        54,
        55,
        56,
        57,
        58,
        59,
        60,
        61,
        62,
        63,
        64,
        65,
        66,
        67,
        68,
        69,
        70,
        71,
        72,
        73,
        74,
        75,
        76,
        77,
        78,
        79,
        80,
        81,
        82,
        83,
        84,
        85,
        86,
        87,
        88,
        89,
        90,
        91,
        92,
        93,
        94,
        95,
        96,
        97,
        98,
        99
    ],
    "loss": [
        2079.0318196614585,
        1107.7408548990886,
        821.9542948404948,
        764.1655748155382,
        707.777103000217,
        466.24571397569446,
        434.5046217176649,
        361.88263108995227,
        342.46519554985895,
        293.2512029012044,
        268.4572245279948,
        277.9182824028863,
        204.2527584499783,
        286.81836869981555,
        192.77045694986978,
        193.06379318237305,
        161.83750322129993,
        187.31104236178928,
        148.23365868462457,
        118.05228932698567,
        112.8068381415473,
        108.64409510294597,
        107.05716874864366,
        121.26622263590495,
        99.833432091607,
        110.27430004543729,
        98.96271091037326,
        113.7859255472819,
        109.7258661058214,
        100.1193733215332,
        96.24512524074979,
        78.98561308119032,
        91.45208358764648,
        84.98217222425673,
        90.08022689819336,
        86.43025928073459,
        97.18958854675293,
        90.18082279629178,
        80.0766207377116,
        84.32092624240451,
        79.50310495164659,
        76.10200966729059,
        70.73546261257596,
        81.42382706536188,
        81.35833634270563,
        69.40812598334418,
        73.67754342820909,
        69.07429207695856,
        78.59127701653375,
        66.45411618550618,
        77.94508043924968,
        67.81643973456488,
        71.57614792717828,
        71.13025389777289,
        68.24622832404242,
        74.2806527879503,
        68.79633882310655,
        74.05902353922527,
        67.02476628621419,
        65.03259807162814,
        72.23564953274197,
        72.36817105611165,
        76.10983848571777,
        73.69109280904134,
        67.75084982977972,
        63.72642347547743,
        70.67535972595215,
        74.95972972446017,
        64.6668718126085,
        71.95974646674262,
        72.29506598578558,
        64.53226386176215,
        61.158621893988716,
        76.10155169169109,
        70.20998001098633,
        72.83996370103624,
        65.05854373508029,
        63.31779522365994,
        74.71219550238715,
        62.44867833455404,
        68.41803889804416,
        67.98932690090604,
        72.39895269605849,
        63.21871333652072,
        72.07317543029785,
        67.16078800625272,
        67.62554020351834,
        65.65643501281738,
        69.54465187920465,
        66.0106332567003,
        68.42876243591309,
        69.5269112057156,
        69.22437710232205,
        68.6576902601454,
        68.29457812839084,
        65.44339370727539,
        65.56241035461426,
        64.88605626424153,
        66.87670071919759,
        66.1666899787055
    ],
    "accuracy": [
        0.210896309314587,
        0.29086115992970124,
        0.31195079086115995,
        0.3304042179261863,
        0.37697715289982425,
        0.4033391915641476,
        0.44639718804920914,
        0.4209138840070299,
        0.4305799648506151,
        0.44991212653778556,
        0.48242530755711777,
        0.47539543057996486,
        0.5298769771528998,
        0.4727592267135325,
        0.5166959578207382,
        0.5105448154657294,
        0.5289982425307557,
        0.5,
        0.5615114235500879,
        0.5861159929701231,
        0.6186291739894552,
        0.6080843585237259,
        0.6054481546572935,
        0.5676625659050967,
        0.5922671353251318,
        0.6142355008787346,
        0.6177504393673111,
        0.5966608084358523,
        0.5931458699472759,
        0.616871704745167,
        0.6098418277680141,
        0.6423550087873462,
        0.6098418277680141,
        0.6133567662565905,
        0.6133567662565905,
        0.6186291739894552,
        0.5984182776801406,
        0.6019332161687171,
        0.6353251318101933,
        0.5984182776801406,
        0.6159929701230229,
        0.6344463971880492,
        0.6660808435852372,
        0.6362038664323374,
        0.6414762741652021,
        0.664323374340949,
        0.6335676625659051,
        0.6546572934973638,
        0.6159929701230229,
        0.6695957820738138,
        0.6124780316344464,
        0.655536028119508,
        0.640597539543058,
        0.6660808435852372,
        0.6652021089630932,
        0.6344463971880492,
        0.6423550087873462,
        0.6300527240773286,
        0.6397188049209139,
        0.6660808435852372,
        0.6476274165202109,
        0.671353251318102,
        0.6212653778558875,
        0.624780316344464,
        0.663444639718805,
        0.6625659050966608,
        0.6344463971880492,
        0.6362038664323374,
        0.6652021089630932,
        0.656414762741652,
        0.6476274165202109,
        0.6625659050966608,
        0.6660808435852372,
        0.6388400702987698,
        0.640597539543058,
        0.6309314586994728,
        0.6818980667838312,
        0.6757469244288224,
        0.6318101933216169,
        0.664323374340949,
        0.6493848857644992,
        0.6590509666080844,
        0.6300527240773286,
        0.672231985940246,
        0.6493848857644992,
        0.663444639718805,
        0.6748681898066784,
        0.671353251318102,
        0.655536028119508,
        0.656414762741652,
        0.6652021089630932,
        0.6581722319859402,
        0.6467486818980668,
        0.6625659050966608,
        0.655536028119508,
        0.6616871704745168,
        0.6449912126537786,
        0.672231985940246,
        0.6739894551845342,
        0.6599297012302284
    ],