{
    "model": [
        "ckTIM"
    ],
    "epoch": [
        0,
        1,
        2,
        3,
        4,
        5,
        6,
        7,
        8,
        9,
        10,
        11,
        12,
        13,
        14,
        15,
        16,
        17,
        18,
        19,
        20,
        21,
        22,
        23,
        24,
        25,
        26,
        27,
        28,
        29,
        30,
        31,
        32,
        33,
        34,
        35,
        36,
        37,
        38,
        39,
        40,
        41,
        42,
        43,
        44,
        45,
        46,
        47,
        48,
        49,
        50,
        51,
        52,
        53,
        54,
        55,
        56,
        57,
        58,
        59,
        60,
        61,
        62,
        63,
        64,
        65,
        66,
        67,
        68,
        69,
        70,
        71,
        72,
        73,
        74,
        75,
        76,
        77,
        78,
        79,
        80,
        81,
        82,
        83,
        84,
        85,
        86,
        87,
        88,
        89,
        90,
        91,
        92,
        93,
        94,
        95,
        96,
        97,
        98,
        99
    ],
    "loss": [
        4054.365478515625,
        2558.3411690848216,
        1634.5612618582588,
        1646.6446358816963,
        1400.3214547293526,
        1151.1458391462054,
        1446.7907017299108,
        1546.7688947405134,
        1308.2535051618304,
        1116.0266810825892,
        1559.9318237304688,
        874.1316441127232,
        1348.1479230608259,
        971.3545706612723,
        724.9056396484375,
        647.7117178780692,
        674.3506426130023,
        671.9149736676898,
        572.9171665736607,
        730.0679277692523,
        752.3040989467075,
        522.453608921596,
        596.3663809640067,
        461.2559247698103,
        627.8285784040179,
        552.5929478236607,
        473.542227608817,
        449.28971208844865,
        384.16080583844865,
        456.7782679966518,
        358.56788853236606,
        453.16309901646207,
        320.6735534667969,
        401.30018833705356,
        330.6115918840681,
        358.0925619942801,
        360.2638244628906,
        354.02479553222656,
        347.54761832101,
        325.3051103864397,
        316.8394753592355,
        398.0418003627232,
        338.57769775390625,
        321.7042890276228,
        410.5117492675781,
        462.65867396763394,
        356.2027500697545,
        333.5035879952567,
        252.20666721888952,
        315.44144548688615,
        329.34924970354353,
        239.3032488141741,
        372.63816833496094,
        309.16516549246654,
        352.1859566824777,
        303.2927900041853,
        323.4213126046317,
        314.37739998953685,
        400.30774579729353,
        235.76482282366072,
        388.34569876534596,
        297.3305097307478,
        305.45071847098217,
        302.92439705984935,
        320.3492649623326,
        328.8276672363281,
        305.13179452078685,
        271.2008143833705,
        380.958251953125,
        353.67952619280135,
        288.9441441127232,
        285.15342494419644,
        288.4190194266183,
        331.58367919921875,
        270.60171290806363,
        282.41429356166293,
        290.0259682791574,
        292.9654344831194,
        313.6777103969029,
        425.7464839390346,
        294.6238490513393,
        307.56229509626115,
        257.859872000558,
        273.1898498535156,
        315.15311104910717,
        341.98119027274,
        428.65149579729353,
        300.86765834263394,
        339.11461966378346,
        331.7112056187221,
        339.75060599190846,
        271.27852521623885,
        329.4396427699498,
        355.81080409458707,
        249.22821262904577,
        307.7828260149275,
        312.52435302734375,
        289.9279087611607,
        348.7736336844308,
        284.1218784877232
    ],
    "accuracy": [
        0.15517241379310345,
        0.2019704433497537,
        0.2438423645320197,
        0.23891625615763548,
        0.229064039408867,
        0.2857142857142857,
        0.2857142857142857,
        0.28078817733990147,
        0.30049261083743845,
        0.3226600985221675,
        0.3103448275862069,
        0.3793103448275862,
        0.29802955665024633,
        0.3669950738916256,
        0.39655172413793105,
        0.42857142857142855,
        0.43103448275862066,
        0.4064039408866995,
        0.4088669950738916,
        0.39655172413793105,
        0.4088669950738916,
        0.46551724137931033,
        0.46551724137931033,
        0.5024630541871922,
        0.41625615763546797,
        0.4408866995073892,
        0.46551724137931033,
        0.4802955665024631,
        0.5394088669950738,
        0.46551724137931033,
        0.541871921182266,
        0.49261083743842365,
        0.5517241379310345,
        0.4729064039408867,
        0.5344827586206896,
        0.5369458128078818,
        0.4827586206896552,
        0.5,
        0.4975369458128079,
        0.5320197044334976,
        0.4876847290640394,
        0.4753694581280788,
        0.5541871921182266,
        0.5295566502463054,
        0.5197044334975369,
        0.4482758620689655,
        0.5221674876847291,
        0.4827586206896552,
        0.5763546798029556,
        0.5344827586206896,
        0.5492610837438424,
        0.6009852216748769,
        0.5172413793103449,
        0.5197044334975369,
        0.49261083743842365,
        0.5492610837438424,
        0.5073891625615764,
        0.5467980295566502,
        0.4827586206896552,
        0.6231527093596059,
        0.4458128078817734,
        0.5689655172413793,
        0.5591133004926109,
        0.5344827586206896,
        0.5492610837438424,
        0.5615763546798029,
        0.5197044334975369,
        0.5492610837438424,
        0.5049261083743842,
        0.5270935960591133,
        0.5492610837438424,
        0.5591133004926109,
        0.5443349753694581,
        0.49261083743842365,
        0.5443349753694581,
        0.5344827586206896,
        0.5935960591133005,
        0.5073891625615764,
        0.5246305418719212,
        0.4802955665024631,
        0.5492610837438424,
        0.5788177339901478,
        0.5394088669950738,
        0.5517241379310345,
        0.5443349753694581,
        0.5147783251231527,
        0.4408866995073892,
        0.5492610837438424,
        0.5049261083743842,
        0.5270935960591133,
        0.5246305418719212,
        0.5615763546798029,
        0.49014778325123154,
        0.5024630541871922,
        0.5517241379310345,
        0.5788177339901478,
        0.5689655172413793,
        0.5369458128078818,
        0.5541871921182266,
        0.5320197044334976
    ],