{
    "model": [
        "ckTIMkAN"
    ],
    "epoch": [],
    "loss": [
        54.811763763427734
    ],
    "accuracy": [
        0.5178571428571429
    ],
    "recall": [
        0.5178571428571429
    ],
    "precision": [
        0.512049948184402
    ],
    "f1_score": [
        0.5108968561301219
    ]
}