{
    "model": [
        "ckTIMkAN"
    ],
    "epoch": [],
    "loss": [
        99.70011138916016
    ],
    "accuracy": [
        0.625
    ],
    "recall": [
        0.625
    ],
    "precision": [
        0.649396681749623
    ],
    "f1_score": [
        0.6316277345198368
    ]
}