{
    "model": [
        "ckTIMkAN"
    ],
    "epoch": [],
    "loss": [
        38.062740325927734
    ],
    "accuracy": [
        0.5982142857142857
    ],
    "recall": [
        0.5982142857142857
    ],
    "precision": [
        0.6064019314019314
    ],
    "f1_score": [
        0.5977444223986649
    ]
}