{
    "model": [
        "ckTIMkAN"
    ],
    "epoch": [],
    "loss": [
        33.45417642593384
    ],
    "accuracy": [
        0.6089108910891089
    ],
    "recall": [
        0.6111748678251141
    ],
    "precision": [
        0.6170649456363743
    ],
    "f1_score": [
        0.610848108540157
    ]
}