{
    "model": [
        "ckTIM"
    ],
    "epoch": [
        0,
        1,
        2,
        3,
        4,
        5,
        6,
        7,
        8,
        9,
        10,
        11,
        12,
        13,
        14,
        15,
        16,
        17,
        18,
        19,
        20,
        21,
        22,
        23,
        24,
        25,
        26,
        27,
        28,
        29,
        30,
        31,
        32,
        33,
        34,
        35,
        36,
        37,
        38,
        39,
        40,
        41,
        42,
        43,
        44,
        45,
        46,
        47,
        48,
        49,
        50,
        51,
        52,
        53,
        54,
        55,
        56,
        57,
        58,
        59,
        60,
        61,
        62,
        63,
        64,
        65,
        66,
        67,
        68,
        69,
        70,
        71,
        72,
        73,
        74,
        75,
        76,
        77,
        78,
        79,
        80,
        81,
        82,
        83,
        84,
        85,
        86,
        87,
        88,
        89,
        90,
        91,
        92,
        93,
        94,
        95,
        96,
        97,
        98,
        99
    ],
    "loss": [
        2711.0093994140625,
        885.4207153320312,
        940.8927089146206,
        952.1271275111607,
        840.66455078125,
        570.8046308244977,
        598.8776070731027,
        599.9048374720982,
        434.38160923549106,
        350.50978306361606,
        425.7319553920201,
        409.22566877092635,
        423.4124189104353,
        481.5801522391183,
        515.5221208844866,
        362.95846775599887,
        335.7451477050781,
        305.8790740966797,
        233.24664960588728,
        253.6309770856585,
        292.9630889892578,
        252.7740979875837,
        259.09062630789623,
        215.74141802106584,
        191.08355058942522,
        149.68990107945032,
        160.8032466343471,
        138.20840454101562,
        166.45320783342635,
        117.67379542759487,
        162.17081015450614,
        139.22351292201452,
        153.35170527866907,
        119.18135724748883,
        145.78887721470423,
        128.98876626150948,
        110.63307516915458,
        116.68527330671039,
        131.709100995745,
        94.3433222089495,
        103.23997388567243,
        120.70038713727679,
        96.83526502336774,
        136.6981920514788,
        113.52862003871373,
        124.05380358014789,
        151.7833295549665,
        115.97646658761161,
        138.8722872052874,
        122.71694837297711,
        99.7816663469587,
        107.33903339930943,
        143.59915161132812,
        103.98196084158761,
        135.80709620884485,
        126.72783170427594,
        94.91558292933873,
        103.78333936418805,
        114.79540252685547,
        145.9692840576172,
        109.86357988630023,
        108.11747305733817,
        110.0618144444057,
        113.22454343523297,
        104.34144810267857,
        139.51433454241072,
        121.76000322614398,
        126.68618556431362,
        109.2709241594587,
        99.29667227608817,
        132.6897953578404,
        135.44124821254186,
        86.2405526297433,
        116.94957297188895,
        98.99919019426618,
        146.764644077846,
        116.80579594203404,
        109.7731432233538,
        113.81073434012276,
        102.64570944649833,
        125.87816183907645,
        101.55001613071987,
        96.84323011125836,
        107.19555010114398,
        120.30380684988839,
        111.33924974714007,
        97.66029575892857,
        121.77136339460101,
        117.3264628819057,
        110.03041621616909,
        111.52247183663505,
        120.79832458496094,
        99.62896619524274,
        120.45794677734375,
        111.21719033377511,
        114.66526467459542,
        105.62723323277065,
        118.60545894077846,
        130.49250139508928,
        113.42652457101005
    ],
    "accuracy": [
        0.16502463054187191,
        0.21674876847290642,
        0.2044334975369458,
        0.2438423645320197,
        0.22660098522167488,
        0.2660098522167488,
        0.21674876847290642,
        0.270935960591133,
        0.33004926108374383,
        0.33497536945812806,
        0.28078817733990147,
        0.30049261083743845,
        0.3694581280788177,
        0.29310344827586204,
        0.28078817733990147,
        0.3399014778325123,
        0.3103448275862069,
        0.3226600985221675,
        0.3817733990147783,
        0.35714285714285715,
        0.35714285714285715,
        0.3620689655172414,
        0.3768472906403941,
        0.3793103448275862,
        0.41133004926108374,
        0.458128078817734,
        0.4236453201970443,
        0.3866995073891626,
        0.45320197044334976,
        0.4605911330049261,
        0.41625615763546797,
        0.4408866995073892,
        0.45566502463054187,
        0.46551724137931033,
        0.4458128078817734,
        0.43842364532019706,
        0.47783251231527096,
        0.4729064039408867,
        0.4852216748768473,
        0.5221674876847291,
        0.49507389162561577,
        0.4408866995073892,
        0.4729064039408867,
        0.45320197044334976,
        0.45073891625615764,
        0.45566502463054187,
        0.3768472906403941,
        0.4802955665024631,
        0.4187192118226601,
        0.42857142857142855,
        0.47783251231527096,
        0.5049261083743842,
        0.42610837438423643,
        0.47044334975369456,
        0.4630541871921182,
        0.43103448275862066,
        0.4876847290640394,
        0.47044334975369456,
        0.458128078817734,
        0.4187192118226601,
        0.5024630541871922,
        0.45073891625615764,
        0.4802955665024631,
        0.458128078817734,
        0.4975369458128079,
        0.43842364532019706,
        0.458128078817734,
        0.43596059113300495,
        0.47044334975369456,
        0.5024630541871922,
        0.43103448275862066,
        0.4605911330049261,
        0.5369458128078818,
        0.4458128078817734,
        0.4852216748768473,
        0.41379310344827586,
        0.4433497536945813,
        0.45320197044334976,
        0.43842364532019706,
        0.4729064039408867,
        0.47044334975369456,
        0.5073891625615764,
        0.47783251231527096,
        0.49261083743842365,
        0.46551724137931033,
        0.4630541871921182,
        0.5147783251231527,
        0.4852216748768473,
        0.4605911330049261,
        0.4753694581280788,
        0.46798029556650245,
        0.46798029556650245,
        0.47783251231527096,
        0.4729064039408867,
        0.4729064039408867,
        0.4433497536945813,
        0.43842364532019706,
        0.4802955665024631,
        0.42610837438423643,
        0.46551724137931033
    ],