{
    "model": [
        "TIM"
    ],
    "epoch": [],
    "loss": [
        0.393639750564554
    ],
    "accuracy": [
        0.9107142857142857
    ],
    "recall": [
        0.9107142857142857
    ],
    "precision": [
        0.917672244336331
    ],
    "f1_score": [
        0.9105872903312403
    ],
    "inference_time_one_sample": [
        0.012
    ],
    "inference_time_tot": [
        1.342
    ]
}