{
    "model": [
        "TIM"
    ],
    "epoch": [
        0,
        1,
        2,
        3,
        4,
        5,
        6,
        7,
        8,
        9,
        10,
        11,
        12,
        13,
        14,
        15,
        16,
        17,
        18,
        19,
        20,
        21,
        22,
        23,
        24,
        25,
        26,
        27,
        28,
        29,
        30,
        31,
        32,
        33,
        34,
        35,
        36,
        37,
        38,
        39,
        40,
        41,
        42,
        43,
        44,
        45,
        46,
        47,
        48,
        49,
        50,
        51,
        52,
        53,
        54,
        55,
        56,
        57,
        58,
        59,
        60,
        61,
        62,
        63,
        64,
        65,
        66,
        67,
        68,
        69,
        70,
        71,
        72,
        73,
        74,
        75,
        76,
        77,
        78,
        79,
        80,
        81,
        82,
        83,
        84,
        85,
        86,
        87,
        88,
        89,
        90,
        91,
        92,
        93,
        94,
        95,
        96,
        97,
        98,
        99
    ],
    "loss": [
        4.264872759580612,
        1.8695725537836552,
        1.6223923973739147,
        1.4987874142825603,
        1.4169295243918896,
        1.3285450711846352,
        1.291039314121008,
        1.237683106213808,
        1.1781202554702759,
        1.1596061550080776,
        1.123594030737877,
        1.0892256051301956,
        1.0673139654099941,
        1.0361117161810398,
        1.0153217390179634,
        0.9948693364858627,
        0.9822707269340754,
        0.979082528501749,
        0.9814116526395082,
        0.9761727191507816,
        0.9618746507912874,
        0.9420919381082058,
        0.9548455849289894,
        0.9439227506518364,
        0.9427443761378527,
        0.9349819086492062,
        0.9321830999106169,
        0.9232456758618355,
        0.9069105703383684,
        0.9193833693861961,
        0.8962550070136786,
        0.8990436885505915,
        0.9041708223521709,
        0.8987905289977789,
        0.8963052313774824,
        0.9031233787536621,
        0.9098324924707413,
        0.8859863579273224,
        0.8984638024121523,
        0.8881691601127386,
        0.8845624979585409,
        0.894799193367362,
        0.8920723777264357,
        0.8972028102725744,
        0.8866586182266474,
        0.8926907181739807,
        0.8932112213224173,
        0.8964013364166021,
        0.8934734761714935,
        0.8767831157892942,
        0.8946173395961523,
        0.8853614516556263,
        0.8808983210474253,
        0.8939321395009756,
        0.8818276803940535,
        0.8910699058324099,
        0.8945634048432112,
        0.881726548075676,
        0.8804406505078077,
        0.8886177893728018,
        0.8838580325245857,
        0.8841396868228912,
        0.8804436977952719,
        0.8770702555775642,
        0.8813828341662884,
        0.8799620270729065,
        0.8839020878076553,
        0.8892692159861326,
        0.8834735471755266,
        0.8828127831220627,
        0.8956627659499645,
        0.896658755838871,
        0.8932400271296501,
        0.8831421248614788,
        0.8879295252263546,
        0.8912888821214437,
        0.8995898757129908,
        0.8799733649939299,
        0.8859060406684875,
        0.8822459578514099,
        0.8833789005875587,
        0.8819140084087849,
        0.8796221204102039,
        0.8839849196374416,
        0.8859425466507673,
        0.8785181157290936,
        0.8865449000149965,
        0.8867837842553854,
        0.8796570096164942,
        0.8893371876329184,
        0.8817524928599596,
        0.878951957449317,
        0.8906605821102858,
        0.8772730194032192,
        0.8802791573107243,
        0.8837477453052998,
        0.8857445232570171,
        0.8889477998018265,
        0.8746048100292683,
        0.8824376817792654
    ],
    "accuracy": [
        0.2600985221674877,
        0.3748768472906404,
        0.432512315270936,
        0.5029556650246305,
        0.5369458128078818,
        0.5684729064039409,
        0.5935960591133005,
        0.625615763546798,
        0.6591133004926109,
        0.6832512315270935,
        0.7064039408866996,
        0.7152709359605911,
        0.7261083743842365,
        0.7610837438423645,
        0.7719211822660098,
        0.770935960591133,
        0.7822660098522167,
        0.7886699507389162,
        0.7842364532019704,
        0.780295566502463,
        0.7980295566502463,
        0.8073891625615763,
        0.7852216748768472,
        0.803448275862069,
        0.7995073891625616,
        0.8078817733990148,
        0.812807881773399,
        0.8211822660098522,
        0.8275862068965517,
        0.8142857142857143,
        0.8379310344827586,
        0.8320197044334975,
        0.8280788177339902,
        0.8349753694581281,
        0.8339901477832512,
        0.8315270935960591,
        0.8236453201970443,
        0.8443349753694581,
        0.8241379310344827,
        0.8448275862068966,
        0.8413793103448276,
        0.8339901477832512,
        0.8374384236453202,
        0.8418719211822661,
        0.8448275862068966,
        0.8394088669950739,
        0.8379310344827586,
        0.8374384236453202,
        0.8339901477832512,
        0.8487684729064039,
        0.8379310344827586,
        0.8403940886699507,
        0.8467980295566503,
        0.8418719211822661,
        0.8605911330049261,
        0.8300492610837439,
        0.8443349753694581,
        0.8477832512315271,
        0.8384236453201971,
        0.8339901477832512,
        0.8448275862068966,
        0.8463054187192118,
        0.8379310344827586,
        0.8467980295566503,
        0.8423645320197044,
        0.8403940886699507,
        0.8359605911330049,
        0.8384236453201971,
        0.8349753694581281,
        0.8477832512315271,
        0.8359605911330049,
        0.8325123152709359,
        0.8369458128078818,
        0.8399014778325123,
        0.8334975369458129,
        0.8413793103448276,
        0.8241379310344827,
        0.8399014778325123,
        0.8389162561576354,
        0.8379310344827586,
        0.8374384236453202,
        0.8487684729064039,
        0.8428571428571429,
        0.8467980295566503,
        0.8364532019704434,
        0.8472906403940886,
        0.8399014778325123,
        0.8364532019704434,
        0.8418719211822661,
        0.8399014778325123,
        0.8472906403940886,
        0.8477832512315271,
        0.8310344827586207,
        0.8408866995073891,
        0.8527093596059113,
        0.8438423645320197,
        0.8389162561576354,
        0.8443349753694581,
        0.8477832512315271,
        0.8408866995073891
    ],