{
    "model": [
        "ckTIM"
    ],
    "epoch": [],
    "loss": [
        0.5841937363147736
    ],
    "accuracy": [
        0.9375
    ],
    "recall": [
        0.9375
    ],
    "precision": [
        0.9378851540616248
    ],
    "f1_score": [
        0.9371770702415864
    ]
}