{
    "model": [
        "ckTIM"
    ],
    "epoch": [],
    "loss": [
        0.07096262718550861
    ],
    "accuracy": [
        0.9910714285714286
    ],
    "recall": [
        0.9910714285714286
    ],
    "precision": [
        0.9915966386554622
    ],
    "f1_score": [
        0.9910627007401202
    ]
}