{
    "model": [
        "ckTIM"
    ],
    "epoch": [
        0,
        1,
        2,
        3,
        4,
        5,
        6,
        7,
        8,
        9,
        10,
        11,
        12,
        13,
        14,
        15,
        16,
        17,
        18,
        19,
        20,
        21,
        22,
        23,
        24,
        25,
        26,
        27,
        28,
        29,
        30,
        31,
        32,
        33,
        34,
        35,
        36,
        37,
        38,
        39,
        40,
        41,
        42,
        43,
        44,
        45,
        46,
        47,
        48,
        49,
        50,
        51,
        52,
        53,
        54,
        55,
        56,
        57,
        58,
        59,
        60,
        61,
        62,
        63,
        64,
        65,
        66,
        67,
        68,
        69,
        70,
        71,
        72,
        73,
        74,
        75,
        76,
        77,
        78,
        79,
        80,
        81,
        82,
        83,
        84,
        85,
        86,
        87,
        88,
        89,
        90,
        91,
        92,
        93,
        94,
        95,
        96,
        97,
        98,
        99
    ],
    "loss": [
        3024.2771186828613,
        1350.6090869903564,
        1135.6445655822754,
        1062.7789306640625,
        851.7534084320068,
        837.6598148345947,
        666.4465827941895,
        629.6867847442627,
        543.5643072128296,
        373.08132314682007,
        341.42895126342773,
        330.4731731414795,
        295.60721015930176,
        299.1616654396057,
        263.63991689682007,
        205.59500122070312,
        157.06484198570251,
        144.9706974029541,
        160.69266533851624,
        133.38516306877136,
        117.96533560752869,
        96.09241437911987,
        84.35347485542297,
        80.18800508975983,
        67.99919438362122,
        58.51488924026489,
        50.82104289531708,
        48.63119101524353,
        38.53782385587692,
        35.74283176660538,
        32.53465074300766,
        29.191292345523834,
        24.674861550331116,
        21.631881803274155,
        20.387638211250305,
        17.836644142866135,
        17.17909938097,
        16.098463863134384,
        15.304302364587784,
        13.315914809703827,
        13.908392608165741,
        13.70193350315094,
        12.352010071277618,
        12.201716303825378,
        11.670308113098145,
        11.39472845196724,
        10.156732976436615,
        10.211971580982208,
        10.133079409599304,
        9.77426740527153,
        9.37763087451458,
        8.353340059518814,
        8.623360559344292,
        8.431916192173958,
        8.075534731149673,
        7.917232230305672,
        7.558674082159996,
        7.501793280243874,
        7.135770753026009,
        7.119999080896378,
        7.374870598316193,
        6.517753258347511,
        6.672394618391991,
        6.274870663881302,
        6.6248084753751755,
        6.205139607191086,
        5.908505387604237,
        5.718412011861801,
        5.723603039979935,
        5.711106687784195,
        5.642336413264275,
        5.265513718128204,
        5.470144972205162,
        5.044834665954113,
        5.045436345040798,
        5.066740199923515,
        5.010351173579693,
        4.642439030110836,
        4.653269283473492,
        4.348394900560379,
        4.448301263153553,
        4.370495498180389,
        4.476209707558155,
        4.471064604818821,
        4.263712488114834,
        4.247281514108181,
        4.194752775132656,
        4.184852294623852,
        4.0277112647891045,
        4.185521423816681,
        4.064373083412647,
        4.131503582000732,
        4.022178068757057,
        4.010723248124123,
        4.065683603286743,
        4.122200042009354,
        3.98520215600729,
        4.078358039259911,
        4.02530537545681,
        3.9519580975174904
    ],
    "accuracy": [
        0.2541871921182266,
        0.3443349753694581,
        0.39655172413793105,
        0.4147783251231527,
        0.41576354679802957,
        0.43004926108374386,
        0.4798029556650246,
        0.4566502463054187,
        0.49852216748768474,
        0.551231527093596,
        0.548768472906404,
        0.5408866995073892,
        0.545320197044335,
        0.5344827586206896,
        0.5571428571428572,
        0.5886699507389163,
        0.641871921182266,
        0.6261083743842365,
        0.5729064039408867,
        0.6137931034482759,
        0.6024630541871921,
        0.645320197044335,
        0.6640394088669951,
        0.6438423645320197,
        0.6522167487684729,
        0.6660098522167488,
        0.674384236453202,
        0.6600985221674877,
        0.6817733990147783,
        0.670935960591133,
        0.6862068965517242,
        0.6738916256157635,
        0.6650246305418719,
        0.6926108374384237,
        0.6793103448275862,
        0.6911330049261084,
        0.680295566502463,
        0.6935960591133005,
        0.6842364532019705,
        0.716256157635468,
        0.6916256157635468,
        0.6881773399014778,
        0.6995073891625616,
        0.6886699507389162,
        0.7044334975369458,
        0.6832512315270935,
        0.7078817733990148,
        0.6995073891625616,
        0.6995073891625616,
        0.7014778325123153,
        0.7177339901477833,
        0.7142857142857143,
        0.723152709359606,
        0.725615763546798,
        0.7280788177339902,
        0.723152709359606,
        0.7216748768472906,
        0.7177339901477833,
        0.732512315270936,
        0.7201970443349753,
        0.719704433497537,
        0.7310344827586207,
        0.725615763546798,
        0.7359605911330049,
        0.7295566502463054,
        0.7394088669950739,
        0.7285714285714285,
        0.738423645320197,
        0.741871921182266,
        0.7339901477832512,
        0.7497536945812808,
        0.7467980295566502,
        0.738423645320197,
        0.7458128078817734,
        0.7339901477832512,
        0.7270935960591133,
        0.7364532019704434,
        0.7433497536945812,
        0.7487684729064039,
        0.7665024630541872,
        0.7586206896551724,
        0.7591133004926108,
        0.7561576354679803,
        0.7689655172413793,
        0.7719211822660098,
        0.765024630541872,
        0.7655172413793103,
        0.7729064039408867,
        0.7783251231527094,
        0.7719211822660098,
        0.7733990147783252,
        0.765024630541872,
        0.7704433497536946,
        0.7783251231527094,
        0.7699507389162562,
        0.7733990147783252,
        0.7911330049261084,
        0.7748768472906404,
        0.7645320197044335,
        0.7753694581280788
    ],