{
    "model": [
        "CkTIM"
    ],
    "epoch": [
        0,
        1,
        2,
        3,
        4,
        5,
        6,
        7,
        8,
        9,
        10,
        11,
        12,
        13,
        14,
        15,
        16,
        17,
        18,
        19,
        20,
        21,
        22,
        23,
        24,
        25,
        26,
        27,
        28,
        29,
        30,
        31,
        32,
        33,
        34,
        35,
        36,
        37,
        38,
        39,
        40,
        41,
        42,
        43,
        44,
        45,
        46,
        47,
        48,
        49,
        50,
        51,
        52,
        53,
        54,
        55,
        56,
        57,
        58,
        59,
        60,
        61,
        62,
        63,
        64,
        65,
        66,
        67,
        68,
        69,
        70,
        71,
        72,
        73,
        74,
        75,
        76,
        77,
        78,
        79,
        80,
        81,
        82,
        83,
        84,
        85,
        86,
        87,
        88,
        89,
        90,
        91,
        92,
        93,
        94,
        95,
        96,
        97,
        98,
        99
    ],
    "loss": [
        7796.993194580078,
        534.3512983322144,
        205.8376908302307,
        129.47416925430298,
        97.44467186927795,
        74.66901981830597,
        45.190484285354614,
        43.67416000366211,
        24.350416243076324,
        19.204064160585403,
        16.331628650426865,
        13.98407244682312,
        11.361139684915543,
        9.2685357183218,
        7.739334300160408,
        6.886734813451767,
        6.0158382803201675,
        5.208716616034508,
        4.610887214541435,
        4.283651806414127,
        3.840230606496334,
        3.691175729036331,
        3.266974776983261,
        3.2310883700847626,
        2.9061956852674484,
        2.594675675034523,
        2.52793325483799,
        2.4724953807890415,
        2.223288968205452,
        2.1850253455340862,
        2.183996092528105,
        2.0095227621495724,
        1.9575359113514423,
        1.8145166411995888,
        1.8342680782079697,
        1.7097777239978313,
        1.6146308295428753,
        1.6070824824273586,
        1.5472903475165367,
        1.5234362334012985,
        1.4878417067229748,
        1.4566616602241993,
        1.3979820162057877,
        1.3186024650931358,
        1.2714671306312084,
        1.226673536002636,
        1.2560569494962692,
        1.234545510262251,
        1.2149753756821156,
        1.206296056509018,
        1.2072476502507925,
        1.183453656733036,
        1.2197112441062927,
        1.2151675671339035,
        1.1502532437443733,
        1.1372577510774136,
        1.1543524917215109,
        1.1637449599802494,
        1.15651511028409,
        1.1661601327359676,
        1.1692280359566212,
        1.160104801878333,
        1.1331718973815441,
        1.0992171373218298,
        1.0755415335297585,
        1.0850445050746202,
        1.1086094565689564,
        1.0827542338520288,
        1.1118666846305132,
        1.0615584794431925,
        1.107910206541419,
        1.1038798969238997,
        1.0748579762876034,
        1.0706206820905209,
        1.0873597338795662,
        1.0602619349956512,
        1.072129726409912,
        1.0995159801095724,
        1.0994274746626616,
        1.0784277990460396,
        1.0889402069151402,
        1.0693332441151142,
        1.0673900749534369,
        1.082548750564456,
        1.063136849552393,
        1.0604373272508383,
        1.122771181166172,
        1.0943524409085512,
        1.0959337539970875,
        1.0849108565598726,
        1.0851400047540665,
        1.07918612472713,
        1.075167901813984,
        1.0685304813086987,
        1.0606973208487034,
        1.0642997436225414,
        1.0873053818941116,
        1.0876191277056932,
        1.07870576903224,
        1.0955578163266182
    ],
    "accuracy": [
        0.26995073891625615,
        0.4211822660098522,
        0.5044334975369458,
        0.5206896551724138,
        0.5270935960591133,
        0.5206896551724138,
        0.5758620689655173,
        0.5458128078817734,
        0.6137931034482759,
        0.6113300492610837,
        0.5866995073891625,
        0.6014778325123152,
        0.6024630541871921,
        0.6128078817733991,
        0.6221674876847291,
        0.6177339901477833,
        0.6433497536945813,
        0.6532019704433497,
        0.6487684729064039,
        0.6512315270935961,
        0.6561576354679803,
        0.6679802955665025,
        0.6674876847290641,
        0.6798029556650246,
        0.68128078817734,
        0.6842364532019705,
        0.6901477832512315,
        0.6817733990147783,
        0.7182266009852217,
        0.6995073891625616,
        0.6940886699507389,
        0.7142857142857143,
        0.7029556650246306,
        0.7236453201970443,
        0.7078817733990148,
        0.729064039408867,
        0.7374384236453202,
        0.7344827586206897,
        0.7502463054187192,
        0.7487684729064039,
        0.7369458128078817,
        0.7487684729064039,
        0.7413793103448276,
        0.7738916256157635,
        0.7753694581280788,
        0.7896551724137931,
        0.7827586206896552,
        0.7857142857142857,
        0.8004926108374384,
        0.7965517241379311,
        0.7916256157635468,
        0.8,
        0.7906403940886699,
        0.7881773399014779,
        0.7985221674876847,
        0.8088669950738916,
        0.8073891625615763,
        0.7940886699507389,
        0.8009852216748768,
        0.8019704433497536,
        0.7975369458128079,
        0.8,
        0.8083743842364532,
        0.819704433497537,
        0.8137931034482758,
        0.8246305418719212,
        0.8049261083743843,
        0.816256157635468,
        0.8113300492610838,
        0.8137931034482758,
        0.8137931034482758,
        0.8137931034482758,
        0.8157635467980295,
        0.8157635467980295,
        0.8206896551724138,
        0.8270935960591133,
        0.8192118226600985,
        0.8068965517241379,
        0.8064039408866995,
        0.8192118226600985,
        0.812807881773399,
        0.8211822660098522,
        0.8295566502463054,
        0.8113300492610838,
        0.822167487684729,
        0.8305418719211822,
        0.8059113300492611,
        0.8231527093596059,
        0.8123152709359606,
        0.8113300492610838,
        0.8172413793103448,
        0.819704433497537,
        0.819704433497537,
        0.8152709359605911,
        0.8226600985221675,
        0.822167487684729,
        0.819704433497537,
        0.8167487684729065,
        0.8236453201970443,
        0.8068965517241379
    ],