{
    "model": [
        "CkTIM"
    ],
    "epoch": [],
    "loss": [
        75.51087237773183
    ],
    "accuracy": [
        0.45535714285714285
    ],
    "recall": [
        0.45535714285714285
    ],
    "precision": [
        0.4819125688552933
    ],
    "f1_score": [
        0.45972511325298776
    ],
    "inference_time_one_sample": [
        0.205
    ],
    "inference_time_tot": [
        22.996
    ],
    "trainable_parameters": [
        262578
    ]
}