{
    "model": [
        "CkTIM"
    ],
    "epoch": [
        0,
        1,
        2,
        3,
        4,
        5,
        6,
        7,
        8,
        9,
        10,
        11,
        12,
        13,
        14,
        15,
        16,
        17,
        18,
        19,
        20,
        21,
        22,
        23,
        24,
        25,
        26,
        27,
        28,
        29,
        30,
        31,
        32,
        33,
        34,
        35,
        36,
        37,
        38,
        39,
        40,
        41,
        42,
        43,
        44,
        45,
        46,
        47,
        48,
        49,
        50,
        51,
        52,
        53,
        54,
        55,
        56,
        57,
        58,
        59,
        60,
        61,
        62,
        63,
        64,
        65,
        66,
        67,
        68,
        69,
        70,
        71,
        72,
        73,
        74,
        75,
        76,
        77,
        78,
        79,
        80,
        81,
        82,
        83,
        84,
        85,
        86,
        87,
        88,
        89,
        90,
        91,
        92,
        93,
        94,
        95,
        96,
        97,
        98,
        99
    ],
    "loss": [
        2655.6749441964284,
        1214.0614188058037,
        956.3476998465402,
        731.0031389508929,
        718.5591169084821,
        619.0221557617188,
        598.9450552804129,
        511.5375671386719,
        511.7984924316406,
        537.53078351702,
        498.639892578125,
        442.91197422572543,
        394.1461922781808,
        394.4908447265625,
        407.10327584402904,
        365.5015171595982,
        364.1825256347656,
        392.60321044921875,
        291.3094940185547,
        322.3647896902902,
        415.9568568638393,
        295.85726492745533,
        268.03648594447543,
        300.3739318847656,
        241.750980922154,
        263.02286420549666,
        269.47152056012834,
        286.67308262416293,
        234.77556937081474,
        244.1924591064453,
        222.1955849783761,
        241.2023206438337,
        254.631596156529,
        263.4485386439732,
        233.44787815638952,
        225.35770089285714,
        238.9186030796596,
        224.85962132045202,
        262.9166913713728,
        221.8631373814174,
        285.7986384800502,
        254.36219133649553,
        222.3674033028739,
        235.32675170898438,
        259.2784336635045,
        223.5518580845424,
        230.80945478166853,
        221.0392848423549,
        193.6835675920759,
        216.22420174734933,
        204.0910927908761,
        210.58751787458147,
        250.1605464390346,
        198.08285522460938,
        218.3824462890625,
        215.30975777762276,
        246.8569837297712,
        202.75074550083704,
        209.67483738490515,
        207.845707484654,
        198.88292367117745,
        201.68256051199776,
        219.25506591796875,
        199.26375688825334,
        209.1122807094029,
        194.2430180140904,
        217.7130606515067,
        216.65963745117188,
        181.15680367606026,
        186.0933380126953,
        207.89568655831474,
        216.30101449148995,
        208.79534476143974,
        186.1042960030692,
        197.1509791782924,
        210.06348310198103,
        234.06397792271204,
        236.5798623221261,
        207.77833339146204,
        201.96831403459822,
        201.93810163225447,
        200.8563711983817,
        227.96864318847656,
        215.0237317766462,
        249.51488167898995,
        192.80760192871094,
        202.88480050223214,
        209.35048348563058,
        220.37398420061385,
        209.40525817871094,
        260.2613612583705,
        194.38849312918526,
        212.22586495535714,
        203.9042750767299,
        197.2070792061942,
        258.05277143205916,
        235.33836364746094,
        238.21570696149553,
        206.8686763218471,
        230.32564871651786
    ],
    "accuracy": [
        0.17980295566502463,
        0.18472906403940886,
        0.23399014778325122,
        0.22413793103448276,
        0.20935960591133004,
        0.27832512315270935,
        0.2438423645320197,
        0.29064039408866993,
        0.30049261083743845,
        0.3078817733990148,
        0.2832512315270936,
        0.31773399014778325,
        0.32019704433497537,
        0.33004926108374383,
        0.30295566502463056,
        0.33497536945812806,
        0.3497536945812808,
        0.3768472906403941,
        0.3842364532019704,
        0.37438423645320196,
        0.31773399014778325,
        0.35960591133004927,
        0.3768472906403941,
        0.3472906403940887,
        0.43103448275862066,
        0.4014778325123153,
        0.3891625615763547,
        0.3694581280788177,
        0.41379310344827586,
        0.4211822660098522,
        0.3866995073891626,
        0.4039408866995074,
        0.3916256157635468,
        0.3817733990147783,
        0.41379310344827586,
        0.3793103448275862,
        0.42610837438423643,
        0.41379310344827586,
        0.35960591133004927,
        0.3817733990147783,
        0.37438423645320196,
        0.3793103448275862,
        0.41379310344827586,
        0.43103448275862066,
        0.4088669950738916,
        0.4039408866995074,
        0.4088669950738916,
        0.4433497536945813,
        0.4482758620689655,
        0.3842364532019704,
        0.41133004926108374,
        0.45320197044334976,
        0.4088669950738916,
        0.45073891625615764,
        0.4039408866995074,
        0.45566502463054187,
        0.3916256157635468,
        0.4211822660098522,
        0.4088669950738916,
        0.41133004926108374,
        0.43349753694581283,
        0.4433497536945813,
        0.4088669950738916,
        0.45073891625615764,
        0.43596059113300495,
        0.4630541871921182,
        0.41379310344827586,
        0.43349753694581283,
        0.4482758620689655,
        0.4187192118226601,
        0.4433497536945813,
        0.43349753694581283,
        0.4236453201970443,
        0.4039408866995074,
        0.4064039408866995,
        0.4039408866995074,
        0.37438423645320196,
        0.42610837438423643,
        0.45320197044334976,
        0.43349753694581283,
        0.4458128078817734,
        0.4729064039408867,
        0.3793103448275862,
        0.4408866995073892,
        0.42857142857142855,
        0.41625615763546797,
        0.4433497536945813,
        0.4014778325123153,
        0.3817733990147783,
        0.45320197044334976,
        0.41625615763546797,
        0.45073891625615764,
        0.4458128078817734,
        0.4014778325123153,
        0.4458128078817734,
        0.37192118226600984,
        0.3866995073891626,
        0.3842364532019704,
        0.4236453201970443,
        0.43842364532019706
    ],