{
    "model": [
        "TIM"
    ],
    "epoch": [
        0,
        1,
        2,
        3,
        4,
        5,
        6,
        7,
        8,
        9,
        10,
        11,
        12,
        13,
        14,
        15,
        16,
        17,
        18,
        19,
        20,
        21,
        22,
        23,
        24,
        25,
        26,
        27,
        28,
        29,
        30,
        31,
        32,
        33,
        34,
        35,
        36,
        37,
        38,
        39,
        40,
        41,
        42,
        43,
        44,
        45,
        46,
        47,
        48,
        49,
        50,
        51,
        52,
        53,
        54,
        55,
        56,
        57,
        58,
        59,
        60,
        61,
        62,
        63,
        64,
        65,
        66,
        67,
        68,
        69,
        70,
        71,
        72,
        73,
        74,
        75,
        76,
        77,
        78,
        79,
        80,
        81,
        82,
        83,
        84,
        85,
        86,
        87,
        88,
        89,
        90,
        91,
        92,
        93,
        94,
        95,
        96,
        97,
        98,
        99
    ],
    "loss": [
        8.698100634983607,
        4.004874978746686,
        2.5170764923095703,
        1.8050217458180018,
        1.8389612095696586,
        1.6405403443745203,
        1.6299781799316406,
        1.5778296845299857,
        1.5419058459145683,
        1.534907272883824,
        1.4696717432567052,
        1.4566349642617362,
        1.4300628730228968,
        1.4139158385140556,
        1.4024021114621843,
        1.3406872579029627,
        1.3233081953866142,
        1.30380722454616,
        1.2740647622517176,
        1.257336003439767,
        1.2573591300419398,
        1.2472517830984933,
        1.2533958639417375,
        1.2361256224768502,
        1.2294536488396781,
        1.2248387336730957,
        1.2260586363928658,
        1.2241182838167464,
        1.225027050290789,
        1.1926467078072684,
        1.1927979673658098,
        1.1776082856314523,
        1.1857367072786604,
        1.1691574539457048,
        1.1790347269603185,
        1.1625572272709437,
        1.1576619488852364,
        1.1836330209459578,
        1.1790785108293806,
        1.158754859651838,
        1.1538112333842687,
        1.1554310662405831,
        1.184055975505284,
        1.1619443723133631,
        1.1540162222726005,
        1.1613379546574183,
        1.1545782089233398,
        1.1674998487745012,
        1.1613906111036028,
        1.1570628029959542,
        1.1851249081747872,
        1.1514647177287511,
        1.1733288764953613,
        1.1674439225878035,
        1.151905621801104,
        1.1851760149002075,
        1.1838718823024206,
        1.1399895804268974,
        1.1532112189701624,
        1.156837957245963,
        1.1661864008222307,
        1.151303802217756,
        1.1608842951910836,
        1.1494412592479162,
        1.1463782446725028,
        1.1612903731209892,
        1.1669207641056605,
        1.1680187838418143,
        1.1557613270623344,
        1.1531903914042883,
        1.1754231452941895,
        1.1588099343436105,
        1.1651290314538139,
        1.16750134740557,
        1.1377558878489904,
        1.1571045432771956,
        1.1821809666497367,
        1.145249877657209,
        1.1863421882901872,
        1.1695113692964827,
        1.1526015315737044,
        1.1549890892846244,
        1.1466784477233887,
        1.1548340490886144,
        1.147287470953805,
        1.1742214475359236,
        1.1586425815309798,
        1.1894497871398926,
        1.159218430519104,
        1.1627460377556937,
        1.143784659249442,
        1.1545914581843786,
        1.164008617401123,
        1.1522879941122872,
        1.16921831880297,
        1.1426160165241785,
        1.1742683819362096,
        1.1659158979143416,
        1.1636924573353358,
        1.1542435203279768
    ],
    "accuracy": [
        0.19950738916256158,
        0.24630541871921183,
        0.2512315270935961,
        0.29310344827586204,
        0.30049261083743845,
        0.4064039408866995,
        0.4064039408866995,
        0.43103448275862066,
        0.45073891625615764,
        0.4852216748768473,
        0.5246305418719212,
        0.5246305418719212,
        0.5369458128078818,
        0.5492610837438424,
        0.5344827586206896,
        0.5665024630541872,
        0.5935960591133005,
        0.6157635467980296,
        0.6182266009852216,
        0.603448275862069,
        0.6403940886699507,
        0.6009852216748769,
        0.6330049261083743,
        0.6403940886699507,
        0.6305418719211823,
        0.6527093596059114,
        0.6379310344827587,
        0.6477832512315271,
        0.6379310344827587,
        0.6650246305418719,
        0.6527093596059114,
        0.6625615763546798,
        0.6502463054187192,
        0.6699507389162561,
        0.6428571428571429,
        0.6921182266009852,
        0.6970443349753694,
        0.6674876847290641,
        0.6896551724137931,
        0.6773399014778325,
        0.6921182266009852,
        0.6822660098522167,
        0.6477832512315271,
        0.6551724137931034,
        0.6847290640394089,
        0.6847290640394089,
        0.6773399014778325,
        0.6773399014778325,
        0.6724137931034483,
        0.6724137931034483,
        0.6847290640394089,
        0.6822660098522167,
        0.6724137931034483,
        0.6650246305418719,
        0.6995073891625616,
        0.6699507389162561,
        0.6576354679802956,
        0.6724137931034483,
        0.7019704433497537,
        0.6945812807881774,
        0.6674876847290641,
        0.6600985221674877,
        0.6674876847290641,
        0.6847290640394089,
        0.6699507389162561,
        0.7019704433497537,
        0.6625615763546798,
        0.6650246305418719,
        0.6699507389162561,
        0.6576354679802956,
        0.6724137931034483,
        0.6724137931034483,
        0.6921182266009852,
        0.6995073891625616,
        0.6847290640394089,
        0.6699507389162561,
        0.6798029556650246,
        0.687192118226601,
        0.6600985221674877,
        0.6699507389162561,
        0.7044334975369458,
        0.6600985221674877,
        0.6699507389162561,
        0.6847290640394089,
        0.6847290640394089,
        0.6847290640394089,
        0.6403940886699507,
        0.6576354679802956,
        0.6773399014778325,
        0.6477832512315271,
        0.6773399014778325,
        0.6995073891625616,
        0.6600985221674877,
        0.6699507389162561,
        0.6995073891625616,
        0.6724137931034483,
        0.6650246305418719,
        0.6773399014778325,
        0.6798029556650246,
        0.6896551724137931
    ],