{
    "model": [
        "CkTIM"
    ],
    "epoch": [
        0,
        1,
        2,
        3,
        4,
        5,
        6,
        7,
        8,
        9,
        10,
        11,
        12,
        13,
        14,
        15,
        16,
        17,
        18,
        19,
        20,
        21,
        22,
        23,
        24,
        25,
        26,
        27,
        28,
        29,
        30,
        31,
        32,
        33,
        34,
        35,
        36,
        37,
        38,
        39,
        40,
        41,
        42,
        43,
        44,
        45,
        46,
        47,
        48,
        49,
        50,
        51,
        52,
        53,
        54,
        55,
        56,
        57,
        58,
        59,
        60,
        61,
        62,
        63,
        64,
        65,
        66,
        67,
        68,
        69,
        70,
        71,
        72,
        73,
        74,
        75,
        76,
        77,
        78,
        79,
        80,
        81,
        82,
        83,
        84,
        85,
        86,
        87,
        88,
        89,
        90,
        91,
        92,
        93,
        94,
        95,
        96,
        97,
        98,
        99
    ],
    "loss": [
        1018.295148577009,
        544.6526532854352,
        462.57525634765625,
        374.28540693010603,
        460.5635550362723,
        382.97228567940846,
        300.6652352469308,
        305.3163037981306,
        312.0264238630022,
        258.0035858154297,
        324.63910130092074,
        265.83598763602123,
        270.6352800641741,
        221.18949018205916,
        171.24988446916853,
        243.71847098214286,
        186.14060756138392,
        185.32733808244978,
        166.43975176130022,
        177.1775185721261,
        197.14423261369978,
        201.90801348005022,
        191.36415318080358,
        176.7134519304548,
        128.89193180629186,
        165.44493430001395,
        146.21472821916853,
        151.84145028250558,
        184.7306900024414,
        124.34742736816406,
        171.19566127232142,
        148.66922869001115,
        144.2331532069615,
        126.65014321463448,
        139.78223310198103,
        126.31892504010882,
        108.70941162109375,
        150.36891283307756,
        149.54101780482702,
        131.84041813441686,
        146.64893341064453,
        142.75765446254186,
        136.6484887259347,
        123.89109802246094,
        111.01067788260323,
        135.17493002755302,
        112.63336290631976,
        112.32341984340123,
        109.48110089983258,
        143.34974888392858,
        125.55874524797711,
        143.42156546456474,
        132.86495971679688,
        133.5382581438337,
        129.833863394601,
        141.6808122907366,
        145.16747283935547,
        109.10809762137276,
        127.61141640799386,
        160.09519740513392,
        114.36446162632534,
        131.3532943725586,
        136.13911328996932,
        133.94708251953125,
        175.36401149204798,
        134.38598959786552,
        146.3526872907366,
        153.5145983014788,
        152.70828683035714,
        98.2440425327846,
        146.08442578996932,
        136.8368628365653,
        153.3938435145787,
        133.4085235595703,
        123.92291586739677,
        142.56894465855189,
        152.45673370361328,
        109.94352722167969,
        145.13307298932756,
        136.57506343296595,
        116.13099016462054,
        128.58511352539062,
        130.00101470947266,
        155.57590266636439,
        105.52365221296039,
        123.95069994245257,
        148.67747388567244,
        154.95115770612443,
        95.78200476510185,
        126.31997353690011,
        149.95145307268416,
        126.4081061226981,
        139.1489039829799,
        150.97403499058314,
        140.64029148646765,
        142.98803383963448,
        163.27280752999442,
        123.82638331821987,
        133.01293618338448,
        126.03241402762276
    ],
    "accuracy": [
        0.16748768472906403,
        0.19950738916256158,
        0.1330049261083744,
        0.15517241379310345,
        0.20935960591133004,
        0.1921182266009852,
        0.17733990147783252,
        0.20935960591133004,
        0.18472906403940886,
        0.2536945812807882,
        0.2315270935960591,
        0.22660098522167488,
        0.26108374384236455,
        0.22660098522167488,
        0.24630541871921183,
        0.23645320197044334,
        0.2413793103448276,
        0.29064039408866993,
        0.2733990147783251,
        0.21921182266009853,
        0.229064039408867,
        0.22167487684729065,
        0.2660098522167488,
        0.23891625615763548,
        0.30295566502463056,
        0.31527093596059114,
        0.25862068965517243,
        0.2660098522167488,
        0.29064039408866993,
        0.312807881773399,
        0.29064039408866993,
        0.30049261083743845,
        0.26354679802955666,
        0.26108374384236455,
        0.2881773399014778,
        0.31773399014778325,
        0.31773399014778325,
        0.27586206896551724,
        0.2536945812807882,
        0.2857142857142857,
        0.3103448275862069,
        0.29064039408866993,
        0.2857142857142857,
        0.26354679802955666,
        0.2881773399014778,
        0.2733990147783251,
        0.26108374384236455,
        0.3399014778325123,
        0.31527093596059114,
        0.26108374384236455,
        0.2733990147783251,
        0.26108374384236455,
        0.2857142857142857,
        0.2733990147783251,
        0.2660098522167488,
        0.2315270935960591,
        0.2660098522167488,
        0.3226600985221675,
        0.27586206896551724,
        0.25862068965517243,
        0.2832512315270936,
        0.27832512315270935,
        0.26354679802955666,
        0.2881773399014778,
        0.25862068965517243,
        0.27832512315270935,
        0.24876847290640394,
        0.26108374384236455,
        0.2561576354679803,
        0.31527093596059114,
        0.23891625615763548,
        0.27586206896551724,
        0.2881773399014778,
        0.30049261083743845,
        0.27586206896551724,
        0.2955665024630542,
        0.23891625615763548,
        0.2733990147783251,
        0.24630541871921183,
        0.2438423645320197,
        0.229064039408867,
        0.312807881773399,
        0.25862068965517243,
        0.24630541871921183,
        0.28078817733990147,
        0.2438423645320197,
        0.23891625615763548,
        0.270935960591133,
        0.31527093596059114,
        0.2955665024630542,
        0.2733990147783251,
        0.27586206896551724,
        0.229064039408867,
        0.2438423645320197,
        0.312807881773399,
        0.29802955665024633,
        0.229064039408867,
        0.28078817733990147,
        0.2733990147783251,
        0.3078817733990148
    ],