{
    "model": [
        "CkTIM"
    ],
    "epoch": [
        0,
        1,
        2,
        3,
        4,
        5,
        6,
        7,
        8,
        9,
        10,
        11,
        12,
        13,
        14,
        15,
        16,
        17,
        18,
        19,
        20,
        21,
        22,
        23,
        24,
        25,
        26,
        27,
        28,
        29,
        30,
        31,
        32,
        33,
        34,
        35,
        36,
        37,
        38,
        39,
        40,
        41,
        42,
        43,
        44,
        45,
        46,
        47,
        48,
        49,
        50,
        51,
        52,
        53,
        54,
        55,
        56,
        57,
        58,
        59,
        60,
        61,
        62,
        63,
        64,
        65,
        66,
        67,
        68,
        69,
        70,
        71,
        72,
        73,
        74,
        75,
        76,
        77,
        78,
        79,
        80,
        81,
        82,
        83,
        84,
        85,
        86,
        87,
        88,
        89,
        90,
        91,
        92,
        93,
        94,
        95,
        96,
        97,
        98,
        99
    ],
    "loss": [
        6141.340471540178,
        2751.838623046875,
        1098.9598475864955,
        768.5791713169643,
        396.312264578683,
        271.43714032854353,
        226.98276846749442,
        166.175297328404,
        132.83133043561662,
        162.08982849121094,
        126.5052261352539,
        121.11797659737724,
        100.65503256661552,
        75.73829868861607,
        75.81086839948382,
        57.08152607509068,
        56.39866147722517,
        43.17973709106445,
        53.72527095249721,
        53.445217677525115,
        47.36171395438058,
        51.7930417742048,
        41.502274649483816,
        37.49375016348703,
        29.41971070425851,
        25.74325098310198,
        23.4464054107666,
        21.31111635480608,
        22.18617398398263,
        22.03887448992048,
        22.24076053074428,
        21.885046822684153,
        19.390452248709543,
        22.477645056588308,
        22.489055224827357,
        19.67126410348075,
        19.187898090907506,
        20.822675432477677,
        19.167479378836497,
        20.156721387590682,
        19.400482995169504,
        18.68027687072754,
        16.046234267098562,
        16.358039447239467,
        16.93823664528983,
        15.776783261980329,
        16.219872065952845,
        16.188761029924667,
        15.240593910217285,
        16.233565875462123,
        14.666395596095494,
        15.303607668195452,
        16.1906247820173,
        14.921007428850446,
        15.84107712336949,
        12.972410746983119,
        16.04601056235177,
        15.03333568572998,
        14.709556307111468,
        13.95214217049735,
        13.221262114388603,
        14.702410561697823,
        14.922231129237584,
        14.003144536699567,
        13.866921152387347,
        13.805193492344447,
        14.188706806727819,
        13.637623105730329,
        12.680350167410714,
        13.635670116969518,
        16.19948809487479,
        14.116696902683803,
        13.8526063646589,
        13.06060014452253,
        13.993822506495885,
        14.76877852848598,
        14.10972799573626,
        13.67341136932373,
        13.745246478489467,
        13.013098171779088,
        12.715579305376325,
        12.674886567252022,
        12.795043809073311,
        14.044370651245117,
        13.920800754002162,
        13.902532713753837,
        14.087142263139997,
        14.187392779758998,
        13.635374886648995,
        14.051139286586217,
        12.997722898210798,
        15.992079053606306,
        13.117816652570452,
        12.996028763907296,
        13.38749177115304,
        13.742967878069196,
        12.769801548549108,
        12.923636163984026,
        13.254803248814174,
        13.019871575491768
    ],
    "accuracy": [
        0.17733990147783252,
        0.21182266009852216,
        0.35960591133004927,
        0.35960591133004927,
        0.39901477832512317,
        0.3916256157635468,
        0.45320197044334976,
        0.4975369458128079,
        0.5073891625615764,
        0.47783251231527096,
        0.46798029556650245,
        0.5246305418719212,
        0.5714285714285714,
        0.5886699507389163,
        0.5467980295566502,
        0.5985221674876847,
        0.6059113300492611,
        0.6280788177339901,
        0.5665024630541872,
        0.5295566502463054,
        0.5541871921182266,
        0.5443349753694581,
        0.5960591133004927,
        0.5985221674876847,
        0.6527093596059114,
        0.6773399014778325,
        0.6945812807881774,
        0.6970443349753694,
        0.6798029556650246,
        0.6773399014778325,
        0.7044334975369458,
        0.6847290640394089,
        0.6970443349753694,
        0.6305418719211823,
        0.6748768472906403,
        0.6650246305418719,
        0.6724137931034483,
        0.6650246305418719,
        0.6773399014778325,
        0.6502463054187192,
        0.6822660098522167,
        0.6699507389162561,
        0.7192118226600985,
        0.7093596059113301,
        0.7167487684729064,
        0.6970443349753694,
        0.7167487684729064,
        0.6921182266009852,
        0.729064039408867,
        0.7019704433497537,
        0.7142857142857143,
        0.7093596059113301,
        0.6748768472906403,
        0.7044334975369458,
        0.7068965517241379,
        0.7487684729064039,
        0.7167487684729064,
        0.6945812807881774,
        0.6970443349753694,
        0.7216748768472906,
        0.7389162561576355,
        0.6995073891625616,
        0.7068965517241379,
        0.729064039408867,
        0.7216748768472906,
        0.7364532019704434,
        0.729064039408867,
        0.7142857142857143,
        0.7463054187192119,
        0.7660098522167488,
        0.6674876847290641,
        0.6945812807881774,
        0.7216748768472906,
        0.7413793103448276,
        0.729064039408867,
        0.6822660098522167,
        0.7142857142857143,
        0.729064039408867,
        0.7093596059113301,
        0.7241379310344828,
        0.7586206896551724,
        0.7610837438423645,
        0.7266009852216748,
        0.7463054187192119,
        0.7364532019704434,
        0.7413793103448276,
        0.7068965517241379,
        0.7266009852216748,
        0.7266009852216748,
        0.729064039408867,
        0.7610837438423645,
        0.6847290640394089,
        0.7389162561576355,
        0.7463054187192119,
        0.7463054187192119,
        0.7586206896551724,
        0.7487684729064039,
        0.7487684729064039,
        0.7364532019704434,
        0.729064039408867
    ],