{
    "model": [
        "CkTIM"
    ],
    "epoch": [
        0,
        1,
        2,
        3,
        4,
        5,
        6,
        7,
        8,
        9,
        10,
        11,
        12,
        13,
        14,
        15,
        16,
        17,
        18,
        19,
        20,
        21,
        22,
        23,
        24,
        25,
        26,
        27,
        28,
        29,
        30,
        31,
        32,
        33,
        34,
        35,
        36,
        37,
        38,
        39,
        40,
        41,
        42,
        43,
        44,
        45,
        46,
        47,
        48,
        49,
        50,
        51,
        52,
        53,
        54,
        55,
        56,
        57,
        58,
        59,
        60,
        61,
        62,
        63,
        64,
        65,
        66,
        67,
        68,
        69,
        70,
        71,
        72,
        73,
        74,
        75,
        76,
        77,
        78,
        79,
        80,
        81,
        82,
        83,
        84,
        85,
        86,
        87,
        88,
        89,
        90,
        91,
        92,
        93,
        94,
        95,
        96,
        97,
        98,
        99
    ],
    "loss": [
        948.1553780691964,
        521.4695216587612,
        385.39068603515625,
        399.7733633858817,
        424.42626953125,
        328.6356985909598,
        342.5756138392857,
        295.6851479666574,
        239.0800519670759,
        267.85311453683033,
        272.55861118861606,
        258.51795741489957,
        223.70020403180803,
        183.4585418701172,
        185.55565752301897,
        234.87208993094308,
        143.4255360194615,
        163.81055559430803,
        103.31493050711495,
        129.6992552621024,
        125.95954895019531,
        105.72752816336495,
        100.14328874860492,
        126.33052825927734,
        103.53931100027901,
        105.01299067905971,
        91.37817655290876,
        74.36321422031948,
        100.33496529715401,
        87.44847651890346,
        85.32312938145229,
        57.189995356968474,
        88.1142714364188,
        68.3036139351981,
        66.51866640363421,
        64.10722187587193,
        58.54348809378488,
        62.7256829398019,
        69.36471666608539,
        76.66839490618024,
        67.75921303885323,
        61.13791002546038,
        56.52335739135742,
        54.99996430533273,
        60.62151663643973,
        63.27284404209682,
        60.405793871198384,
        58.60268129621233,
        72.71265029907227,
        63.06301171439035,
        54.48817934308733,
        63.19027165004185,
        53.67582975115095,
        56.50689370291574,
        49.89143426077707,
        52.30334145682199,
        49.86190250941685,
        54.157069614955354,
        43.54074478149414,
        42.11825343540737,
        58.98244258335659,
        53.892299107142854,
        58.99432645525251,
        54.61170850481306,
        54.48845618111746,
        45.00697381155832,
        46.77576501028879,
        49.04289736066546,
        42.123540605817524,
        54.79406411307199,
        48.13459941319057,
        57.56237956455776,
        41.140468052455354,
        48.84780829293387,
        44.90482030596052,
        48.15688814435686,
        51.58712114606585,
        43.25791386195591,
        55.18761771065848,
        40.56873457772391,
        45.482592718941824,
        50.33687700544085,
        49.01584134783064,
        51.36391122000558,
        45.91354642595564,
        38.90969385419573,
        57.45717021397182,
        52.48853029523577,
        41.5064879826137,
        40.60288565499442,
        45.40686471121652,
        59.12155260358538,
        35.659929275512695,
        52.833463941301616,
        47.72480910164969,
        38.211862564086914,
        37.52917044503348,
        55.12997545514788,
        48.10025269644601,
        45.05156217302595
    ],
    "accuracy": [
        0.15024630541871922,
        0.1896551724137931,
        0.23645320197044334,
        0.22413793103448276,
        0.24876847290640394,
        0.2536945812807882,
        0.21428571428571427,
        0.23891625615763548,
        0.23645320197044334,
        0.2832512315270936,
        0.27832512315270935,
        0.2413793103448276,
        0.30049261083743845,
        0.27832512315270935,
        0.27832512315270935,
        0.23399014778325122,
        0.3645320197044335,
        0.33251231527093594,
        0.3768472906403941,
        0.3645320197044335,
        0.29310344827586204,
        0.4039408866995074,
        0.3472906403940887,
        0.2733990147783251,
        0.34236453201970446,
        0.39655172413793105,
        0.3645320197044335,
        0.39655172413793105,
        0.3374384236453202,
        0.33004926108374383,
        0.34236453201970446,
        0.4187192118226601,
        0.3472906403940887,
        0.4039408866995074,
        0.3645320197044335,
        0.4187192118226601,
        0.4088669950738916,
        0.37438423645320196,
        0.3768472906403941,
        0.3620689655172414,
        0.39901477832512317,
        0.37438423645320196,
        0.4014778325123153,
        0.39901477832512317,
        0.41133004926108374,
        0.3448275862068966,
        0.3768472906403941,
        0.4064039408866995,
        0.3275862068965517,
        0.3817733990147783,
        0.3916256157635468,
        0.3793103448275862,
        0.39901477832512317,
        0.4211822660098522,
        0.41625615763546797,
        0.4187192118226601,
        0.4236453201970443,
        0.41625615763546797,
        0.39901477832512317,
        0.4408866995073892,
        0.3768472906403941,
        0.37192118226600984,
        0.3645320197044335,
        0.39901477832512317,
        0.33251231527093594,
        0.4088669950738916,
        0.4482758620689655,
        0.43103448275862066,
        0.42857142857142855,
        0.3620689655172414,
        0.4064039408866995,
        0.35714285714285715,
        0.45320197044334976,
        0.39901477832512317,
        0.3916256157635468,
        0.3842364532019704,
        0.41379310344827586,
        0.458128078817734,
        0.3645320197044335,
        0.4187192118226601,
        0.39901477832512317,
        0.4187192118226601,
        0.4236453201970443,
        0.37192118226600984,
        0.4753694581280788,
        0.4088669950738916,
        0.3645320197044335,
        0.37192118226600984,
        0.45566502463054187,
        0.42610837438423643,
        0.4236453201970443,
        0.35960591133004927,
        0.458128078817734,
        0.3891625615763547,
        0.4187192118226601,
        0.47044334975369456,
        0.4605911330049261,
        0.3768472906403941,
        0.4014778325123153,
        0.4088669950738916
    ],