{
    "model": [
        "CkTIM"
    ],
    "epoch": [
        0,
        1,
        2,
        3,
        4,
        5,
        6,
        7,
        8,
        9,
        10,
        11,
        12,
        13,
        14,
        15,
        16,
        17,
        18,
        19,
        20,
        21,
        22,
        23,
        24,
        25,
        26,
        27,
        28,
        29,
        30,
        31,
        32,
        33,
        34,
        35,
        36,
        37,
        38,
        39,
        40,
        41,
        42,
        43,
        44,
        45,
        46,
        47,
        48,
        49,
        50,
        51,
        52,
        53,
        54,
        55,
        56,
        57,
        58,
        59,
        60,
        61,
        62,
        63,
        64,
        65,
        66,
        67,
        68,
        69,
        70,
        71,
        72,
        73,
        74,
        75,
        76,
        77,
        78,
        79,
        80,
        81,
        82,
        83,
        84,
        85,
        86,
        87,
        88,
        89,
        90,
        91,
        92,
        93,
        94,
        95,
        96,
        97,
        98,
        99
    ],
    "loss": [
        11055.729749891492,
        1286.7604064941406,
        478.8500688340929,
        277.84661695692273,
        218.2077891031901,
        148.78379821777344,
        134.49440807766385,
        132.16840913560657,
        94.2225570678711,
        85.05030653211806,
        66.36322678460016,
        50.32099045647515,
        39.2344847785102,
        38.57260428534614,
        35.478979428609215,
        39.196371184455025,
        29.83280160692003,
        22.508549796210396,
        20.88316281636556,
        17.13433625962999,
        15.395275751749674,
        13.367478317684597,
        12.800816535949707,
        10.676995833714804,
        11.061836825476753,
        10.771417087978786,
        9.82672749625312,
        8.70206814342075,
        8.311317072974312,
        7.7025190989176435,
        7.136838277180989,
        6.852435482872857,
        7.098023017247518,
        6.148995399475098,
        5.523603081703186,
        5.61944858233134,
        5.4905327161153155,
        5.462000025643243,
        4.8742843468983965,
        4.675689472092523,
        4.883036070399815,
        4.683760894669427,
        4.0306815836164684,
        3.86162891652849,
        3.727350778049893,
        3.784578561782837,
        3.343285732799106,
        3.388492080900404,
        3.267347574234009,
        3.0596107641855874,
        3.089466280407376,
        3.1771666738722057,
        2.780879351827833,
        2.8398285574383206,
        2.6688904232449002,
        2.662389212184482,
        2.5137598315874734,
        2.445730686187744,
        2.557540456453959,
        2.3936338358455234,
        2.392651763227251,
        2.3929871320724487,
        2.2294900284873114,
        2.138852337996165,
        2.098681012789408,
        2.0554489427142673,
        2.0375760992368064,
        1.978126929865943,
        1.977753414048089,
        1.88858081234826,
        1.8144890202416315,
        1.8659005496237013,
        1.768977787759569,
        1.7654884457588196,
        1.6655361586146884,
        1.6428037815623813,
        1.6738304363356695,
        1.5674358672565885,
        1.5232949256896973,
        1.4983369641833835,
        1.612033360534244,
        1.4820929169654846,
        1.5420455137888591,
        1.4413485593265958,
        1.4628830684555902,
        1.4157679941919115,
        1.5305260949664645,
        1.3981382383240595,
        1.2787284387482538,
        1.3701109290122986,
        1.365847733285692,
        1.2857195536295574,
        1.3158167799313862,
        1.2425390515062544,
        1.205229467815823,
        1.211417555809021,
        1.2052681181165907,
        1.2245640688472323,
        1.2113791108131409,
        1.1337695585356817
    ],
    "accuracy": [
        0.22671353251318102,
        0.3224956063268893,
        0.4349736379613357,
        0.46748681898066785,
        0.48154657293497366,
        0.5307557117750439,
        0.5140597539543058,
        0.5219683655536028,
        0.5553602811950791,
        0.5509666080843585,
        0.5826010544815465,
        0.5931458699472759,
        0.6256590509666081,
        0.5852372583479789,
        0.5984182776801406,
        0.5413005272407733,
        0.6124780316344464,
        0.6115992970123023,
        0.616871704745167,
        0.6370826010544816,
        0.6511423550087874,
        0.656414762741652,
        0.6449912126537786,
        0.6854130052724078,
        0.6537785588752196,
        0.655536028119508,
        0.6362038664323374,
        0.6678383128295254,
        0.6652021089630932,
        0.6572934973637962,
        0.6739894551845342,
        0.695079086115993,
        0.6537785588752196,
        0.6985940246045694,
        0.7100175746924429,
        0.6906854130052724,
        0.6810193321616872,
        0.6924428822495606,
        0.6933216168717048,
        0.7047451669595782,
        0.6854130052724078,
        0.6898066783831283,
        0.6836555360281195,
        0.7311072056239016,
        0.7319859402460457,
        0.7311072056239016,
        0.7170474516695958,
        0.7346221441124781,
        0.7442882249560633,
        0.7223198594024605,
        0.7337434094903339,
        0.7504393673110721,
        0.7557117750439367,
        0.7495606326889279,
        0.7451669595782073,
        0.7381370826010545,
        0.781195079086116,
        0.7504393673110721,
        0.7601054481546573,
        0.7460456942003515,
        0.7583479789103691,
        0.7337434094903339,
        0.7530755711775043,
        0.7785588752196837,
        0.7671353251318102,
        0.7671353251318102,
        0.7750439367311072,
        0.7618629173989455,
        0.7706502636203867,
        0.7697715289982425,
        0.773286467486819,
        0.7592267135325131,
        0.7820738137082601,
        0.7838312829525483,
        0.7724077328646749,
        0.79701230228471,
        0.7882249560632689,
        0.8005272407732865,
        0.8101933216168717,
        0.7899824253075571,
        0.7926186291739895,
        0.8093145869947276,
        0.7952548330404218,
        0.8251318101933216,
        0.7855887521968365,
        0.7864674868189807,
        0.8075571177504394,
        0.8005272407732865,
        0.827768014059754,
        0.7873462214411248,
        0.8216168717047452,
        0.8172231985940246,
        0.8224956063268892,
        0.8268892794376098,
        0.8427065026362038,
        0.8233743409490334,
        0.8321616871704746,
        0.8189806678383128,
        0.8321616871704746,
        0.8391915641476274
    ],