{
    "model": [
        "TIM"
    ],
    "epoch": [],
    "loss": [
        0.63194252339937
    ],
    "accuracy": [
        0.8482142857142857
    ],
    "recall": [
        0.8482142857142857
    ],
    "precision": [
        0.8535518053375196
    ],
    "f1_score": [
        0.8461509573014185
    ],
    "inference_time_one_sample": [
        0.008
    ],
    "inference_time_tot": [
        0.944
    ],
    "trainable_parameters": [
        79222
    ]
}