{
    "model": [
        "TIM"
    ],
    "epoch": [
        0,
        1,
        2,
        3,
        4,
        5,
        6,
        7,
        8,
        9,
        10,
        11,
        12,
        13,
        14,
        15,
        16,
        17,
        18,
        19,
        20,
        21,
        22,
        23,
        24,
        25,
        26,
        27,
        28,
        29,
        30,
        31,
        32,
        33,
        34,
        35,
        36,
        37,
        38,
        39,
        40,
        41,
        42,
        43,
        44,
        45,
        46,
        47,
        48,
        49,
        50,
        51,
        52,
        53,
        54,
        55,
        56,
        57,
        58,
        59,
        60,
        61,
        62,
        63,
        64,
        65,
        66,
        67,
        68,
        69,
        70,
        71,
        72,
        73,
        74,
        75,
        76,
        77,
        78,
        79,
        80,
        81,
        82,
        83,
        84,
        85,
        86,
        87,
        88,
        89,
        90,
        91,
        92,
        93,
        94,
        95,
        96,
        97,
        98,
        99
    ],
    "loss": [
        18.974372591291154,
        6.566791806902204,
        3.2145653792790005,
        2.240574734551566,
        1.872660415513175,
        1.5229554346629552,
        1.4800678150994437,
        1.4358683143343245,
        1.3901325464248657,
        1.3519377197538103,
        1.335961835724967,
        1.2734475646700179,
        1.2415782042912074,
        1.2164202247347151,
        1.1978699820382255,
        1.1736094440732683,
        1.164208003452846,
        1.1747062035969325,
        1.1526204177311488,
        1.152014000075204,
        1.0901925904410226,
        1.0915820598602295,
        1.069580112184797,
        1.0908467429024833,
        1.1710190773010254,
        1.1778421572276525,
        1.1400070020130701,
        1.0488171662603105,
        1.0277807797704424,
        1.0016571709087916,
        0.9736217430659703,
        0.9644810557365417,
        0.9560307349477496,
        0.9590279289654323,
        0.9576206803321838,
        0.9235948749950954,
        0.9242315207208905,
        0.9575746144567218,
        0.9368623495101929,
        0.9086851137025016,
        0.9073074204581124,
        0.924985545022147,
        0.9196070177214486,
        0.9142178297042847,
        0.913908098425184,
        0.909020551613399,
        0.936315519469125,
        0.8936266813959394,
        0.9606145450047084,
        0.9138968586921692,
        0.9206017936979022,
        0.908260098525456,
        0.9143666880471366,
        0.9086682030132839,
        0.9316915188516889,
        0.9182390570640564,
        0.9215189644268581,
        0.8892958930560521,
        0.8852467622075763,
        0.9034458994865417,
        0.9132069860185895,
        0.9267604265894208,
        0.9145205020904541,
        0.9219918421336583,
        0.906478762626648,
        0.9065675054277692,
        0.926192147391183,
        0.9017334750720433,
        0.9105255603790283,
        0.9113527366093227,
        0.9232648270470756,
        0.8979724390166146,
        0.9041222078459603,
        0.9006264550345284,
        0.8957883375031608,
        0.8880291751452855,
        0.9315254603113446,
        0.9088670015335083,
        0.8838345578738621,
        0.906532210963113,
        0.9153525318418231,
        0.905249399798257,
        0.9215978809765407,
        0.9373852866036552,
        0.9291877405984061,
        0.9083346043314252,
        0.9239789588110787,
        0.922179673399244,
        0.9087020329066685,
        0.9025891848972866,
        0.8912698796817234,
        0.8782672882080078,
        0.9233376468930926,
        0.9094929780278888,
        0.9137814811297825,
        0.8810418503625053,
        0.9090601205825806,
        0.927080580166408,
        0.9148199387959072,
        0.9087335297039577
    ],
    "accuracy": [
        0.1748768472906404,
        0.23891625615763548,
        0.30295566502463056,
        0.33251231527093594,
        0.42857142857142855,
        0.45566502463054187,
        0.49014778325123154,
        0.49261083743842365,
        0.5443349753694581,
        0.5665024630541872,
        0.603448275862069,
        0.6231527093596059,
        0.6133004926108374,
        0.6428571428571429,
        0.6625615763546798,
        0.6527093596059114,
        0.6822660098522167,
        0.6896551724137931,
        0.687192118226601,
        0.6773399014778325,
        0.7093596059113301,
        0.7118226600985221,
        0.729064039408867,
        0.7266009852216748,
        0.6945812807881774,
        0.6773399014778325,
        0.6847290640394089,
        0.7438423645320197,
        0.7561576354679803,
        0.7487684729064039,
        0.7857142857142857,
        0.7906403940886699,
        0.812807881773399,
        0.7807881773399015,
        0.8201970443349754,
        0.8201970443349754,
        0.8177339901477833,
        0.8078817733990148,
        0.8103448275862069,
        0.8300492610837439,
        0.8201970443349754,
        0.8325123152709359,
        0.8103448275862069,
        0.8399014778325123,
        0.8325123152709359,
        0.8325123152709359,
        0.8399014778325123,
        0.854679802955665,
        0.8251231527093597,
        0.8201970443349754,
        0.8152709359605911,
        0.8177339901477833,
        0.8300492610837439,
        0.8275862068965517,
        0.8251231527093597,
        0.8325123152709359,
        0.8078817733990148,
        0.8423645320197044,
        0.8448275862068966,
        0.8325123152709359,
        0.8251231527093597,
        0.8325123152709359,
        0.8275862068965517,
        0.8325123152709359,
        0.8374384236453202,
        0.8399014778325123,
        0.8029556650246306,
        0.8275862068965517,
        0.8325123152709359,
        0.8251231527093597,
        0.8325123152709359,
        0.8325123152709359,
        0.8497536945812808,
        0.8349753694581281,
        0.8103448275862069,
        0.8448275862068966,
        0.8251231527093597,
        0.8325123152709359,
        0.8448275862068966,
        0.8152709359605911,
        0.8374384236453202,
        0.8201970443349754,
        0.8275862068965517,
        0.8325123152709359,
        0.8325123152709359,
        0.8374384236453202,
        0.8103448275862069,
        0.7980295566502463,
        0.8423645320197044,
        0.8201970443349754,
        0.8374384236453202,
        0.8472906403940886,
        0.8226600985221675,
        0.8325123152709359,
        0.8226600985221675,
        0.8448275862068966,
        0.8399014778325123,
        0.8275862068965517,
        0.8275862068965517,
        0.8448275862068966
    ],