{
    "model": [
        "TIM"
    ],
    "epoch": [],
    "loss": [
        0.37750764191150665
    ],
    "accuracy": [
        0.9196428571428571
    ],
    "recall": [
        0.9196428571428571
    ],
    "precision": [
        0.9249032946511938
    ],
    "f1_score": [
        0.9199651708190608
    ]
}