{
    "model": [
        "TIM"
    ],
    "epoch": [],
    "loss": [
        0.38944293558597565
    ],
    "accuracy": [
        0.9107142857142857
    ],
    "recall": [
        0.9107142857142857
    ],
    "precision": [
        0.917672244336331
    ],
    "f1_score": [
        0.9105872903312403
    ]
}