{
    "model": [
        "CkTIM"
    ],
    "epoch": [],
    "loss": [
        1.8109270984882286
    ],
    "accuracy": [
        0.8482142857142857
    ],
    "recall": [
        0.8482142857142857
    ],
    "precision": [
        0.8469195370455874
    ],
    "f1_score": [
        0.8451390901188062
    ],
    "inference_time_one_sample": [
        0.211
    ],
    "inference_time_tot": [
        23.641
    ],
    "trainable_parameters": [
        1805668
    ]
}