{
    "model": [
        "CkTIM"
    ],
    "epoch": [
        0,
        1,
        2,
        3,
        4,
        5,
        6,
        7,
        8,
        9,
        10,
        11,
        12,
        13,
        14,
        15,
        16,
        17,
        18,
        19,
        20,
        21,
        22,
        23,
        24,
        25,
        26,
        27,
        28,
        29,
        30,
        31,
        32,
        33,
        34,
        35,
        36,
        37,
        38,
        39,
        40,
        41,
        42,
        43,
        44,
        45,
        46,
        47,
        48,
        49,
        50,
        51,
        52,
        53,
        54,
        55,
        56,
        57,
        58,
        59,
        60,
        61,
        62,
        63,
        64,
        65,
        66,
        67,
        68,
        69,
        70,
        71,
        72,
        73,
        74,
        75,
        76,
        77,
        78,
        79,
        80,
        81,
        82,
        83,
        84,
        85,
        86,
        87,
        88,
        89,
        90,
        91,
        92,
        93,
        94,
        95,
        96,
        97,
        98,
        99
    ],
    "loss": [
        11286.386160714286,
        3334.8084542410716,
        789.8230329241071,
        491.9478541782924,
        313.2922145298549,
        198.56712995256697,
        150.2456774030413,
        120.18697575160435,
        94.22242191859654,
        69.00248990740094,
        63.443350655691965,
        53.36945833478655,
        50.51747512817383,
        50.93870108468192,
        43.65785598754883,
        39.505606515066965,
        37.453980037144255,
        36.10119220188686,
        28.225888388497488,
        24.099092755998885,
        20.263482230050222,
        18.391277858189174,
        18.496761322021484,
        17.407443864004954,
        14.32028089250837,
        14.688335827418737,
        13.265677179609026,
        11.52552706854684,
        10.319650990622383,
        10.709836414882115,
        11.196155411856514,
        10.485389845711845,
        10.046473026275635,
        9.34482410975865,
        8.855417660304479,
        9.507974828992571,
        7.660863263266427,
        7.62078401020595,
        5.873227664402553,
        6.9883623123168945,
        6.691977432795933,
        6.294948509761265,
        6.338536875588553,
        5.668792281832014,
        5.279870986938477,
        4.821380172457014,
        5.1061897959027975,
        4.685562678745815,
        4.63648567880903,
        4.711334841591971,
        5.001318250383649,
        4.841652870178223,
        4.282889366149902,
        4.444366795676095,
        4.248148373195103,
        4.12278733934675,
        4.111124651772635,
        4.161925281797137,
        4.761883395058768,
        4.153704132352557,
        4.0421600341796875,
        4.528593472072056,
        4.004413604736328,
        4.02563088280814,
        4.031493391309466,
        3.779563937868391,
        4.405081953321185,
        3.500247137887137,
        4.040186643600464,
        4.363738877432687,
        4.395358085632324,
        4.219737189156668,
        3.9429236820765903,
        4.306451593126569,
        3.7224957602364674,
        4.209845747266497,
        4.530420916421073,
        4.070498841149466,
        3.6579784665788924,
        4.010269846235003,
        4.15406448500497,
        4.462425300053188,
        3.96486691066197,
        4.490077563694546,
        4.013401167733329,
        4.158540044512067,
        3.9202736105237688,
        4.382655279976981,
        4.142948763711112,
        3.6468323298863004,
        4.06452430997576,
        4.087411642074585,
        3.875629425048828,
        4.599940027509417,
        3.9734363555908203,
        3.932897159031459,
        4.167192459106445,
        4.123412030083792,
        3.9171453544071744,
        4.218066760471889
    ],
    "accuracy": [
        0.14039408866995073,
        0.23399014778325122,
        0.3916256157635468,
        0.4236453201970443,
        0.43103448275862066,
        0.5,
        0.5221674876847291,
        0.5221674876847291,
        0.5394088669950738,
        0.5763546798029556,
        0.5640394088669951,
        0.5665024630541872,
        0.5862068965517241,
        0.5714285714285714,
        0.5886699507389163,
        0.6379310344827587,
        0.6009852216748769,
        0.5886699507389163,
        0.6108374384236454,
        0.6896551724137931,
        0.6921182266009852,
        0.687192118226601,
        0.6798029556650246,
        0.6699507389162561,
        0.7019704433497537,
        0.6773399014778325,
        0.6625615763546798,
        0.6921182266009852,
        0.6995073891625616,
        0.6773399014778325,
        0.6576354679802956,
        0.6576354679802956,
        0.6477832512315271,
        0.6724137931034483,
        0.6625615763546798,
        0.6403940886699507,
        0.7118226600985221,
        0.6822660098522167,
        0.7216748768472906,
        0.7068965517241379,
        0.7068965517241379,
        0.6625615763546798,
        0.6822660098522167,
        0.6773399014778325,
        0.7315270935960592,
        0.7463054187192119,
        0.7167487684729064,
        0.7660098522167488,
        0.7364532019704434,
        0.7216748768472906,
        0.7315270935960592,
        0.7512315270935961,
        0.7266009852216748,
        0.7906403940886699,
        0.7241379310344828,
        0.7586206896551724,
        0.7635467980295566,
        0.7561576354679803,
        0.7389162561576355,
        0.7758620689655172,
        0.770935960591133,
        0.7586206896551724,
        0.7684729064039408,
        0.7758620689655172,
        0.7733990147783252,
        0.7881773399014779,
        0.7684729064039408,
        0.8374384236453202,
        0.7487684729064039,
        0.7463054187192119,
        0.7438423645320197,
        0.7487684729064039,
        0.770935960591133,
        0.7660098522167488,
        0.7980295566502463,
        0.7610837438423645,
        0.7389162561576355,
        0.7783251231527094,
        0.8078817733990148,
        0.7512315270935961,
        0.7906403940886699,
        0.7093596059113301,
        0.7832512315270936,
        0.7167487684729064,
        0.7536945812807881,
        0.7610837438423645,
        0.7881773399014779,
        0.7783251231527094,
        0.7487684729064039,
        0.8078817733990148,
        0.7684729064039408,
        0.7586206896551724,
        0.7463054187192119,
        0.7315270935960592,
        0.7857142857142857,
        0.7906403940886699,
        0.7536945812807881,
        0.7487684729064039,
        0.7684729064039408,
        0.7561576354679803
    ],