{
    "model": [
        "CkTIM"
    ],
    "epoch": [
        0,
        1,
        2,
        3,
        4,
        5,
        6,
        7,
        8,
        9,
        10,
        11,
        12,
        13,
        14,
        15,
        16,
        17,
        18,
        19,
        20,
        21,
        22,
        23,
        24,
        25,
        26,
        27,
        28,
        29,
        30,
        31,
        32,
        33,
        34,
        35,
        36,
        37,
        38,
        39,
        40,
        41,
        42,
        43,
        44,
        45,
        46,
        47,
        48,
        49,
        50,
        51,
        52,
        53,
        54,
        55,
        56,
        57,
        58,
        59,
        60,
        61,
        62,
        63,
        64,
        65,
        66,
        67,
        68,
        69,
        70,
        71,
        72,
        73,
        74,
        75,
        76,
        77,
        78,
        79,
        80,
        81,
        82,
        83,
        84,
        85,
        86,
        87,
        88,
        89,
        90,
        91,
        92,
        93,
        94,
        95,
        96,
        97,
        98,
        99
    ],
    "loss": [
        3681.82763671875,
        1202.4172101702009,
        940.6007167271206,
        732.0420793805804,
        822.8907121930804,
        778.1156703404018,
        741.7073582240513,
        639.1306413922991,
        631.7003391810825,
        574.6219177246094,
        604.229248046875,
        547.0469709123884,
        605.4237932477679,
        442.75601632254467,
        435.2927551269531,
        466.3338143484933,
        440.2304382324219,
        407.7990068708147,
        347.78013610839844,
        338.1336233956473,
        316.8023158482143,
        415.09167916434154,
        416.5973161969866,
        328.9872305733817,
        315.6685703822545,
        340.0195007324219,
        235.34842790876115,
        211.9735347202846,
        211.5369099208287,
        217.59794398716517,
        210.38669913155692,
        189.68675667898995,
        220.40618896484375,
        233.7039838518415,
        224.01558794294084,
        196.13576180594308,
        237.88037109375,
        196.33220563616072,
        257.96488080705916,
        233.05732945033483,
        179.6964852469308,
        217.89369637625558,
        205.5846906389509,
        179.606440952846,
        194.52793666294642,
        196.60696411132812,
        169.1236114501953,
        179.90904671805245,
        186.06221880231584,
        176.21061052594865,
        173.75256565638952,
        182.66101728166853,
        178.29930114746094,
        181.86533682686942,
        183.9122794015067,
        191.78406851632255,
        176.56878008161272,
        187.92620413643974,
        190.65511648995536,
        178.42540849958147,
        147.1409149169922,
        183.7311771937779,
        181.86027090890067,
        178.32301548549108,
        196.60070582798548,
        170.84200831821985,
        201.0399213518415,
        156.39105660574776,
        146.5672345842634,
        168.15056610107422,
        162.3882075718471,
        193.26243373325892,
        180.97746930803572,
        178.42483738490515,
        164.05137852260046,
        168.5296369280134,
        176.60510471888952,
        180.52020263671875,
        200.09480176653182,
        179.67200796944755,
        195.8235342843192,
        188.39393506731307,
        182.24627249581474,
        157.3221915108817,
        183.74979509626115,
        167.39163643973214,
        173.10957990373885,
        179.46485246930803,
        157.8870108468192,
        183.78635733468192,
        181.39207022530692,
        165.2963605608259,
        206.5524422781808,
        171.87478637695312,
        171.8155964442662,
        167.54771859305245,
        177.36441476004464,
        173.08767591203963,
        171.97136579241072,
        185.6820547921317
    ],
    "accuracy": [
        0.16502463054187191,
        0.22660098522167488,
        0.270935960591133,
        0.3103448275862069,
        0.3399014778325123,
        0.33497536945812806,
        0.39655172413793105,
        0.3645320197044335,
        0.3891625615763547,
        0.3817733990147783,
        0.41133004926108374,
        0.3768472906403941,
        0.45320197044334976,
        0.4187192118226601,
        0.43349753694581283,
        0.4482758620689655,
        0.45566502463054187,
        0.4482758620689655,
        0.4827586206896552,
        0.5,
        0.5221674876847291,
        0.4802955665024631,
        0.45073891625615764,
        0.49507389162561577,
        0.4975369458128079,
        0.4852216748768473,
        0.5788177339901478,
        0.6305418719211823,
        0.583743842364532,
        0.5911330049261084,
        0.583743842364532,
        0.6133004926108374,
        0.5738916256157636,
        0.5615763546798029,
        0.5960591133004927,
        0.5738916256157636,
        0.5492610837438424,
        0.6059113300492611,
        0.5640394088669951,
        0.5541871921182266,
        0.6009852216748769,
        0.6009852216748769,
        0.5763546798029556,
        0.5911330049261084,
        0.5886699507389163,
        0.583743842364532,
        0.6133004926108374,
        0.6477832512315271,
        0.6059113300492611,
        0.5935960591133005,
        0.6527093596059114,
        0.6157635467980296,
        0.583743842364532,
        0.603448275862069,
        0.6157635467980296,
        0.6305418719211823,
        0.5738916256157636,
        0.6009852216748769,
        0.5517241379310345,
        0.5960591133004927,
        0.6674876847290641,
        0.5763546798029556,
        0.6009852216748769,
        0.6182266009852216,
        0.5911330049261084,
        0.6133004926108374,
        0.5665024630541872,
        0.6280788177339901,
        0.6650246305418719,
        0.6108374384236454,
        0.6798029556650246,
        0.583743842364532,
        0.6009852216748769,
        0.5935960591133005,
        0.6330049261083743,
        0.6379310344827587,
        0.6108374384236454,
        0.6133004926108374,
        0.5886699507389163,
        0.6083743842364532,
        0.5862068965517241,
        0.5738916256157636,
        0.6133004926108374,
        0.6354679802955665,
        0.6133004926108374,
        0.6280788177339901,
        0.6157635467980296,
        0.5960591133004927,
        0.6330049261083743,
        0.5911330049261084,
        0.6059113300492611,
        0.6576354679802956,
        0.5467980295566502,
        0.603448275862069,
        0.6305418719211823,
        0.6231527093596059,
        0.6280788177339901,
        0.6403940886699507,
        0.6403940886699507,
        0.6083743842364532
    ],