{
    "model": [
        "CkTIM"
    ],
    "epoch": [
        0,
        1,
        2,
        3,
        4,
        5,
        6,
        7,
        8,
        9,
        10,
        11,
        12,
        13,
        14,
        15,
        16,
        17,
        18,
        19,
        20,
        21,
        22,
        23,
        24,
        25,
        26,
        27,
        28,
        29,
        30,
        31,
        32,
        33,
        34,
        35,
        36,
        37,
        38,
        39,
        40,
        41,
        42,
        43,
        44,
        45,
        46,
        47,
        48,
        49,
        50,
        51,
        52,
        53,
        54,
        55,
        56,
        57,
        58,
        59,
        60,
        61,
        62,
        63,
        64,
        65,
        66,
        67,
        68,
        69,
        70,
        71,
        72,
        73,
        74,
        75,
        76,
        77,
        78,
        79,
        80,
        81,
        82,
        83,
        84,
        85,
        86,
        87,
        88,
        89,
        90,
        91,
        92,
        93,
        94,
        95,
        96,
        97,
        98,
        99
    ],
    "loss": [
        5707.521407726199,
        1206.038717580396,
        898.4984372161156,
        717.9127850199854,
        574.6375377566316,
        495.7328860260719,
        470.7062363735465,
        392.48414611816406,
        375.98589023323945,
        322.51978887513627,
        289.4581288182458,
        256.89168175985645,
        248.49851031636084,
        252.00966768486555,
        253.76495716183683,
        199.31074133584664,
        178.32698733307595,
        168.26752241267715,
        152.2772200828375,
        158.60535093795423,
        137.60592757823855,
        128.3743019991143,
        135.15172914017077,
        120.59760071510492,
        116.23467077210893,
        107.82894560348156,
        108.82322497700535,
        99.05719641752022,
        87.67564569517623,
        83.66477638067201,
        74.58831086269645,
        67.96673317842705,
        73.78750326467114,
        63.1870776331702,
        63.24445955143418,
        55.359920412995095,
        51.97914274348769,
        52.40486659560093,
        58.10952705560729,
        47.053044696186866,
        44.7587284709132,
        43.43375858040743,
        43.7733957601148,
        36.170506410820536,
        35.461099580276844,
        33.060825569685115,
        29.72256491905035,
        29.384192134058754,
        30.27575297688329,
        29.148204714752907,
        26.617757353671763,
        24.46569411699162,
        23.73577521568121,
        23.138603387876998,
        20.000582517579545,
        19.275966089825296,
        18.547921801722328,
        18.584716042806935,
        18.943322226058605,
        18.229275481645452,
        17.681031737216685,
        17.03697958657908,
        16.8885952483776,
        17.576339677322743,
        17.46018274440322,
        17.07257652282715,
        16.242748504461243,
        16.0967905576839,
        16.249342740968217,
        16.434946415036222,
        15.116464104763297,
        14.497794617054074,
        15.566922010377397,
        14.780022088871446,
        14.723758253940316,
        14.544134871904241,
        14.417248459749443,
        13.940230857494265,
        14.122810430304948,
        14.157886638197787,
        13.963969851649084,
        13.496964942577273,
        13.092595300009084,
        12.72489286023517,
        12.47800458863724,
        12.336859614350075,
        12.628065863320995,
        11.588831835014876,
        12.071450011674749,
        11.688842174618744,
        11.45462184728578,
        11.657632428546284,
        11.063706531081088,
        10.59606279328812,
        10.855210659115814,
        10.438037561815838,
        10.22515810367673,
        9.973048908765925,
        10.205295806707339,
        9.63589903365734
    ],
    "accuracy": [
        0.2113970588235294,
        0.31838235294117645,
        0.3466911764705882,
        0.3849264705882353,
        0.41801470588235295,
        0.4264705882352941,
        0.4294117647058823,
        0.46433823529411766,
        0.4632352941176471,
        0.4860294117647059,
        0.5058823529411764,
        0.524264705882353,
        0.5055147058823529,
        0.5055147058823529,
        0.5044117647058823,
        0.5481617647058824,
        0.5430147058823529,
        0.5613970588235294,
        0.5669117647058823,
        0.5477941176470589,
        0.5643382352941176,
        0.5764705882352941,
        0.5628676470588235,
        0.5672794117647059,
        0.5882352941176471,
        0.5797794117647059,
        0.5713235294117647,
        0.5738970588235294,
        0.5911764705882353,
        0.6003676470588235,
        0.5955882352941176,
        0.6176470588235294,
        0.5908088235294118,
        0.6091911764705882,
        0.6011029411764706,
        0.6147058823529412,
        0.6176470588235294,
        0.61875,
        0.5915441176470588,
        0.6202205882352941,
        0.6257352941176471,
        0.6165441176470589,
        0.6220588235294118,
        0.6375,
        0.6154411764705883,
        0.6349264705882353,
        0.6522058823529412,
        0.6371323529411764,
        0.6198529411764706,
        0.6205882352941177,
        0.6147058823529412,
        0.6316176470588235,
        0.6272058823529412,
        0.6198529411764706,
        0.6529411764705882,
        0.6753676470588236,
        0.6650735294117647,
        0.6709558823529411,
        0.6477941176470589,
        0.65625,
        0.6764705882352942,
        0.6783088235294118,
        0.6735294117647059,
        0.6595588235294118,
        0.6566176470588235,
        0.6691176470588235,
        0.6727941176470589,
        0.6724264705882353,
        0.6569852941176471,
        0.6566176470588235,
        0.6676470588235294,
        0.6705882352941176,
        0.65625,
        0.6577205882352941,
        0.6735294117647059,
        0.6661764705882353,
        0.6606617647058823,
        0.6665441176470588,
        0.65625,
        0.6463235294117647,
        0.6507352941176471,
        0.6702205882352941,
        0.6672794117647058,
        0.6672794117647058,
        0.6735294117647059,
        0.6661764705882353,
        0.65,
        0.6713235294117647,
        0.6569852941176471,
        0.6518382352941177,
        0.6639705882352941,
        0.6518382352941177,
        0.6665441176470588,
        0.6702205882352941,
        0.6628676470588235,
        0.6636029411764706,
        0.6610294117647059,
        0.6698529411764705,
        0.6533088235294118,
        0.6628676470588235
    ],