{
    "model": [
        "CkTIM"
    ],
    "epoch": [],
    "loss": [
        2.281940133062703
    ],
    "accuracy": [
        0.7232142857142857
    ],
    "recall": [
        0.7232142857142857
    ],
    "precision": [
        0.7341164855096743
    ],
    "f1_score": [
        0.7189314925286734
    ],
    "inference_time_one_sample": [
        0.143
    ],
    "inference_time_tot": [
        15.981
    ],
    "trainable_parameters": [
        1380834
    ]
}