{
    "model": [
        "CkkTIM"
    ],
    "epoch": [
        0,
        1,
        2,
        3,
        4,
        5,
        6,
        7,
        8,
        9,
        10,
        11,
        12,
        13,
        14,
        15,
        16,
        17,
        18,
        19,
        20,
        21,
        22,
        23,
        24,
        25,
        26,
        27,
        28,
        29,
        30,
        31,
        32,
        33,
        34,
        35,
        36,
        37,
        38,
        39,
        40,
        41,
        42,
        43,
        44,
        45,
        46,
        47,
        48,
        49,
        50,
        51,
        52,
        53,
        54,
        55,
        56,
        57,
        58,
        59,
        60,
        61,
        62,
        63,
        64,
        65,
        66,
        67,
        68,
        69,
        70,
        71,
        72,
        73,
        74,
        75,
        76,
        77,
        78,
        79,
        80,
        81,
        82,
        83,
        84,
        85,
        86,
        87,
        88,
        89,
        90,
        91,
        92,
        93,
        94,
        95,
        96,
        97,
        98,
        99
    ],
    "loss": [
        323.9032527378627,
        97.07340458461216,
        34.25061879839216,
        30.175289154052734,
        29.030826568603516,
        31.27264622279576,
        24.05939974103655,
        13.26994800567627,
        10.928623676300049,
        9.31285640171596,
        8.100725787026542,
        8.019521985735212,
        7.859072140284947,
        6.841827937534878,
        7.2504618508475165,
        6.450075081416538,
        6.738197531018939,
        6.020847661154611,
        6.159071104867118,
        6.378893239157541,
        5.327873911176409,
        5.468875816890171,
        5.358711923871722,
        5.272503648485456,
        5.652952875409808,
        5.375355311802456,
        5.113834312983921,
        5.0813486235482355,
        4.840599400656564,
        5.184031963348389,
        5.002650124686105,
        4.885649476732526,
        4.7384804998125345,
        4.971798011234829,
        4.311180182865688,
        4.3782099315098355,
        4.922510147094727,
        4.134610278265817,
        5.054540429796491,
        4.26655684198652,
        4.570859602519444,
        4.213926383427212,
        4.093086617333548,
        4.461459057671683,
        3.917687143598284,
        3.7913633414677212,
        3.7609143938337053,
        3.5423613616398404,
        4.091175624302456,
        4.190400089536395,
        3.86175605228969,
        3.7026871613093784,
        3.5566225733075822,
        3.592313153403146,
        3.514087745121547,
        3.494978598185948,
        3.8415798119136264,
        3.7381746087755476,
        3.557218142918178,
        3.6295081887926375,
        3.8281263964516774,
        3.5551764965057373,
        3.6653804438454762,
        3.4675662517547607,
        3.702758346285139,
        3.587803602218628,
        3.858463627951486,
        3.7269046987806047,
        3.4233778544834683,
        3.5838377816336497,
        3.3731698989868164,
        3.659748145512172,
        3.6864099161965505,
        3.4471705981663296,
        3.584604127066476,
        3.576894589832851,
        3.6290015152522495,
        3.6457419054848805,
        3.5128214018685475,
        3.73829824583871,
        3.548497302191598,
        3.806847333908081,
        3.6773856367383684,
        3.6399076325552806,
        3.5744379247937883,
        3.2170161179133823,
        3.371926477977208,
        3.562212807791574,
        3.5486670902797153,
        3.713542631694249,
        3.7748636518205916,
        3.554727690560477,
        3.3027941158839633,
        3.729017291750227,
        3.728189161845616,
        3.9020818982805525,
        3.7711325713566373,
        3.928879771913801,
        3.6057290690285817,
        3.679931572505406
    ],
    "accuracy": [
        0.15024630541871922,
        0.2315270935960591,
        0.3251231527093596,
        0.3817733990147783,
        0.3916256157635468,
        0.37438423645320196,
        0.41133004926108374,
        0.5738916256157636,
        0.5886699507389163,
        0.6280788177339901,
        0.6379310344827587,
        0.6280788177339901,
        0.6576354679802956,
        0.6773399014778325,
        0.687192118226601,
        0.6798029556650246,
        0.6798029556650246,
        0.6921182266009852,
        0.7044334975369458,
        0.6674876847290641,
        0.7068965517241379,
        0.7019704433497537,
        0.6970443349753694,
        0.6970443349753694,
        0.6896551724137931,
        0.7142857142857143,
        0.6822660098522167,
        0.7044334975369458,
        0.7093596059113301,
        0.687192118226601,
        0.7167487684729064,
        0.7019704433497537,
        0.687192118226601,
        0.6773399014778325,
        0.7118226600985221,
        0.729064039408867,
        0.6724137931034483,
        0.7093596059113301,
        0.7192118226600985,
        0.7315270935960592,
        0.6970443349753694,
        0.7167487684729064,
        0.7241379310344828,
        0.7339901477832512,
        0.7635467980295566,
        0.7586206896551724,
        0.7536945812807881,
        0.7660098522167488,
        0.7167487684729064,
        0.7315270935960592,
        0.7487684729064039,
        0.729064039408867,
        0.7512315270935961,
        0.7389162561576355,
        0.7512315270935961,
        0.7635467980295566,
        0.7019704433497537,
        0.7241379310344828,
        0.7536945812807881,
        0.7315270935960592,
        0.7068965517241379,
        0.7512315270935961,
        0.7339901477832512,
        0.7832512315270936,
        0.7339901477832512,
        0.7463054187192119,
        0.7389162561576355,
        0.7167487684729064,
        0.770935960591133,
        0.7266009852216748,
        0.7389162561576355,
        0.7413793103448276,
        0.7241379310344828,
        0.7512315270935961,
        0.7389162561576355,
        0.7586206896551724,
        0.7463054187192119,
        0.7463054187192119,
        0.7536945812807881,
        0.7339901477832512,
        0.7339901477832512,
        0.7389162561576355,
        0.7315270935960592,
        0.7241379310344828,
        0.7364532019704434,
        0.7684729064039408,
        0.7512315270935961,
        0.7487684729064039,
        0.7512315270935961,
        0.7635467980295566,
        0.7216748768472906,
        0.7586206896551724,
        0.7610837438423645,
        0.7216748768472906,
        0.7413793103448276,
        0.6995073891625616,
        0.7167487684729064,
        0.729064039408867,
        0.7315270935960592,
        0.7536945812807881
    ],