{
    "model": [
        "ckTIM"
    ],
    "epoch": [],
    "loss": [
        12102.50830078125
    ],
    "accuracy": [
        0.125
    ],
    "recall": [
        0.125
    ],
    "precision": [
        0.03436041083099907
    ],
    "f1_score": [
        0.05105095227130686
    ]
}