{
    "model": [
        "ckTIM"
    ],
    "epoch": [
        0,
        1,
        2,
        3,
        4,
        5,
        6,
        7,
        8,
        9,
        10,
        11,
        12,
        13,
        14,
        15,
        16,
        17,
        18,
        19,
        20,
        21,
        22,
        23,
        24,
        25,
        26,
        27,
        28,
        29,
        30,
        31,
        32,
        33,
        34,
        35,
        36,
        37,
        38,
        39,
        40,
        41,
        42,
        43,
        44,
        45,
        46,
        47,
        48,
        49,
        50,
        51,
        52,
        53,
        54,
        55,
        56,
        57,
        58,
        59,
        60,
        61,
        62,
        63,
        64,
        65,
        66,
        67,
        68,
        69,
        70,
        71,
        72,
        73,
        74,
        75,
        76,
        77,
        78,
        79,
        80,
        81,
        82,
        83,
        84,
        85,
        86,
        87,
        88,
        89,
        90,
        91,
        92,
        93,
        94,
        95,
        96,
        97,
        98,
        99
    ],
    "loss": [
        6931.5112711588545,
        2332.4110310872397,
        1428.3218722873264,
        1010.6994967990452,
        1032.7009989420574,
        1316.7293056911892,
        1065.4097391764324,
        1233.3889973958333,
        1028.5841437445747,
        730.0499521891276,
        546.1298065185547,
        460.968507554796,
        455.80142550998266,
        478.6247372097439,
        443.5484737820095,
        491.4340294731988,
        470.57200622558594,
        428.6612735324436,
        398.31971740722656,
        401.6571333143446,
        365.9693823920356,
        415.5438537597656,
        389.64609781901044,
        338.0319188435872,
        357.8548855251736,
        382.0688518948025,
        319.78942532009546,
        355.5656517876519,
        384.131962246365,
        343.29316880967883,
        367.879148695204,
        367.0362192789714,
        358.22729237874347,
        347.8293914794922,
        367.4661382039388,
        319.6734839545356,
        355.10782538519965,
        359.97378794352215,
        330.6170671251085,
        337.5748799641927,
        350.9053955078125,
        366.10887908935547,
        296.4747534857856,
        350.00814141167535,
        308.86387719048395,
        345.4191258748372,
        352.5193693372938,
        350.57112291124133,
        336.01635487874347,
        300.05575391981336,
        353.6101243760851,
        312.37388695610895,
        349.1675084431966,
        335.9921129014757,
        327.04090287950305,
        323.84500291612414,
        307.67628902859155,
        326.81335788302954,
        302.4462153116862,
        333.25174797905817,
        301.22374725341797,
        338.50011444091797,
        296.10509321424695,
        311.80738745795355,
        286.83881039089624,
        336.2176962958442,
        332.21424441867407,
        318.11367373996313,
        338.02755567762586,
        284.4367633395725,
        295.13753594292535,
        328.87210676405164,
        317.15977562798395,
        334.99963717990454,
        298.7121751573351,
        331.09950680202905,
        298.5595872667101,
        301.053716023763,
        320.3036354912652,
        302.9103588528103,
        324.01709916856555,
        297.68548668755426,
        295.2175750732422,
        291.37869347466363,
        287.2647425333659,
        293.28040483262805,
        329.64228990342883,
        309.0159564548069,
        307.40246242947046,
        279.94010077582465,
        288.0933142768012,
        326.65389166937933,
        298.5433603922526,
        327.16604953342016,
        321.3031522962782,
        309.8759808010525,
        308.92359670003253,
        309.5777994791667,
        284.205076429579,
        307.53538682725696
    ],
    "accuracy": [
        0.22319859402460457,
        0.3022847100175747,
        0.3602811950790861,
        0.4244288224956063,
        0.3954305799648506,
        0.3954305799648506,
        0.4182776801405975,
        0.421792618629174,
        0.43409490333919154,
        0.4938488576449912,
        0.5228471001757469,
        0.5597539543057997,
        0.5887521968365553,
        0.5606326889279437,
        0.5720562390158173,
        0.5492091388400703,
        0.5430579964850615,
        0.5869947275922671,
        0.5984182776801406,
        0.5869947275922671,
        0.6133567662565905,
        0.5676625659050967,
        0.5931458699472759,
        0.6045694200351494,
        0.6309314586994728,
        0.6063268892794376,
        0.6159929701230229,
        0.6063268892794376,
        0.5957820738137083,
        0.6177504393673111,
        0.6107205623901582,
        0.5966608084358523,
        0.6054481546572935,
        0.6019332161687171,
        0.5931458699472759,
        0.6300527240773286,
        0.5755711775043937,
        0.5887521968365553,
        0.6195079086115993,
        0.6195079086115993,
        0.5878734622144113,
        0.5878734622144113,
        0.6423550087873462,
        0.6072056239015817,
        0.6379613356766256,
        0.6124780316344464,
        0.6001757469244289,
        0.5650263620386643,
        0.6072056239015817,
        0.6212653778558875,
        0.5966608084358523,
        0.6291739894551845,
        0.5887521968365553,
        0.6036906854130053,
        0.6186291739894552,
        0.6203866432337434,
        0.6379613356766256,
        0.6072056239015817,
        0.6432337434094904,
        0.6036906854130053,
        0.6282952548330404,
        0.6036906854130053,
        0.6458699472759226,
        0.6054481546572935,
        0.6379613356766256,
        0.6115992970123023,
        0.6036906854130053,
        0.624780316344464,
        0.6010544815465729,
        0.6493848857644992,
        0.6388400702987698,
        0.6028119507908611,
        0.6282952548330404,
        0.6019332161687171,
        0.6546572934973638,
        0.6001757469244289,
        0.6291739894551845,
        0.6502636203866432,
        0.6203866432337434,
        0.6353251318101933,
        0.6309314586994728,
        0.6291739894551845,
        0.6388400702987698,
        0.624780316344464,
        0.6388400702987698,
        0.6379613356766256,
        0.5808435852372583,
        0.6010544815465729,
        0.6282952548330404,
        0.6528998242530756,
        0.6449912126537786,
        0.6080843585237259,
        0.6353251318101933,
        0.6142355008787346,
        0.5887521968365553,
        0.6239015817223199,
        0.6335676625659051,
        0.6239015817223199,
        0.648506151142355,
        0.6370826010544816
    ],