{
    "model": [
        "ckTIM"
    ],
    "epoch": [
        0,
        1,
        2,
        3,
        4,
        5,
        6,
        7,
        8,
        9,
        10,
        11,
        12,
        13,
        14,
        15,
        16,
        17,
        18,
        19,
        20,
        21,
        22,
        23,
        24,
        25,
        26,
        27,
        28,
        29,
        30,
        31,
        32,
        33,
        34,
        35,
        36,
        37,
        38,
        39,
        40,
        41,
        42,
        43,
        44,
        45,
        46,
        47,
        48,
        49,
        50,
        51,
        52,
        53,
        54,
        55,
        56,
        57,
        58,
        59,
        60,
        61,
        62,
        63,
        64,
        65,
        66,
        67,
        68,
        69,
        70,
        71,
        72,
        73,
        74,
        75,
        76,
        77,
        78,
        79,
        80,
        81,
        82,
        83,
        84,
        85,
        86,
        87,
        88,
        89,
        90,
        91,
        92,
        93,
        94,
        95,
        96,
        97,
        98,
        99
    ],
    "loss": [
        4058.535400390625,
        2611.1827566964284,
        1604.600341796875,
        1614.5562831333705,
        1379.830365862165,
        1211.2262224469866,
        1399.4330444335938,
        1700.6151297433037,
        1293.3211844308037,
        1117.0473807198662,
        1559.6117553710938,
        990.4730224609375,
        1424.5406145368304,
        921.0056588309152,
        736.8908342633929,
        626.7625558035714,
        703.2381068638393,
        691.3745945521763,
        566.2871704101562,
        770.3338928222656,
        708.7747671944754,
        551.5099094935825,
        556.4268319266183,
        501.1547589983259,
        659.2091718401227,
        527.2980128696987,
        471.5379943847656,
        455.68685477120533,
        381.3942304338728,
        446.207266671317,
        375.3866424560547,
        472.8087942940848,
        344.4202226911272,
        391.7298104422433,
        348.8600333077567,
        360.4473440987723,
        367.7161974225725,
        354.82838657924106,
        342.3214874267578,
        319.5277317592076,
        331.0409022739955,
        409.24335806710377,
        347.33829607282365,
        334.20596967424666,
        461.8040204729353,
        465.07552664620533,
        364.03184291294644,
        348.63036673409596,
        269.19482421875,
        316.2783987862723,
        318.02582005092074,
        250.08258710588728,
        374.5321502685547,
        301.78993007114957,
        356.7612566266741,
        313.36700221470426,
        332.03965541294644,
        316.8422589983259,
        400.6704319545201,
        236.44368634905135,
        391.13830130440846,
        316.2958679199219,
        312.98683166503906,
        309.092762538365,
        312.8033774239676,
        345.2669198172433,
        307.8686305454799,
        271.3018253871373,
        376.5668029785156,
        344.29368591308594,
        286.3357587541853,
        292.82434517996654,
        285.1716068812779,
        321.29974365234375,
        273.5691811697824,
        279.33121381487166,
        296.0078321184431,
        311.17075892857144,
        325.98194667271207,
        426.91258457728793,
        295.3232988630022,
        308.6846923828125,
        265.84043666294644,
        275.9967128208705,
        314.1860613141741,
        350.7943028041295,
        418.0962393624442,
        317.36724853515625,
        357.3316672188895,
        332.366943359375,
        327.9493168422154,
        260.5154811314174,
        346.05674743652344,
        365.4016680036272,
        253.8806893484933,
        308.35177176339283,
        311.02652413504467,
        294.8342960902623,
        354.89803641183033,
        283.2704293387277
    ],
    "accuracy": [
        0.15763546798029557,
        0.1921182266009852,
        0.22660098522167488,
        0.24630541871921183,
        0.2413793103448276,
        0.28078817733990147,
        0.25862068965517243,
        0.28078817733990147,
        0.29802955665024633,
        0.3374384236453202,
        0.29802955665024633,
        0.3448275862068966,
        0.3103448275862069,
        0.39901477832512317,
        0.39408866995073893,
        0.4482758620689655,
        0.4039408866995074,
        0.4039408866995074,
        0.41379310344827586,
        0.3817733990147783,
        0.43842364532019706,
        0.4014778325123153,
        0.458128078817734,
        0.4876847290640394,
        0.4236453201970443,
        0.41625615763546797,
        0.4827586206896552,
        0.49014778325123154,
        0.5221674876847291,
        0.4605911330049261,
        0.5270935960591133,
        0.4827586206896552,
        0.5320197044334976,
        0.47783251231527096,
        0.5394088669950738,
        0.5270935960591133,
        0.49507389162561577,
        0.5024630541871922,
        0.5024630541871922,
        0.5443349753694581,
        0.4802955665024631,
        0.49507389162561577,
        0.5443349753694581,
        0.5147783251231527,
        0.49014778325123154,
        0.458128078817734,
        0.5147783251231527,
        0.4753694581280788,
        0.5935960591133005,
        0.5344827586206896,
        0.5443349753694581,
        0.5960591133004927,
        0.5,
        0.5123152709359606,
        0.4876847290640394,
        0.5295566502463054,
        0.49261083743842365,
        0.5443349753694581,
        0.47783251231527096,
        0.6108374384236454,
        0.45566502463054187,
        0.5615763546798029,
        0.5541871921182266,
        0.5197044334975369,
        0.5467980295566502,
        0.541871921182266,
        0.5492610837438424,
        0.5714285714285714,
        0.5270935960591133,
        0.5344827586206896,
        0.5270935960591133,
        0.5665024630541872,
        0.5295566502463054,
        0.4975369458128079,
        0.5541871921182266,
        0.5492610837438424,
        0.5862068965517241,
        0.5,
        0.541871921182266,
        0.4802955665024631,
        0.5517241379310345,
        0.5517241379310345,
        0.5566502463054187,
        0.5788177339901478,
        0.5344827586206896,
        0.5024630541871922,
        0.45320197044334976,
        0.5270935960591133,
        0.4802955665024631,
        0.5566502463054187,
        0.5295566502463054,
        0.5665024630541872,
        0.49507389162561577,
        0.4975369458128079,
        0.5591133004926109,
        0.5763546798029556,
        0.5886699507389163,
        0.5344827586206896,
        0.5517241379310345,
        0.5270935960591133
    ],