{
    "model": [
        "TIM"
    ],
    "epoch": [],
    "loss": [
        0.8616488949212778
    ],
    "accuracy": [
        0.7410714285714286
    ],
    "recall": [
        0.7410714285714286
    ],
    "precision": [
        0.7568564267812388
    ],
    "f1_score": [
        0.7438357383057844
    ],
    "inference_time_one_sample": [
        0.005
    ],
    "inference_time_tot": [
        0.543
    ],
    "trainable_parameters": [
        41311
    ]
}