{
    "model": [
        "TIM"
    ],
    "epoch": [
        0,
        1,
        2,
        3,
        4,
        5,
        6,
        7,
        8,
        9,
        10,
        11,
        12,
        13,
        14,
        15,
        16,
        17,
        18,
        19,
        20,
        21,
        22,
        23,
        24,
        25,
        26,
        27,
        28,
        29,
        30,
        31,
        32,
        33,
        34,
        35,
        36,
        37,
        38,
        39,
        40,
        41,
        42,
        43,
        44,
        45,
        46,
        47,
        48,
        49,
        50,
        51,
        52,
        53,
        54,
        55,
        56,
        57,
        58,
        59,
        60,
        61,
        62,
        63,
        64,
        65,
        66,
        67,
        68,
        69,
        70,
        71,
        72,
        73,
        74,
        75,
        76,
        77,
        78,
        79,
        80,
        81,
        82,
        83,
        84,
        85,
        86,
        87,
        88,
        89,
        90,
        91,
        92,
        93,
        94,
        95,
        96,
        97,
        98,
        99
    ],
    "loss": [
        17.678383554731095,
        7.895649433135986,
        3.5848889691489085,
        2.406900474003383,
        1.7560331991740636,
        1.5443997894014632,
        1.561995267868042,
        1.4356228964669364,
        1.4097140175955636,
        1.33609105859484,
        1.3459957497460502,
        1.3326026030949183,
        1.2982852288654871,
        1.3062300341469901,
        1.2687376056398665,
        1.2250206470489502,
        1.1893233571733748,
        1.1921758140836443,
        1.20019907610757,
        1.1650334766932897,
        1.142357383455549,
        1.122340875012534,
        1.1228568383625575,
        1.1164986746651786,
        1.103923695428031,
        1.1208709137780326,
        1.0796911716461182,
        1.1025315352848597,
        1.080947756767273,
        1.0742864779063634,
        1.0696886948176794,
        1.0768777642931258,
        1.059663142476763,
        1.0546721134866988,
        1.081288422857012,
        1.0570612124034338,
        1.0264767067773002,
        1.025721720286778,
        1.054712108203343,
        1.0495922224862235,
        1.0425467576299394,
        1.0415533185005188,
        1.0408216629709517,
        1.058065618787493,
        1.0490477255412511,
        1.0328514746257238,
        1.0618194682257516,
        1.0318453226770674,
        1.017458370753697,
        1.0387449264526367,
        1.0345094203948975,
        1.0345336369105749,
        1.0356962510517664,
        1.0584096823419844,
        1.0357620545795985,
        1.0184563994407654,
        1.0487241319247655,
        1.0342003277369909,
        1.0192637613841466,
        1.040622285434178,
        1.0465730769293649,
        1.0145489573478699,
        1.0367127997534615,
        1.0211452160562788,
        1.0189532041549683,
        1.0218197703361511,
        1.0234381726809911,
        1.0463496787207467,
        1.0308104498045785,
        1.0274003829274858,
        1.0354232702936446,
        1.0675336803708757,
        1.031220359461648,
        1.0435191818646021,
        1.0331151826041085,
        1.0425566520009721,
        1.0173923117773873,
        1.020543566771916,
        1.0362629379544939,
        1.0411873715264457,
        1.0357229539326258,
        1.0262922048568726,
        1.0395115528787886,
        1.0478627511433192,
        1.05349429164614,
        1.029348714011056,
        1.024894314152854,
        1.0195628489766801,
        1.0248240232467651,
        1.0357542974608285,
        1.0771300792694092,
        1.0345867020743233,
        1.0573787604059492,
        1.0556279080254691,
        1.0412328583853585,
        1.0293228455952235,
        1.015563692365374,
        1.0327258961541312,
        1.0307566608701433,
        1.0241748520306178
    ],
    "accuracy": [
        0.1724137931034483,
        0.19950738916256158,
        0.229064039408867,
        0.34236453201970446,
        0.4014778325123153,
        0.43842364532019706,
        0.49014778325123154,
        0.47783251231527096,
        0.5862068965517241,
        0.6059113300492611,
        0.583743842364532,
        0.5738916256157636,
        0.5985221674876847,
        0.5886699507389163,
        0.6231527093596059,
        0.6428571428571429,
        0.6576354679802956,
        0.6650246305418719,
        0.645320197044335,
        0.687192118226601,
        0.6921182266009852,
        0.7044334975369458,
        0.7044334975369458,
        0.7192118226600985,
        0.7266009852216748,
        0.7142857142857143,
        0.729064039408867,
        0.7512315270935961,
        0.7413793103448276,
        0.7413793103448276,
        0.7512315270935961,
        0.7660098522167488,
        0.7635467980295566,
        0.7438423645320197,
        0.7339901477832512,
        0.7536945812807881,
        0.7438423645320197,
        0.7512315270935961,
        0.7684729064039408,
        0.7684729064039408,
        0.7906403940886699,
        0.7906403940886699,
        0.7438423645320197,
        0.7610837438423645,
        0.7586206896551724,
        0.7610837438423645,
        0.7389162561576355,
        0.7561576354679803,
        0.7610837438423645,
        0.7660098522167488,
        0.7586206896551724,
        0.770935960591133,
        0.770935960591133,
        0.7635467980295566,
        0.7684729064039408,
        0.7733990147783252,
        0.7758620689655172,
        0.7610837438423645,
        0.7783251231527094,
        0.7758620689655172,
        0.7635467980295566,
        0.7783251231527094,
        0.7807881773399015,
        0.7586206896551724,
        0.7536945812807881,
        0.7783251231527094,
        0.7684729064039408,
        0.7463054187192119,
        0.7635467980295566,
        0.7586206896551724,
        0.7586206896551724,
        0.7413793103448276,
        0.770935960591133,
        0.7733990147783252,
        0.7660098522167488,
        0.7438423645320197,
        0.7536945812807881,
        0.7684729064039408,
        0.7635467980295566,
        0.7561576354679803,
        0.770935960591133,
        0.7413793103448276,
        0.7733990147783252,
        0.7610837438423645,
        0.7610837438423645,
        0.7758620689655172,
        0.7610837438423645,
        0.7610837438423645,
        0.7758620689655172,
        0.770935960591133,
        0.7487684729064039,
        0.7684729064039408,
        0.7315270935960592,
        0.7339901477832512,
        0.7487684729064039,
        0.770935960591133,
        0.7881773399014779,
        0.7512315270935961,
        0.7733990147783252,
        0.7881773399014779
    ],