{
    "model": [
        "CkTIM"
    ],
    "epoch": [
        0,
        1,
        2,
        3,
        4,
        5,
        6,
        7,
        8,
        9,
        10,
        11,
        12,
        13,
        14,
        15,
        16,
        17,
        18,
        19,
        20,
        21,
        22,
        23,
        24,
        25,
        26,
        27,
        28,
        29,
        30,
        31,
        32,
        33,
        34,
        35,
        36,
        37,
        38,
        39,
        40,
        41,
        42,
        43,
        44,
        45,
        46,
        47,
        48,
        49,
        50,
        51,
        52,
        53,
        54,
        55,
        56,
        57,
        58,
        59,
        60,
        61,
        62,
        63,
        64,
        65,
        66,
        67,
        68,
        69,
        70,
        71,
        72,
        73,
        74,
        75,
        76,
        77,
        78,
        79,
        80,
        81,
        82,
        83,
        84,
        85,
        86,
        87,
        88,
        89,
        90,
        91,
        92,
        93,
        94,
        95,
        96,
        97,
        98,
        99
    ],
    "loss": [
        6394.279924665178,
        3115.214372907366,
        1856.8958914620537,
        1416.0079345703125,
        713.1426958356585,
        412.9078565325056,
        327.5064958844866,
        223.0885729108538,
        184.24822780064173,
        148.21803174700057,
        103.25634002685547,
        93.13171713692802,
        103.05354527064732,
        87.5856819152832,
        63.16332517351423,
        62.40624400547573,
        56.49972643171038,
        53.97246333530971,
        46.631883348737446,
        45.07980237688337,
        39.83587319510324,
        40.556605202811106,
        43.24306270054409,
        36.41195624215262,
        33.33965737479074,
        36.934957776750835,
        33.33917345319475,
        37.80305426461356,
        32.72709328787668,
        29.547369820731028,
        29.286718368530273,
        25.175925391060964,
        28.41335187639509,
        26.282105445861816,
        28.152007511683873,
        24.99967466081892,
        27.863321576799667,
        24.820556368146622,
        27.848582404000418,
        27.494055339268275,
        27.276997429983957,
        24.785488401140487,
        25.8597834450858,
        22.785143988473074,
        24.70254625592913,
        21.20848900931222,
        21.684397288731166,
        25.239094597952707,
        25.367082868303573,
        24.562380381992885,
        22.342941556658065,
        22.274309158325195,
        24.445371627807617,
        23.079403196062362,
        25.607878821236746,
        27.890059062412806,
        24.027640887669154,
        24.174116952078684,
        24.237810952322825,
        22.378745760236466,
        24.481148856026785,
        22.877601078578405,
        22.941008704049246,
        23.151669093540736,
        23.187609808785574,
        23.14198957170759,
        20.690186500549316,
        22.83942195347377,
        23.98699460710798,
        22.28332383292062,
        20.32677514212472,
        22.98147419520787,
        23.383913857596262,
        22.875483104160853,
        24.439054216657365,
        22.242798941476003,
        25.5168274470738,
        22.673181533813477,
        22.558973039899552,
        20.996115820748464,
        22.789050238473074,
        22.51625714983259,
        21.330836159842356,
        23.65635326930455,
        23.527544566563197,
        21.746325084141322,
        22.61717278616769,
        23.148456845964706,
        22.18352481297084,
        23.085553577968053,
        21.597035544259207,
        23.682098388671875,
        22.29896286555699,
        22.452601160321915,
        23.539177213396346,
        21.770950317382812,
        21.151189259120397,
        22.672830036708287,
        20.998230252947128,
        22.011538096836635
    ],
    "accuracy": [
        0.15270935960591134,
        0.15024630541871922,
        0.23399014778325122,
        0.19704433497536947,
        0.25862068965517243,
        0.312807881773399,
        0.30049261083743845,
        0.33251231527093594,
        0.35714285714285715,
        0.3522167487684729,
        0.4088669950738916,
        0.37192118226600984,
        0.41133004926108374,
        0.4014778325123153,
        0.4211822660098522,
        0.4039408866995074,
        0.3891625615763547,
        0.3916256157635468,
        0.3793103448275862,
        0.4088669950738916,
        0.4236453201970443,
        0.4211822660098522,
        0.37438423645320196,
        0.4088669950738916,
        0.4482758620689655,
        0.4187192118226601,
        0.39655172413793105,
        0.45320197044334976,
        0.41379310344827586,
        0.3916256157635468,
        0.4458128078817734,
        0.45073891625615764,
        0.458128078817734,
        0.46798029556650245,
        0.45073891625615764,
        0.47044334975369456,
        0.43349753694581283,
        0.4753694581280788,
        0.45320197044334976,
        0.42857142857142855,
        0.42857142857142855,
        0.4827586206896552,
        0.4753694581280788,
        0.4827586206896552,
        0.4827586206896552,
        0.49261083743842365,
        0.49014778325123154,
        0.5073891625615764,
        0.42857142857142855,
        0.45566502463054187,
        0.4876847290640394,
        0.46551724137931033,
        0.46551724137931033,
        0.4482758620689655,
        0.42610837438423643,
        0.43349753694581283,
        0.46798029556650245,
        0.5073891625615764,
        0.43349753694581283,
        0.4753694581280788,
        0.45566502463054187,
        0.4753694581280788,
        0.47044334975369456,
        0.49014778325123154,
        0.5098522167487685,
        0.4827586206896552,
        0.49507389162561577,
        0.4630541871921182,
        0.49014778325123154,
        0.47044334975369456,
        0.4753694581280788,
        0.4827586206896552,
        0.46551724137931033,
        0.46798029556650245,
        0.45566502463054187,
        0.47044334975369456,
        0.458128078817734,
        0.4753694581280788,
        0.4630541871921182,
        0.5024630541871922,
        0.43596059113300495,
        0.46551724137931033,
        0.4827586206896552,
        0.4802955665024631,
        0.4876847290640394,
        0.5246305418719212,
        0.4876847290640394,
        0.4827586206896552,
        0.47044334975369456,
        0.4753694581280788,
        0.5024630541871922,
        0.45566502463054187,
        0.458128078817734,
        0.5024630541871922,
        0.47044334975369456,
        0.4729064039408867,
        0.4729064039408867,
        0.4630541871921182,
        0.5049261083743842,
        0.4433497536945813
    ],