{
    "model": [
        "TIM"
    ],
    "epoch": [
        0,
        1,
        2,
        3,
        4,
        5,
        6,
        7,
        8,
        9,
        10,
        11,
        12,
        13,
        14,
        15,
        16,
        17,
        18,
        19,
        20,
        21,
        22,
        23,
        24,
        25,
        26,
        27,
        28,
        29,
        30,
        31,
        32,
        33,
        34,
        35,
        36,
        37,
        38,
        39,
        40,
        41,
        42,
        43,
        44,
        45,
        46,
        47,
        48,
        49,
        50,
        51,
        52,
        53,
        54,
        55,
        56,
        57,
        58,
        59,
        60,
        61,
        62,
        63,
        64,
        65,
        66,
        67,
        68,
        69,
        70,
        71,
        72,
        73,
        74,
        75,
        76,
        77,
        78,
        79,
        80,
        81,
        82,
        83,
        84,
        85,
        86,
        87,
        88,
        89,
        90,
        91,
        92,
        93,
        94,
        95,
        96,
        97,
        98,
        99
    ],
    "loss": [
        5.674116320080227,
        2.405727061960432,
        1.8794868522220187,
        1.7547821932368808,
        1.6258698370721605,
        1.529750645160675,
        1.4404652979638841,
        1.4089005788167317,
        1.3715475002924602,
        1.3006899820433722,
        1.2766249974568684,
        1.2512973017162747,
        1.2498767508400812,
        1.214293724960751,
        1.1939924160639446,
        1.1906834642092388,
        1.1537027226554022,
        1.1038353972964816,
        1.0971021619107988,
        1.0970326595836215,
        1.0530630780590906,
        0.9930479360951318,
        1.009837783045239,
        0.968153778049681,
        1.0213125149408977,
        0.9796406527360281,
        1.0169821282227833,
        0.9885584976938036,
        0.9563051925765144,
        0.9527957969241672,
        0.9177647034327189,
        0.8961909810702006,
        0.8963968919383155,
        0.8948518534501394,
        0.8906107114420997,
        0.9036260942618052,
        0.8834483755959405,
        0.8877810604042478,
        0.8880894978841146,
        0.8821212947368622,
        0.8716225259833865,
        0.8362673421700796,
        0.8172125915686289,
        0.8164990411864387,
        0.8315635455979241,
        0.7985138462649451,
        0.8110185232427385,
        0.7920375863711039,
        0.7880295680628883,
        0.7854493293497298,
        0.7830137610435486,
        0.7640283869372474,
        0.7895301414860619,
        0.7854889962408278,
        0.758395274480184,
        0.7472056150436401,
        0.7485350734657712,
        0.7529889345169067,
        0.7526716788609823,
        0.7453294859992133,
        0.7501622074180179,
        0.7418891787528992,
        0.710729655292299,
        0.7099920378790961,
        0.7223068906201257,
        0.7177065279748704,
        0.7131011121802859,
        0.7277767923143175,
        0.6978719962967767,
        0.6944874657524956,
        0.678814152876536,
        0.671487851275338,
        0.6732344660494063,
        0.6637053456571367,
        0.6644200483957926,
        0.6711420383718278,
        0.6493404308954874,
        0.6578843096892039,
        0.6587825748655531,
        0.6626890003681183,
        0.6648605035410987,
        0.6595323085784912,
        0.6533704366948869,
        0.6521086427900527,
        0.6448152959346771,
        0.6450105408827463,
        0.6493896742661794,
        0.6546494430965848,
        0.6443289750152164,
        0.6448423663775126,
        0.644200023677614,
        0.6477826601929135,
        0.6581757432884641,
        0.6459443271160126,
        0.6305774648984274,
        0.6441053748130798,
        0.6409826709164513,
        0.6395034922493829,
        0.6402799487113953,
        0.6396554675367143
    ],
    "accuracy": [
        0.18892794376098418,
        0.29173989455184535,
        0.36906854130052724,
        0.3875219683655536,
        0.43321616871704743,
        0.47539543057996486,
        0.5175746924428822,
        0.5430579964850615,
        0.5606326889279437,
        0.5966608084358523,
        0.6010544815465729,
        0.6063268892794376,
        0.5905096660808435,
        0.6458699472759226,
        0.6652021089630932,
        0.6493848857644992,
        0.6757469244288224,
        0.695079086115993,
        0.710896309314587,
        0.7073813708260105,
        0.7407732864674869,
        0.773286467486819,
        0.7521968365553603,
        0.7978910369068541,
        0.7381370826010545,
        0.7803163444639719,
        0.7601054481546573,
        0.7697715289982425,
        0.7926186291739895,
        0.7873462214411248,
        0.812829525483304,
        0.820738137082601,
        0.8304042179261862,
        0.8260105448154658,
        0.8216168717047452,
        0.827768014059754,
        0.8374340949033392,
        0.8260105448154658,
        0.8268892794376098,
        0.835676625659051,
        0.8488576449912126,
        0.8690685413005272,
        0.8892794376098418,
        0.8778558875219684,
        0.8646748681898067,
        0.8857644991212654,
        0.8699472759226714,
        0.883128295254833,
        0.8892794376098418,
        0.8919156414762741,
        0.8892794376098418,
        0.9112478031634447,
        0.8822495606326889,
        0.8901581722319859,
        0.8980667838312829,
        0.9130052724077329,
        0.9103690685413005,
        0.9024604569420035,
        0.9007029876977153,
        0.9156414762741653,
        0.9024604569420035,
        0.9112478031634447,
        0.9349736379613357,
        0.9358523725834798,
        0.9288224956063269,
        0.9261862917398945,
        0.9367311072056239,
        0.929701230228471,
        0.9384885764499121,
        0.9490333919156415,
        0.9569420035149385,
        0.953427065026362,
        0.9472759226713533,
        0.9569420035149385,
        0.9578207381370826,
        0.9499121265377856,
        0.9630931458699473,
        0.9569420035149385,
        0.9648506151142355,
        0.9560632688927944,
        0.9560632688927944,
        0.9666080843585237,
        0.9657293497363796,
        0.9674868189806678,
        0.9710017574692443,
        0.9666080843585237,
        0.960456942003515,
        0.961335676625659,
        0.961335676625659,
        0.9648506151142355,
        0.9674868189806678,
        0.9674868189806678,
        0.9595782073813708,
        0.9666080843585237,
        0.9736379613356766,
        0.960456942003515,
        0.9666080843585237,
        0.9736379613356766,
        0.968365553602812,
        0.9692442882249561
    ],